,open,high,low,close,volume,datetime
0,63074.0,63094.01,62742.0,62840.73,768.12,2024-05-10 00:00:00
1,62840.72,62968.0,62662.07,62883.5,776.17,2024-05-10 01:00:00
2,62883.5,63043.29,62771.76,62910.61,605.45,2024-05-10 02:00:00
3,62910.62,62932.15,62793.94,62916.16,586.05,2024-05-10 03:00:00
4,62916.16,63008.0,62793.04,62929.99,607.57,2024-05-10 04:00:00
5,62930.0,62973.49,62660.42,62767.99,608.05,2024-05-10 05:00:00
6,62768.0,63236.96,62743.88,63166.0,828.4,2024-05-10 06:00:00
7,63166.0,63380.0,62990.44,63078.02,2785.46,2024-05-10 07:00:00
8,63078.01,63136.06,62839.67,63039.99,866.51,2024-05-10 08:00:00
9,63040.0,63214.63,62850.0,63126.98,690.98,2024-05-10 09:00:00
10,63126.97,63139.19,62860.0,63025.45,630.44,2024-05-10 10:00:00
11,63025.44,63320.0,62800.0,63299.63,984.57,2024-05-10 11:00:00
12,63299.63,63469.13,62939.0,63007.92,1387.46,2024-05-10 12:00:00
13,63007.91,63107.17,62812.26,63004.0,838.69,2024-05-10 13:00:00
14,63004.0,63090.33,60690.0,61063.87,7058.22,2024-05-10 14:00:00
15,61063.87,61326.01,60703.0,60928.02,4160.52,2024-05-10 15:00:00
16,60928.02,61294.82,60255.0,61071.54,3344.87,2024-05-10 16:00:00
17,61071.55,61071.55,60187.12,60383.72,2970.17,2024-05-10 17:00:00
18,60383.71,60788.0,60220.87,60717.07,1476.02,2024-05-10 18:00:00
19,60717.08,60922.29,60538.7,60716.97,1657.6,2024-05-10 19:00:00
20,60716.96,60977.17,60456.91,60516.92,1289.75,2024-05-10 20:00:00
21,60516.91,60777.7,60466.52,60710.0,602.33,2024-05-10 21:00:00
22,60709.99,60931.8,60610.0,60854.01,577.2,2024-05-10 22:00:00
23,60854.0,61003.0,60776.0,60799.99,428.75,2024-05-10 23:00:00
24,60799.99,60930.0,60650.0,60779.99,746.65,2024-05-11 00:00:00
25,60779.99,61096.27,60764.0,60876.69,783.97,2024-05-11 01:00:00
26,60876.7,60977.77,60753.54,60895.23,495.3,2024-05-11 02:00:00
27,60895.22,60918.86,60699.92,60731.9,337.27,2024-05-11 03:00:00
28,60731.89,60880.26,60712.0,60766.01,569.08,2024-05-11 04:00:00
29,60766.0,60939.18,60766.0,60922.0,446.69,2024-05-11 05:00:00
30,60921.99,61080.0,60900.94,60953.01,549.2,2024-05-11 06:00:00
31,60953.0,61018.53,60861.88,61018.52,393.52,2024-05-11 07:00:00
32,61018.53,61058.75,60780.0,60790.0,504.38,2024-05-11 08:00:00
33,60790.01,60904.43,60662.0,60904.43,1137.88,2024-05-11 09:00:00
34,60904.42,60904.43,60692.0,60745.99,321.65,2024-05-11 10:00:00
35,60745.99,60790.0,60487.09,60684.01,658.33,2024-05-11 11:00:00
36,60684.0,60818.14,60643.94,60710.01,421.01,2024-05-11 12:00:00
37,60710.01,60986.11,60666.88,60972.0,515.98,2024-05-11 13:00:00
38,60972.01,61000.01,60783.94,60840.01,435.96,2024-05-11 14:00:00
39,60840.01,61515.0,60840.0,61174.18,1610.22,2024-05-11 15:00:00
40,61174.18,61410.09,61091.84,61201.19,895.99,2024-05-11 16:00:00
41,61201.2,61257.99,61016.0,61099.05,467.76,2024-05-11 17:00:00
42,61099.04,61300.0,61016.0,61214.54,324.44,2024-05-11 18:00:00
43,61214.55,61217.0,61058.31,61144.0,270.27,2024-05-11 19:00:00
44,61144.01,61154.21,60784.39,61016.58,631.97,2024-05-11 20:00:00
45,61016.57,61016.58,60840.0,60919.55,241.44,2024-05-11 21:00:00
46,60919.55,60990.0,60899.26,60909.99,278.28,2024-05-11 22:00:00
47,60909.99,60986.41,60743.51,60825.99,337.32,2024-05-11 23:00:00
48,60825.99,61104.05,60804.0,60978.0,437.42,2024-05-12 00:00:00
49,60977.99,61080.0,60860.3,60867.99,319.13,2024-05-12 01:00:00
50,60868.0,60979.99,60833.99,60929.85,268.29,2024-05-12 02:00:00
51,60929.86,60970.0,60863.81,60930.0,241.96,2024-05-12 03:00:00
52,60930.01,61120.0,60919.33,61100.0,356.79,2024-05-12 04:00:00
53,61100.01,61100.01,60978.64,61050.01,206.39,2024-05-12 05:00:00
54,61050.01,61062.0,60945.04,60946.49,186.96,2024-05-12 06:00:00
55,60946.49,60996.0,60610.0,60820.0,664.15,2024-05-12 07:00:00
56,60819.99,61110.0,60790.94,61049.97,542.23,2024-05-12 08:00:00
57,61049.97,61083.32,60960.0,61000.0,428.1,2024-05-12 09:00:00
58,61000.01,61366.59,60950.0,61159.99,1003.15,2024-05-12 10:00:00
59,61159.99,61233.06,61110.0,61146.0,367.15,2024-05-12 11:00:00
60,61145.99,61236.25,61090.0,61155.75,385.0,2024-05-12 12:00:00
61,61155.75,61245.94,61097.89,61191.29,273.92,2024-05-12 13:00:00
62,61191.29,61313.82,61124.77,61168.82,438.57,2024-05-12 14:00:00
63,61168.83,61587.12,61146.01,61419.0,950.95,2024-05-12 15:00:00
64,61419.01,61888.0,61346.77,61346.77,1686.64,2024-05-12 16:00:00
65,61346.77,61685.5,61109.67,61616.3,1222.22,2024-05-12 17:00:00
66,61616.3,61652.7,61355.0,61373.94,465.5,2024-05-12 18:00:00
67,61373.95,61442.67,61209.59,61406.1,446.02,2024-05-12 19:00:00
68,61406.11,61432.0,61283.24,61284.03,301.47,2024-05-12 20:00:00
69,61284.03,61316.67,60910.58,61236.0,735.99,2024-05-12 21:00:00
70,61236.0,61420.0,61203.36,61326.0,389.41,2024-05-12 22:00:00
71,61326.0,61551.43,61280.0,61483.99,435.72,2024-05-12 23:00:00
72,61484.0,61812.0,61483.99,61512.89,628.32,2024-05-13 00:00:00
73,61512.9,61545.77,61168.86,61415.87,863.29,2024-05-13 01:00:00
74,61415.88,61500.0,60944.71,61044.26,1697.36,2024-05-13 02:00:00
75,61044.26,61220.79,60749.21,61170.0,2162.71,2024-05-13 03:00:00
76,61170.0,61170.01,60894.24,60976.96,859.54,2024-05-13 04:00:00
77,60976.96,61016.0,60802.0,60858.97,556.82,2024-05-13 05:00:00
78,60858.96,61560.0,60797.79,61504.1,1137.89,2024-05-13 06:00:00
79,61504.09,62450.0,61460.0,62334.37,2210.92,2024-05-13 07:00:00
80,62334.36,63080.0,62334.36,62767.18,4637.85,2024-05-13 08:00:00
81,62767.19,63295.48,62767.18,63060.6,1765.62,2024-05-13 09:00:00
82,63060.61,63087.11,62378.84,62674.7,1960.81,2024-05-13 10:00:00
83,62674.69,62770.94,62480.57,62738.0,849.04,2024-05-13 11:00:00
84,62737.99,62913.3,62399.35,62844.04,1946.16,2024-05-13 12:00:00
85,62844.03,63048.05,62600.79,62779.66,1400.97,2024-05-13 13:00:00
86,62779.66,63100.0,62729.12,62747.87,1221.94,2024-05-13 14:00:00
87,62747.88,63200.0,62703.42,63002.0,1273.83,2024-05-13 15:00:00
88,63002.0,63450.0,62917.55,63178.89,2043.5,2024-05-13 16:00:00
89,63178.89,63189.48,62610.0,62810.51,1332.46,2024-05-13 17:00:00
90,62810.51,62827.31,62566.36,62786.9,709.19,2024-05-13 18:00:00
91,62786.9,63188.76,62786.9,63172.69,1427.28,2024-05-13 19:00:00
92,63172.7,63193.59,62990.84,63091.89,528.06,2024-05-13 20:00:00
93,63091.88,63120.0,62840.0,62901.75,422.3,2024-05-13 21:00:00
94,62901.76,62952.2,62715.57,62770.0,605.26,2024-05-13 22:00:00
95,62770.0,62980.15,62716.13,62940.08,492.29,2024-05-13 23:00:00
96,62940.09,63118.36,62721.98,62815.03,964.39,2024-05-14 00:00:00
97,62815.02,63019.8,62577.99,62652.02,805.39,2024-05-14 01:00:00
98,62652.01,62711.06,62500.0,62541.99,1160.02,2024-05-14 02:00:00
99,62541.99,62696.42,62403.22,62488.46,1256.13,2024-05-14 03:00:00
100,62488.46,62669.48,62401.07,62550.22,678.87,2024-05-14 04:00:00
101,62550.22,62780.73,62487.18,62717.22,664.98,2024-05-14 05:00:00
102,62717.22,62717.22,61404.34,62042.0,3558.59,2024-05-14 06:00:00
103,62041.99,62116.8,61820.24,62035.39,1227.22,2024-05-14 07:00:00
104,62035.39,62045.8,61697.05,61861.0,1125.78,2024-05-14 08:00:00
105,61861.01,61954.9,61755.57,61797.85,451.1,2024-05-14 09:00:00
106,61797.84,61822.19,61520.89,61719.01,781.38,2024-05-14 10:00:00
107,61719.0,61895.83,61696.96,61798.57,620.09,2024-05-14 11:00:00
108,61798.57,62108.0,61151.0,61566.52,2759.73,2024-05-14 12:00:00
109,61566.53,62054.77,61452.16,61695.98,1274.04,2024-05-14 13:00:00
110,61695.98,62300.0,61142.77,61803.74,3353.68,2024-05-14 14:00:00
111,61803.74,62063.56,61650.0,61787.61,1984.04,2024-05-14 15:00:00
112,61787.6,61816.34,61201.1,61427.54,1837.57,2024-05-14 16:00:00
113,61427.54,61535.28,61159.34,61314.98,1680.6,2024-05-14 17:00:00
114,61314.99,61463.15,61224.07,61429.99,587.86,2024-05-14 18:00:00
115,61430.0,61680.0,61397.2,61596.52,566.58,2024-05-14 19:00:00
116,61596.51,61710.0,61561.14,61610.04,353.71,2024-05-14 20:00:00
117,61610.04,61789.99,61472.41,61694.56,560.51,2024-05-14 21:00:00
118,61694.57,61766.28,61570.0,61708.79,514.93,2024-05-14 22:00:00
119,61708.78,61726.62,61540.0,61577.49,321.53,2024-05-14 23:00:00
120,61577.49,61800.0,61319.47,61438.35,723.56,2024-05-15 00:00:00
121,61438.35,61760.04,61432.01,61696.0,520.35,2024-05-15 01:00:00
122,61695.99,61908.47,61690.21,61774.01,452.59,2024-05-15 02:00:00
123,61774.01,62033.48,61772.44,61949.99,454.46,2024-05-15 03:00:00
124,61949.99,61982.0,61818.18,61900.0,467.92,2024-05-15 04:00:00
125,61900.0,62082.64,61880.0,61928.68,585.32,2024-05-15 05:00:00
126,61928.67,61986.0,61829.96,61962.75,521.14,2024-05-15 06:00:00
127,61962.75,62280.01,61889.52,62195.04,926.14,2024-05-15 07:00:00
128,62195.04,62265.98,62044.8,62143.51,724.23,2024-05-15 08:00:00
129,62143.51,62919.12,61923.2,62649.98,1736.05,2024-05-15 09:00:00
130,62649.98,62999.44,62355.71,62674.71,2222.09,2024-05-15 10:00:00
131,62674.7,62824.3,62242.42,62467.18,1159.6,2024-05-15 11:00:00
132,62467.18,64200.93,62402.03,63757.56,6238.53,2024-05-15 12:00:00
133,63757.57,64663.56,63535.89,64145.99,5375.59,2024-05-15 13:00:00
134,64146.0,64500.0,63990.62,64500.0,3056.46,2024-05-15 14:00:00
135,64499.99,65057.26,64367.14,64725.11,3812.07,2024-05-15 15:00:00
136,64725.12,65150.0,64720.0,64759.27,2048.81,2024-05-15 16:00:00
137,64759.26,65127.64,64759.26,65046.56,1641.86,2024-05-15 17:00:00
138,65046.56,65791.12,64960.99,65717.28,2962.41,2024-05-15 18:00:00
139,65717.28,66419.15,65302.44,66006.23,3137.66,2024-05-15 19:00:00
140,66006.23,66085.5,65738.0,65930.87,1413.73,2024-05-15 20:00:00
141,65930.88,66200.0,65779.88,65859.99,851.9,2024-05-15 21:00:00
142,65859.99,66290.32,65842.61,66116.3,1204.41,2024-05-15 22:00:00
143,66116.31,66444.16,66072.0,66206.5,1322.86,2024-05-15 23:00:00
144,66206.51,66666.0,65942.1,66083.9,1814.29,2024-05-16 00:00:00
145,66083.9,66209.74,65838.66,65985.99,1018.41,2024-05-16 01:00:00
146,65985.99,66115.2,65746.42,65909.51,965.55,2024-05-16 02:00:00
147,65909.51,66074.03,65807.45,65975.39,746.79,2024-05-16 03:00:00
148,65975.39,66006.42,65800.0,65813.33,675.02,2024-05-16 04:00:00
149,65813.34,65900.0,65746.12,65781.99,546.88,2024-05-16 05:00:00
150,65781.99,66000.0,65652.92,65958.14,1012.39,2024-05-16 06:00:00
151,65958.14,66278.04,65936.57,66142.62,1305.62,2024-05-16 07:00:00
152,66142.62,66460.71,66094.34,66297.12,1039.62,2024-05-16 08:00:00
153,66297.12,66390.02,66100.0,66364.69,987.38,2024-05-16 09:00:00
154,66364.69,66364.69,66100.0,66169.99,747.1,2024-05-16 10:00:00
155,66170.0,66585.7,66000.0,66503.8,933.73,2024-05-16 11:00:00
156,66503.81,66752.01,65904.76,66011.01,2444.28,2024-05-16 12:00:00
157,66011.01,66367.92,65759.99,66328.05,1698.98,2024-05-16 13:00:00
158,66328.06,66393.29,65555.0,65598.7,2406.63,2024-05-16 14:00:00
159,65598.7,65900.0,65361.51,65818.88,1867.16,2024-05-16 15:00:00
160,65818.89,65827.47,65110.0,65154.99,3290.5,2024-05-16 16:00:00
161,65154.98,65389.95,64602.77,64994.99,2511.86,2024-05-16 17:00:00
162,64995.0,65205.85,64831.63,65122.18,1630.95,2024-05-16 18:00:00
163,65122.19,65580.0,65090.17,65186.85,1033.54,2024-05-16 19:00:00
164,65186.84,65290.0,65050.0,65273.9,581.15,2024-05-16 20:00:00
165,65273.9,65500.0,65242.09,65461.99,579.46,2024-05-16 21:00:00
166,65461.99,65480.35,65140.61,65418.97,580.56,2024-05-16 22:00:00
167,65418.98,65422.03,65187.5,65235.21,688.52,2024-05-16 23:00:00
168,65235.21,65508.7,65235.2,65508.69,591.24,2024-05-17 00:00:00
169,65508.7,65510.22,65106.38,65340.84,520.23,2024-05-17 01:00:00
170,65340.83,65450.07,65188.0,65386.01,370.42,2024-05-17 02:00:00
171,65386.0,65901.46,65354.23,65584.53,1533.13,2024-05-17 03:00:00
172,65584.53,65630.7,65367.51,65451.81,567.85,2024-05-17 04:00:00
173,65451.81,65700.0,65436.0,65700.0,472.56,2024-05-17 05:00:00
174,65699.99,66148.0,65580.66,65955.56,1212.85,2024-05-17 06:00:00
175,65955.56,66500.0,65955.56,66386.94,2713.24,2024-05-17 07:00:00
176,66386.93,66457.28,66068.79,66146.01,1162.0,2024-05-17 08:00:00
177,66146.0,66390.0,66072.43,66344.44,712.33,2024-05-17 09:00:00
178,66344.43,66537.19,66182.77,66500.48,892.47,2024-05-17 10:00:00
179,66500.47,66564.23,66197.91,66218.0,787.76,2024-05-17 11:00:00
180,66217.99,66548.0,66120.0,66379.97,1169.86,2024-05-17 12:00:00
181,66379.97,66458.63,65828.03,65944.02,1330.7,2024-05-17 13:00:00
182,65944.02,66850.0,65914.81,66806.66,1594.1,2024-05-17 14:00:00
183,66806.67,67451.2,66552.53,67195.1,3797.63,2024-05-17 15:00:00
184,67195.09,67300.0,66910.0,66929.99,1380.14,2024-05-17 16:00:00
185,66930.0,66998.57,66660.78,66702.52,1144.46,2024-05-17 17:00:00
186,66702.51,66849.0,66214.67,66821.98,1439.52,2024-05-17 18:00:00
187,66821.98,67070.0,66650.75,67047.99,1059.22,2024-05-17 19:00:00
188,67047.99,67048.0,66765.33,66890.0,487.41,2024-05-17 20:00:00
189,66890.0,66916.78,66740.42,66810.65,338.91,2024-05-17 21:00:00
190,66810.64,66810.65,66669.72,66771.6,334.94,2024-05-17 22:00:00
191,66771.6,67089.72,66700.0,67024.0,679.26,2024-05-17 23:00:00
192,67024.0,67095.88,66725.53,66891.59,1097.85,2024-05-18 00:00:00
193,66891.59,67017.99,66765.33,66980.0,383.52,2024-05-18 01:00:00
194,66979.99,67055.3,66797.61,66907.84,523.43,2024-05-18 02:00:00
195,66907.85,67006.49,66854.38,66945.05,476.6,2024-05-18 03:00:00
196,66945.06,67008.41,66800.0,66883.61,434.03,2024-05-18 04:00:00
197,66883.6,66885.99,66810.0,66854.71,270.6,2024-05-18 05:00:00
198,66854.7,66963.86,66730.0,66920.03,507.84,2024-05-18 06:00:00
199,66920.03,67240.69,66829.0,66887.0,869.03,2024-05-18 07:00:00
200,66887.01,67085.19,66840.0,67027.59,459.68,2024-05-18 08:00:00
201,67027.59,67138.99,66999.99,67125.04,597.38,2024-05-18 09:00:00
202,67125.03,67300.0,67029.37,67222.22,1373.76,2024-05-18 10:00:00
203,67222.21,67400.01,67116.36,67190.82,1139.45,2024-05-18 11:00:00
204,67190.81,67227.97,66900.0,66948.0,637.91,2024-05-18 12:00:00
205,66947.99,67072.9,66800.0,66863.17,723.05,2024-05-18 13:00:00
206,66863.18,67061.2,66600.09,66793.66,1441.28,2024-05-18 14:00:00
207,66793.66,66896.19,66600.0,66823.63,710.16,2024-05-18 15:00:00
208,66823.63,66992.53,66722.0,66888.17,458.9,2024-05-18 16:00:00
209,66888.17,66970.0,66750.0,66866.51,501.97,2024-05-18 17:00:00
210,66866.52,66910.0,66779.95,66796.36,230.02,2024-05-18 18:00:00
211,66796.35,66942.94,66771.76,66912.62,224.35,2024-05-18 19:00:00
212,66912.62,67014.88,66880.0,66964.01,285.93,2024-05-18 20:00:00
213,66964.01,66984.0,66810.0,66899.29,246.95,2024-05-18 21:00:00
214,66899.29,67005.07,66828.59,66932.01,505.72,2024-05-18 22:00:00
215,66932.0,67039.92,66914.58,66915.2,341.84,2024-05-18 23:00:00
216,66915.2,66980.84,66837.39,66906.53,234.84,2024-05-19 00:00:00
217,66906.52,66970.0,66885.55,66920.01,188.42,2024-05-19 01:00:00
218,66920.0,67250.0,66920.0,67211.61,961.69,2024-05-19 02:00:00
219,67211.6,67294.35,67090.0,67170.21,583.82,2024-05-19 03:00:00
220,67170.2,67180.0,66994.22,67151.75,332.0,2024-05-19 04:00:00
221,67151.74,67170.0,67090.53,67097.62,250.37,2024-05-19 05:00:00
222,67097.63,67150.0,66930.4,67022.65,362.78,2024-05-19 06:00:00
223,67022.64,67329.45,66981.1,67324.44,825.7,2024-05-19 07:00:00
224,67324.44,67339.91,67100.0,67160.01,453.96,2024-05-19 08:00:00
225,67160.0,67186.67,66990.01,67180.01,449.6,2024-05-19 09:00:00
226,67180.01,67700.0,67116.35,67269.99,1871.51,2024-05-19 10:00:00
227,67270.0,67388.0,66950.0,67330.0,1381.46,2024-05-19 11:00:00
228,67330.01,67330.01,66789.75,66832.99,1186.13,2024-05-19 12:00:00
229,66832.99,67179.03,66677.0,67049.99,987.75,2024-05-19 13:00:00
230,67049.99,67149.85,66847.02,66928.0,755.26,2024-05-19 14:00:00
231,66928.0,66988.22,66739.13,66889.88,646.82,2024-05-19 15:00:00
232,66889.88,66990.0,66521.38,66662.01,1053.33,2024-05-19 16:00:00
233,66662.0,66830.71,66548.17,66720.01,636.08,2024-05-19 17:00:00
234,66720.01,66757.21,66522.3,66586.21,400.4,2024-05-19 18:00:00
235,66586.21,66646.2,65857.25,66034.01,2461.2,2024-05-19 19:00:00
236,66034.01,66300.0,66019.99,66163.99,650.75,2024-05-19 20:00:00
237,66164.0,66360.0,66000.0,66280.0,458.74,2024-05-19 21:00:00
238,66280.0,66463.0,66252.0,66363.61,508.04,2024-05-19 22:00:00
239,66363.61,66363.61,66211.87,66274.01,384.65,2024-05-19 23:00:00
240,66274.0,66492.5,66149.43,66459.99,623.7,2024-05-20 00:00:00
241,66459.99,66589.63,66060.31,66520.4,1006.65,2024-05-20 01:00:00
242,66520.4,66763.0,66503.0,66674.02,695.48,2024-05-20 02:00:00
243,66674.02,66768.87,66563.95,66675.22,484.92,2024-05-20 03:00:00
244,66675.21,67143.75,66626.0,67132.43,1205.96,2024-05-20 04:00:00
245,67132.44,67295.99,67050.61,67136.36,1024.6,2024-05-20 05:00:00
246,67136.36,67160.0,66279.64,66410.0,1219.49,2024-05-20 06:00:00
247,66410.01,66899.99,66352.23,66825.14,1068.71,2024-05-20 07:00:00
248,66825.15,67057.97,66750.0,66762.0,771.75,2024-05-20 08:00:00
249,66762.01,66999.0,66753.18,66894.01,643.72,2024-05-20 09:00:00
250,66894.01,67349.0,66860.26,67109.99,1583.42,2024-05-20 10:00:00
251,67110.0,67300.0,66907.23,66994.2,927.57,2024-05-20 11:00:00
252,66994.2,67087.63,66789.16,66936.39,935.34,2024-05-20 12:00:00
253,66936.4,67184.71,66774.53,67099.98,1342.77,2024-05-20 13:00:00
254,67099.98,67110.0,66753.42,67006.01,1386.9,2024-05-20 14:00:00
255,67006.0,67487.0,66902.0,67419.99,2145.79,2024-05-20 15:00:00
256,67420.0,68266.08,67374.42,68190.06,4146.39,2024-05-20 16:00:00
257,68190.06,68649.98,68030.77,68331.51,2594.37,2024-05-20 17:00:00
258,68331.51,68766.0,68292.6,68728.41,1729.11,2024-05-20 18:00:00
259,68728.42,70000.0,68596.0,69999.99,7908.05,2024-05-20 19:00:00
260,70000.0,70421.24,69153.61,69500.0,5989.49,2024-05-20 20:00:00
261,69499.99,69767.43,68905.67,69717.79,3221.36,2024-05-20 21:00:00
262,69717.8,69949.0,69540.0,69590.77,2326.66,2024-05-20 22:00:00
263,69590.77,71515.56,69589.5,71446.62,5834.51,2024-05-20 23:00:00
264,71446.62,71979.0,71125.37,71312.32,4404.44,2024-05-21 00:00:00
265,71312.32,71462.48,70706.0,71089.96,3747.51,2024-05-21 01:00:00
266,71089.96,71426.19,70903.85,71283.8,2981.23,2024-05-21 02:00:00
267,71283.81,71401.68,71136.84,71284.0,1955.22,2024-05-21 03:00:00
268,71283.99,71289.89,70834.0,70910.0,1389.73,2024-05-21 04:00:00
269,70910.01,71222.0,70826.92,71209.86,1759.43,2024-05-21 05:00:00
270,71209.87,71394.2,71096.01,71205.41,1634.49,2024-05-21 06:00:00
271,71205.41,71230.13,70878.29,70878.29,1818.19,2024-05-21 07:00:00
272,70878.3,71060.0,70839.63,70916.0,1452.44,2024-05-21 08:00:00
273,70916.01,71076.65,70880.68,70990.02,1391.39,2024-05-21 09:00:00
274,70990.02,71290.0,70960.02,71056.0,1809.09,2024-05-21 10:00:00
275,71055.99,71474.92,70980.0,71130.0,2640.17,2024-05-21 11:00:00
276,71130.0,71455.09,71060.0,71349.99,2434.77,2024-05-21 12:00:00
277,71349.99,71349.99,70539.91,70595.92,3352.93,2024-05-21 13:00:00
278,70595.92,70927.48,70187.76,70213.2,2657.66,2024-05-21 14:00:00
279,70213.21,70487.82,69685.01,69826.99,2745.9,2024-05-21 15:00:00
280,69827.0,70263.03,69642.8,69668.03,2707.57,2024-05-21 16:00:00
281,69668.04,69942.72,69550.0,69857.05,2370.32,2024-05-21 17:00:00
282,69857.05,69950.19,69500.0,69829.74,896.32,2024-05-21 18:00:00
283,69829.74,69944.4,69162.94,69285.99,1708.6,2024-05-21 19:00:00
284,69285.99,69766.66,69240.57,69727.01,1055.04,2024-05-21 20:00:00
285,69727.0,69806.12,69460.38,69727.76,638.66,2024-05-21 21:00:00
286,69727.75,70222.22,69720.18,70222.22,1279.33,2024-05-21 22:00:00
287,70222.21,70377.77,70100.0,70148.34,777.01,2024-05-21 23:00:00
288,70148.34,70279.99,70049.99,70120.01,1023.24,2024-05-22 00:00:00
289,70120.0,70209.1,70007.73,70159.58,811.91,2024-05-22 01:00:00
290,70159.57,70368.6,69922.77,70003.01,1132.35,2024-05-22 02:00:00
291,70003.01,70050.0,69822.76,69955.72,744.84,2024-05-22 03:00:00
292,69955.72,70000.0,69165.0,69599.98,1368.72,2024-05-22 04:00:00
293,69599.97,69923.48,69528.49,69898.12,733.25,2024-05-22 05:00:00
294,69898.12,70059.89,69784.47,69854.08,664.56,2024-05-22 06:00:00
295,69854.08,69889.07,69587.62,69715.0,795.04,2024-05-22 07:00:00
296,69715.0,70200.0,69636.01,70010.27,1162.17,2024-05-22 08:00:00
297,70010.26,70087.1,69837.45,69987.44,558.5,2024-05-22 09:00:00
298,69987.45,70233.0,69928.05,70190.0,716.53,2024-05-22 10:00:00
299,70190.0,70275.14,69736.13,69736.13,901.77,2024-05-22 11:00:00
300,69736.14,70093.34,69505.65,69643.88,1403.78,2024-05-22 12:00:00
301,69643.88,69892.63,69436.63,69586.87,1317.25,2024-05-22 13:00:00
302,69586.88,70180.0,69435.3,70114.63,1967.3,2024-05-22 14:00:00
303,70114.63,70591.0,69922.37,70455.9,1427.11,2024-05-22 15:00:00
304,70455.89,70666.0,70179.58,70229.88,1054.42,2024-05-22 16:00:00
305,70229.87,70459.91,69669.19,69863.52,1661.39,2024-05-22 17:00:00
306,69863.52,69901.66,69228.64,69574.6,2501.11,2024-05-22 18:00:00
307,69574.6,69800.91,69453.13,69637.47,1056.98,2024-05-22 19:00:00
308,69637.48,69976.0,69397.25,69442.01,1467.75,2024-05-22 20:00:00
309,69442.02,69665.61,68842.19,69497.77,1531.11,2024-05-22 21:00:00
310,69497.77,69550.0,69054.01,69141.28,953.48,2024-05-22 22:00:00
311,69141.28,69233.69,69023.56,69166.62,718.62,2024-05-22 23:00:00
312,69166.62,69621.51,69166.61,69499.81,859.87,2024-05-23 00:00:00
313,69499.81,69626.87,69260.15,69483.16,601.81,2024-05-23 01:00:00
314,69483.15,69562.0,69362.62,69505.86,441.82,2024-05-23 02:00:00
315,69505.85,69524.86,69311.76,69446.14,615.57,2024-05-23 03:00:00
316,69446.14,69590.0,69422.2,69550.01,663.29,2024-05-23 04:00:00
317,69550.0,69562.04,69347.17,69478.89,540.95,2024-05-23 05:00:00
318,69478.89,69675.0,69382.73,69561.4,605.32,2024-05-23 06:00:00
319,69561.4,69862.44,69470.0,69734.04,831.73,2024-05-23 07:00:00
320,69734.05,69849.94,69577.86,69687.99,628.71,2024-05-23 08:00:00
321,69687.99,69830.0,69580.9,69645.06,786.18,2024-05-23 09:00:00
322,69645.05,69794.92,69520.02,69537.21,713.54,2024-05-23 10:00:00
323,69537.22,70061.0,69537.21,69982.72,1592.64,2024-05-23 11:00:00
324,69982.72,70096.12,68946.17,69428.53,2387.11,2024-05-23 12:00:00
325,69428.53,69558.07,67716.42,68036.14,5195.51,2024-05-23 13:00:00
326,68036.14,68345.39,67610.95,67748.63,3287.23,2024-05-23 14:00:00
327,67748.62,68313.79,67709.84,68076.0,1910.01,2024-05-23 15:00:00
328,68075.99,68167.97,67799.3,67822.78,1012.39,2024-05-23 16:00:00
329,67822.78,68119.26,67618.98,67639.25,1108.82,2024-05-23 17:00:00
330,67639.25,67684.36,66764.7,67393.06,3242.58,2024-05-23 18:00:00
331,67393.05,67690.0,67110.18,67199.98,1507.43,2024-05-23 19:00:00
332,67199.98,67952.39,66312.16,67802.89,4844.88,2024-05-23 20:00:00
333,67802.89,68365.81,66958.4,67992.77,5227.81,2024-05-23 21:00:00
334,67992.78,67999.98,67540.0,67686.47,935.26,2024-05-23 22:00:00
335,67686.48,67994.1,67480.0,67969.65,972.69,2024-05-23 23:00:00
336,67969.66,68000.0,67628.01,67852.0,1148.17,2024-05-24 00:00:00
337,67851.99,67852.0,67657.55,67742.01,587.95,2024-05-24 01:00:00
338,67742.01,68000.95,67634.15,67978.37,868.05,2024-05-24 02:00:00
339,67978.38,68017.56,67822.05,67891.83,923.24,2024-05-24 03:00:00
340,67891.83,67922.79,67651.04,67708.23,968.41,2024-05-24 04:00:00
341,67708.23,67708.23,67080.99,67299.99,1412.81,2024-05-24 05:00:00
342,67299.99,67603.6,66816.21,66887.01,2121.93,2024-05-24 06:00:00
343,66887.01,67311.54,66828.23,67155.93,1407.33,2024-05-24 07:00:00
344,67155.93,67228.84,66600.12,67190.15,1338.29,2024-05-24 08:00:00
345,67190.15,67449.36,67039.52,67375.26,855.22,2024-05-24 09:00:00
346,67375.25,67523.78,67311.12,67353.43,586.84,2024-05-24 10:00:00
347,67353.43,67472.89,67277.58,67349.99,702.98,2024-05-24 11:00:00
348,67350.0,67571.81,67343.0,67490.0,742.57,2024-05-24 12:00:00
349,67490.0,67607.0,66921.97,67077.12,2224.98,2024-05-24 13:00:00
350,67077.12,68031.62,67000.0,67869.48,2203.57,2024-05-24 14:00:00
351,67869.49,68420.0,67869.48,68326.46,2033.09,2024-05-24 15:00:00
352,68326.46,68473.85,67924.39,68394.33,1656.07,2024-05-24 16:00:00
353,68394.32,68931.31,68394.32,68919.02,1870.85,2024-05-24 17:00:00
354,68919.02,69220.0,68840.0,68970.43,1735.97,2024-05-24 18:00:00
355,68970.43,69250.0,68738.33,69115.98,861.39,2024-05-24 19:00:00
356,69115.98,69214.0,68836.96,68836.96,700.24,2024-05-24 20:00:00
357,68836.96,68995.77,68800.0,68876.0,401.77,2024-05-24 21:00:00
358,68875.99,68876.0,68674.39,68787.99,320.3,2024-05-24 22:00:00
359,68788.0,68788.0,68524.94,68549.99,423.82,2024-05-24 23:00:00
360,68549.99,68679.48,68500.0,68530.89,353.66,2024-05-25 00:00:00
361,68530.88,68700.38,68530.88,68613.46,366.56,2024-05-25 01:00:00
362,68613.45,68830.0,68606.1,68817.22,381.53,2024-05-25 02:00:00
363,68817.22,68910.0,68652.59,68757.85,539.87,2024-05-25 03:00:00
364,68757.84,68831.88,68688.0,68784.37,458.79,2024-05-25 04:00:00
365,68784.37,68808.0,68696.0,68718.21,260.61,2024-05-25 05:00:00
366,68718.21,68746.4,68615.56,68660.4,373.12,2024-05-25 06:00:00
367,68660.39,68811.89,68639.69,68753.92,326.34,2024-05-25 07:00:00
368,68753.93,69059.35,68749.2,68876.69,621.22,2024-05-25 08:00:00
369,68876.69,69156.28,68850.0,69095.27,540.32,2024-05-25 09:00:00
370,69095.27,69453.57,69025.87,69387.99,768.9,2024-05-25 10:00:00
371,69388.0,69610.0,69104.67,69104.67,1143.62,2024-05-25 11:00:00
372,69104.68,69299.99,69018.56,69116.3,899.33,2024-05-25 12:00:00
373,69116.31,69240.77,68882.43,69025.98,1120.62,2024-05-25 13:00:00
374,69025.99,69088.67,68958.0,69021.65,634.18,2024-05-25 14:00:00
375,69021.65,69212.58,68847.65,68930.4,707.55,2024-05-25 15:00:00
376,68930.39,69044.0,68849.5,68936.62,490.68,2024-05-25 16:00:00
377,68936.61,69100.0,68925.0,69065.14,335.58,2024-05-25 17:00:00
378,69065.15,69234.0,69065.14,69213.2,373.59,2024-05-25 18:00:00
379,69213.2,69266.66,69115.94,69155.32,260.44,2024-05-25 19:00:00
380,69155.32,69221.39,69071.47,69100.01,228.03,2024-05-25 20:00:00
381,69100.0,69170.72,69050.01,69139.01,232.83,2024-05-25 21:00:00
382,69139.02,69159.54,69050.95,69129.0,237.31,2024-05-25 22:00:00
383,69128.99,69356.6,69128.99,69290.57,475.7,2024-05-25 23:00:00
384,69290.56,69319.31,69151.5,69156.0,318.21,2024-05-26 00:00:00
385,69156.01,69256.09,69156.0,69161.44,244.61,2024-05-26 01:00:00
386,69161.44,69176.91,68808.37,68904.01,573.34,2024-05-26 02:00:00
387,68904.0,69137.84,68880.6,69073.62,467.99,2024-05-26 03:00:00
388,69073.62,69073.62,68936.21,68974.0,270.49,2024-05-26 04:00:00
389,68973.99,69139.6,68928.22,69139.6,219.54,2024-05-26 05:00:00
390,69139.59,69184.0,69052.0,69105.63,273.94,2024-05-26 06:00:00
391,69105.64,69435.36,69101.63,69340.15,621.0,2024-05-26 07:00:00
392,69340.16,69562.23,69063.13,69160.33,844.03,2024-05-26 08:00:00
393,69160.32,69254.0,68974.55,69086.54,540.21,2024-05-26 09:00:00
394,69086.54,69222.93,69086.54,69222.92,504.81,2024-05-26 10:00:00
395,69222.93,69229.92,69054.1,69134.91,542.28,2024-05-26 11:00:00
396,69134.91,69146.92,68951.0,68993.22,497.24,2024-05-26 12:00:00
397,68993.21,69136.15,68950.0,69136.14,376.78,2024-05-26 13:00:00
398,69136.15,69312.3,69042.26,69287.12,685.92,2024-05-26 14:00:00
399,69287.11,69399.0,68668.6,68847.99,1131.13,2024-05-26 15:00:00
400,68847.98,68973.15,68692.11,68808.62,833.6,2024-05-26 16:00:00
401,68808.61,68906.96,68731.36,68778.14,418.5,2024-05-26 17:00:00
402,68778.14,68842.8,68717.61,68800.16,364.31,2024-05-26 18:00:00
403,68800.15,68916.22,68800.15,68903.54,240.02,2024-05-26 19:00:00
404,68903.53,68911.56,68720.66,68720.84,177.27,2024-05-26 20:00:00
405,68720.85,68720.85,68128.01,68518.02,873.47,2024-05-26 21:00:00
406,68518.02,68700.65,68464.0,68560.0,369.81,2024-05-26 22:00:00
407,68560.01,68569.88,68344.0,68507.67,483.6,2024-05-26 23:00:00
408,68507.67,68821.72,68481.31,68821.71,491.97,2024-05-27 00:00:00
409,68821.72,69298.0,68740.75,69074.01,742.67,2024-05-27 01:00:00
410,69074.02,69288.44,69020.49,69111.35,756.97,2024-05-27 02:00:00
411,69111.34,69212.0,68826.91,68873.43,1083.48,2024-05-27 03:00:00
412,68873.43,68901.74,68764.71,68770.01,470.51,2024-05-27 04:00:00
413,68770.0,68784.4,68321.95,68524.61,845.39,2024-05-27 05:00:00
414,68524.6,68621.54,68393.23,68393.23,600.7,2024-05-27 06:00:00
415,68393.23,68721.02,68341.84,68643.36,676.48,2024-05-27 07:00:00
416,68643.36,68944.2,68521.52,68624.0,825.51,2024-05-27 08:00:00
417,68624.01,68660.09,68430.95,68595.37,640.74,2024-05-27 09:00:00
418,68595.36,68598.48,68422.08,68577.79,606.7,2024-05-27 10:00:00
419,68577.79,68679.8,68250.0,68434.26,863.91,2024-05-27 11:00:00
420,68434.26,68643.25,68384.0,68621.42,656.97,2024-05-27 12:00:00
421,68621.43,69045.8,68601.3,68919.24,1108.96,2024-05-27 13:00:00
422,68919.24,69500.0,68828.8,69500.0,1583.1,2024-05-27 14:00:00
423,69500.0,70520.3,69499.99,70373.85,3706.8,2024-05-27 15:00:00
424,70373.86,70687.56,70153.45,70161.22,1957.32,2024-05-27 16:00:00
425,70161.21,70350.0,70029.93,70184.01,867.17,2024-05-27 17:00:00
426,70184.0,70250.0,69882.11,69985.5,702.39,2024-05-27 18:00:00
427,69985.49,70113.35,69069.0,69260.01,1481.88,2024-05-27 19:00:00
428,69260.02,69724.21,69177.01,69660.01,863.52,2024-05-27 20:00:00
429,69660.0,69887.9,69589.99,69805.0,433.49,2024-05-27 21:00:00
430,69805.01,69805.01,69555.81,69591.58,535.39,2024-05-27 22:00:00
431,69591.59,69591.59,69324.0,69436.43,634.89,2024-05-27 23:00:00
432,69436.43,69472.99,69100.0,69377.41,860.35,2024-05-28 00:00:00
433,69377.4,69591.81,68515.86,68614.11,1600.3,2024-05-28 01:00:00
434,68614.11,68842.36,68420.03,68680.0,1772.02,2024-05-28 02:00:00
435,68680.01,68738.48,67753.0,68050.3,2602.46,2024-05-28 03:00:00
436,68050.3,68134.0,67486.65,67797.29,1618.34,2024-05-28 04:00:00
437,67797.28,68049.67,67660.0,68049.67,1062.17,2024-05-28 05:00:00
438,68049.67,68093.49,67787.0,67972.8,913.59,2024-05-28 06:00:00
439,67972.79,68030.0,67658.24,67694.0,1330.15,2024-05-28 07:00:00
440,67694.01,68250.0,67582.13,68159.99,1523.11,2024-05-28 08:00:00
441,68160.0,68523.99,68024.57,68336.24,1328.75,2024-05-28 09:00:00
442,68336.24,68902.71,68249.99,68592.01,1934.62,2024-05-28 10:00:00
443,68592.01,68665.59,68265.01,68389.87,966.81,2024-05-28 11:00:00
444,68389.87,68559.99,68154.21,68208.63,1003.81,2024-05-28 12:00:00
445,68208.64,68478.45,67659.93,67792.0,2595.0,2024-05-28 13:00:00
446,67792.0,68253.99,67529.62,67969.0,2270.17,2024-05-28 14:00:00
447,67968.99,68460.53,67728.78,68374.08,1446.86,2024-05-28 15:00:00
448,68374.08,68457.19,67713.02,67713.22,1367.22,2024-05-28 16:00:00
449,67713.22,68159.54,67640.46,67782.67,1142.87,2024-05-28 17:00:00
450,67782.68,67992.78,67277.91,67879.43,1577.52,2024-05-28 18:00:00
451,67879.42,68598.33,67864.01,68424.29,1698.26,2024-05-28 19:00:00
452,68424.28,68538.92,68124.04,68325.86,571.11,2024-05-28 20:00:00
453,68325.86,68550.0,68257.81,68401.47,437.12,2024-05-28 21:00:00
454,68401.47,68661.28,68383.77,68615.4,627.08,2024-05-28 22:00:00
455,68615.39,68620.92,68346.78,68398.39,373.28,2024-05-28 23:00:00
456,68398.4,68605.1,68266.04,68496.0,516.51,2024-05-29 00:00:00
457,68495.99,68707.58,68310.0,68570.0,677.19,2024-05-29 01:00:00
458,68570.0,68923.0,68454.97,68684.6,878.82,2024-05-29 02:00:00
459,68684.6,68884.82,68681.38,68829.42,867.21,2024-05-29 03:00:00
460,68829.41,68935.68,68760.0,68843.53,790.03,2024-05-29 04:00:00
461,68843.53,68843.53,68572.66,68584.73,541.22,2024-05-29 05:00:00
462,68584.72,68667.72,68465.6,68513.33,572.67,2024-05-29 06:00:00
463,68513.32,68534.35,67936.35,67946.9,1532.58,2024-05-29 07:00:00
464,67946.89,67999.92,67602.34,67872.41,1494.13,2024-05-29 08:00:00
465,67872.41,68033.33,67685.45,67905.72,1084.99,2024-05-29 09:00:00
466,67905.72,68024.0,67802.95,67989.89,660.74,2024-05-29 10:00:00
467,67989.9,68001.25,67736.23,67763.59,696.81,2024-05-29 11:00:00
468,67763.59,68023.97,67567.21,67898.15,1328.34,2024-05-29 12:00:00
469,67898.14,68280.0,67569.55,67879.99,2334.7,2024-05-29 13:00:00
470,67879.99,67952.39,67500.0,67635.01,1510.13,2024-05-29 14:00:00
471,67635.01,67855.69,67262.34,67379.13,1921.12,2024-05-29 15:00:00
472,67379.13,67720.0,67124.65,67555.18,1592.49,2024-05-29 16:00:00
473,67555.18,67680.0,67329.99,67611.12,806.0,2024-05-29 17:00:00
474,67611.12,67623.1,67222.22,67392.83,729.98,2024-05-29 18:00:00
475,67392.82,67742.0,67216.01,67266.78,642.71,2024-05-29 19:00:00
476,67266.78,67494.57,67151.35,67485.76,563.6,2024-05-29 20:00:00
477,67485.76,67810.0,67325.08,67700.42,568.59,2024-05-29 21:00:00
478,67700.42,67826.09,67605.94,67680.01,395.25,2024-05-29 22:00:00
479,67680.01,67731.59,67576.06,67652.42,454.01,2024-05-29 23:00:00
480,67652.41,67843.32,67551.46,67583.0,555.87,2024-05-30 00:00:00
481,67582.99,67862.2,67471.67,67800.0,612.85,2024-05-30 01:00:00
482,67800.0,68199.97,67788.95,67949.1,958.15,2024-05-30 02:00:00
483,67949.11,68182.42,67924.0,68118.2,556.84,2024-05-30 03:00:00
484,68118.2,68422.89,67984.01,68163.0,835.7,2024-05-30 04:00:00
485,68163.0,68195.0,67967.66,68134.14,493.2,2024-05-30 05:00:00
486,68134.13,68180.46,67728.2,67831.25,1589.91,2024-05-30 06:00:00
487,67831.24,68037.22,67508.42,67584.56,1515.13,2024-05-30 07:00:00
488,67584.57,67769.11,67128.0,67688.96,1932.26,2024-05-30 08:00:00
489,67688.96,67759.99,67459.96,67745.94,882.44,2024-05-30 09:00:00
490,67745.94,67991.0,67541.82,67942.08,962.18,2024-05-30 10:00:00
491,67942.08,68100.0,67815.0,67817.01,808.98,2024-05-30 11:00:00
492,67817.01,68305.55,67755.0,68133.34,1631.16,2024-05-30 12:00:00
493,68133.34,68678.76,68050.0,68623.99,1849.16,2024-05-30 13:00:00
494,68623.99,68826.31,68256.29,68359.6,2033.11,2024-05-30 14:00:00
495,68359.6,68612.0,68144.0,68530.76,1549.36,2024-05-30 15:00:00
496,68530.77,68691.64,68384.0,68676.0,988.44,2024-05-30 16:00:00
497,68676.0,69500.0,68664.0,69315.1,3039.27,2024-05-30 17:00:00
498,69315.1,69420.0,69084.0,69360.13,1377.03,2024-05-30 18:00:00
499,69360.13,69366.46,68435.0,68653.02,1632.93,2024-05-30 19:00:00
500,68653.02,68657.41,68050.01,68475.99,1459.41,2024-05-30 20:00:00
501,68475.99,68534.0,68324.0,68416.76,402.57,2024-05-30 21:00:00
502,68416.75,68438.99,68241.79,68314.93,393.35,2024-05-30 22:00:00
503,68314.93,68518.86,68251.0,68352.17,418.93,2024-05-30 23:00:00
504,68352.17,68465.39,68274.0,68460.0,444.98,2024-05-31 00:00:00
505,68460.01,68626.2,68314.35,68440.0,624.31,2024-05-31 01:00:00
506,68439.99,68729.73,68430.0,68539.99,739.19,2024-05-31 02:00:00
507,68539.99,68628.39,68487.95,68535.81,323.5,2024-05-31 03:00:00
508,68535.81,68654.33,68486.0,68516.59,617.95,2024-05-31 04:00:00
509,68516.59,68516.59,68290.0,68442.72,633.99,2024-05-31 05:00:00
510,68442.72,68456.23,68225.52,68272.0,544.64,2024-05-31 06:00:00
511,68272.0,68431.88,68075.99,68174.99,957.89,2024-05-31 07:00:00
512,68175.0,68310.9,68130.77,68136.0,558.94,2024-05-31 08:00:00
513,68136.01,68184.4,67876.0,67950.0,931.05,2024-05-31 09:00:00
514,67950.0,68333.33,67930.0,68333.33,860.57,2024-05-31 10:00:00
515,68333.33,68461.0,68280.0,68349.73,945.9,2024-05-31 11:00:00
516,68349.73,69044.1,68320.77,68643.59,2494.2,2024-05-31 12:00:00
517,68643.59,68821.01,68025.02,68078.34,2141.49,2024-05-31 13:00:00
518,68078.34,68078.34,67264.46,67501.76,3540.98,2024-05-31 14:00:00
519,67501.76,67548.38,67200.0,67215.58,1662.47,2024-05-31 15:00:00
520,67215.58,67352.41,66670.0,67200.01,2882.03,2024-05-31 16:00:00
521,67200.01,67459.66,67160.3,67342.77,885.94,2024-05-31 17:00:00
522,67342.77,67444.47,67170.0,67414.88,952.08,2024-05-31 18:00:00
523,67414.88,67999.0,67342.24,67681.0,1643.46,2024-05-31 19:00:00
524,67681.0,67798.0,67600.0,67709.04,526.32,2024-05-31 20:00:00
525,67709.04,67710.0,67500.0,67564.91,552.26,2024-05-31 21:00:00
526,67564.91,67668.0,67509.51,67509.52,379.27,2024-05-31 22:00:00
527,67509.52,67602.6,67239.19,67540.01,846.89,2024-05-31 23:00:00
528,67540.01,67703.89,67507.39,67655.66,569.87,2024-06-01 00:00:00
529,67655.66,67710.29,67428.44,67560.0,566.56,2024-06-01 01:00:00
530,67560.0,67740.0,67546.52,67729.05,327.72,2024-06-01 02:00:00
531,67729.05,67757.14,67623.24,67715.31,313.2,2024-06-01 03:00:00
532,67715.31,67763.81,67656.0,67680.01,315.96,2024-06-01 04:00:00
533,67680.01,67810.0,67603.0,67686.35,316.72,2024-06-01 05:00:00
534,67686.35,67729.87,67607.94,67693.32,266.24,2024-06-01 06:00:00
535,67693.32,67733.01,67575.23,67632.08,351.81,2024-06-01 07:00:00
536,67632.07,67741.06,67611.61,67704.0,376.45,2024-06-01 08:00:00
537,67704.0,67760.0,67635.0,67706.69,349.39,2024-06-01 09:00:00
538,67706.69,67750.0,67627.32,67627.33,317.63,2024-06-01 10:00:00
539,67627.33,67694.0,67627.32,67660.57,249.69,2024-06-01 11:00:00
540,67660.57,67872.5,67640.0,67717.76,408.23,2024-06-01 12:00:00
541,67717.76,67837.0,67714.28,67720.01,419.27,2024-06-01 13:00:00
542,67720.01,67870.0,67673.0,67803.34,379.01,2024-06-01 14:00:00
543,67803.33,67824.0,67668.01,67691.28,321.49,2024-06-01 15:00:00
544,67691.28,67719.99,67612.0,67700.01,304.87,2024-06-01 16:00:00
545,67700.01,67900.0,67556.72,67791.02,1177.16,2024-06-01 17:00:00
546,67791.02,67821.73,67726.32,67750.71,277.11,2024-06-01 18:00:00
547,67750.7,67782.64,67685.72,67753.76,174.53,2024-06-01 19:00:00
548,67753.76,67796.54,67700.0,67796.54,337.18,2024-06-01 20:00:00
549,67796.54,67820.2,67713.23,67760.01,290.36,2024-06-01 21:00:00
550,67760.01,67885.0,67710.0,67765.4,263.45,2024-06-01 22:00:00
551,67765.41,67819.78,67723.0,67766.85,163.76,2024-06-01 23:00:00
552,67766.84,67910.55,67744.0,67889.0,298.77,2024-06-02 00:00:00
553,67888.99,67900.0,67710.0,67755.0,408.08,2024-06-02 01:00:00
554,67755.0,67815.0,67643.33,67733.26,340.27,2024-06-02 02:00:00
555,67733.25,67807.99,67726.31,67789.47,240.11,2024-06-02 03:00:00
556,67789.48,67852.63,67745.18,67852.62,179.29,2024-06-02 04:00:00
557,67852.62,67867.6,67728.4,67728.4,208.19,2024-06-02 05:00:00
558,67728.41,67852.33,67724.6,67841.09,326.57,2024-06-02 06:00:00
559,67841.09,67842.91,67720.41,67721.0,342.48,2024-06-02 07:00:00
560,67721.01,67812.57,67671.81,67750.67,357.79,2024-06-02 08:00:00
561,67750.68,67772.65,67377.79,67529.99,1006.07,2024-06-02 09:00:00
562,67530.0,67581.97,67367.2,67529.99,381.19,2024-06-02 10:00:00
563,67530.0,68320.08,67492.6,68251.52,1213.97,2024-06-02 11:00:00
564,68251.53,68305.0,67852.24,67934.99,941.82,2024-06-02 12:00:00
565,67934.99,68214.66,67800.0,68165.98,722.28,2024-06-02 13:00:00
566,68165.97,68460.0,68073.65,68252.5,2085.25,2024-06-02 14:00:00
567,68252.51,68297.12,68016.19,68142.17,465.81,2024-06-02 15:00:00
568,68142.18,68200.0,67980.0,68103.63,440.28,2024-06-02 16:00:00
569,68103.63,68103.64,67808.66,67879.28,1181.96,2024-06-02 17:00:00
570,67879.27,67879.28,67456.88,67697.14,1480.43,2024-06-02 18:00:00
571,67697.14,67798.0,67257.47,67736.95,1565.51,2024-06-02 19:00:00
572,67736.95,67831.21,67577.65,67831.2,365.03,2024-06-02 20:00:00
573,67831.21,67902.12,67755.0,67816.14,263.28,2024-06-02 21:00:00
574,67816.13,67984.01,67809.96,67927.99,330.59,2024-06-02 22:00:00
575,67928.0,67984.01,67765.62,67765.63,281.29,2024-06-02 23:00:00
576,67765.62,67873.87,67612.48,67823.99,545.42,2024-06-03 00:00:00
577,67824.0,68553.67,67823.8,68476.01,1377.63,2024-06-03 01:00:00
578,68476.01,68793.97,68404.51,68416.08,1163.43,2024-06-03 02:00:00
579,68416.09,68518.7,68201.0,68382.81,722.43,2024-06-03 03:00:00
580,68382.8,68600.0,68285.29,68510.0,809.58,2024-06-03 04:00:00
581,68510.0,68780.0,68441.16,68700.0,803.11,2024-06-03 05:00:00
582,68699.99,69221.0,68632.01,69038.94,2491.92,2024-06-03 06:00:00
583,69038.94,69179.62,68804.0,68906.7,1420.74,2024-06-03 07:00:00
584,68906.7,69333.0,68906.69,69142.55,1257.93,2024-06-03 08:00:00
585,69142.54,69187.06,68913.72,69014.88,669.33,2024-06-03 09:00:00
586,69014.89,69186.79,68876.98,68907.99,1001.7,2024-06-03 10:00:00
587,68908.0,69248.99,68824.0,69080.0,897.95,2024-06-03 11:00:00
588,69080.0,69769.3,69075.4,69746.23,1886.91,2024-06-03 12:00:00
589,69746.23,70288.0,69521.04,69795.34,2750.04,2024-06-03 13:00:00
590,69795.33,70079.67,68500.0,68776.01,3731.06,2024-06-03 14:00:00
591,68776.01,69631.16,68760.0,69615.28,1863.03,2024-06-03 15:00:00
592,69615.27,69715.61,68899.89,69080.02,1608.62,2024-06-03 16:00:00
593,69080.02,69389.92,68800.0,69268.97,786.02,2024-06-03 17:00:00
594,69268.98,69444.49,69162.98,69288.41,653.12,2024-06-03 18:00:00
595,69288.41,69296.68,69021.77,69204.0,668.62,2024-06-03 19:00:00
596,69204.0,69509.38,69101.27,69101.28,924.93,2024-06-03 20:00:00
597,69101.28,69191.86,68899.51,69081.17,561.3,2024-06-03 21:00:00
598,69081.17,69144.33,68810.0,69042.51,569.52,2024-06-03 22:00:00
599,69042.51,69062.19,68730.51,68809.9,469.03,2024-06-03 23:00:00
600,68809.89,69090.9,68629.9,69001.41,885.48,2024-06-04 00:00:00
601,69001.4,69215.41,68900.6,69215.4,495.16,2024-06-04 01:00:00
602,69215.41,69306.67,69080.8,69139.57,426.7,2024-06-04 02:00:00
603,69139.58,69370.01,69114.98,69170.22,388.66,2024-06-04 03:00:00
604,69170.22,69268.27,69057.12,69061.22,385.62,2024-06-04 04:00:00
605,69061.22,69156.16,68914.28,68956.01,450.13,2024-06-04 05:00:00
606,68956.01,69039.71,68745.68,68905.43,1152.1,2024-06-04 06:00:00
607,68905.43,69074.82,68894.21,69013.63,562.9,2024-06-04 07:00:00
608,69013.62,69191.99,68827.0,68836.54,719.37,2024-06-04 08:00:00
609,68836.54,68890.01,68567.32,68717.92,1253.78,2024-06-04 09:00:00
610,68717.92,68958.0,68701.83,68890.66,651.65,2024-06-04 10:00:00
611,68890.66,69030.0,68841.87,68955.85,518.49,2024-06-04 11:00:00
612,68955.84,69155.5,68843.73,68946.56,981.8,2024-06-04 12:00:00
613,68946.56,69830.75,68946.55,69527.99,2310.51,2024-06-04 13:00:00
614,69527.99,70089.99,69319.79,69651.49,3400.64,2024-06-04 14:00:00
615,69651.49,70480.0,69463.83,70445.0,3308.73,2024-06-04 15:00:00
616,70445.0,70999.0,70388.17,70800.0,3577.04,2024-06-04 16:00:00
617,70800.0,70833.52,70360.4,70564.0,1477.21,2024-06-04 17:00:00
618,70564.01,71063.45,70564.0,70693.67,2685.02,2024-06-04 18:00:00
619,70693.67,70727.76,70092.5,70423.6,1513.09,2024-06-04 19:00:00
620,70423.61,70550.0,70168.67,70402.69,676.26,2024-06-04 20:00:00
621,70402.69,70630.08,70340.41,70620.0,560.37,2024-06-04 21:00:00
622,70620.01,70736.0,70510.0,70561.3,756.18,2024-06-04 22:00:00
623,70561.31,70610.0,70414.9,70537.84,482.91,2024-06-04 23:00:00
624,70537.83,70900.0,70423.51,70776.0,1036.07,2024-06-05 00:00:00
625,70775.99,71275.0,70646.16,70986.3,1527.73,2024-06-05 01:00:00
626,70986.29,71140.3,70672.08,70837.96,1397.3,2024-06-05 02:00:00
627,70837.96,70991.73,70768.0,70947.58,786.33,2024-06-05 03:00:00
628,70947.58,71260.0,70826.15,71168.53,1358.27,2024-06-05 04:00:00
629,71168.54,71196.0,70884.61,70999.99,804.59,2024-06-05 05:00:00
630,70999.99,71150.0,70850.0,71119.05,1231.71,2024-06-05 06:00:00
631,71119.06,71379.21,71032.6,71200.0,1297.93,2024-06-05 07:00:00
632,71199.99,71243.6,70880.4,70927.57,1095.54,2024-06-05 08:00:00
633,70927.57,71032.08,70825.0,70894.19,758.71,2024-06-05 09:00:00
634,70894.2,70908.59,70725.03,70800.33,860.63,2024-06-05 10:00:00
635,70800.33,71093.96,70694.61,70971.71,740.45,2024-06-05 11:00:00
636,70971.7,71120.0,70652.6,70940.01,1417.83,2024-06-05 12:00:00
637,70940.01,71169.99,70588.0,70730.7,1685.49,2024-06-05 13:00:00
638,70730.7,71080.0,70383.66,70867.99,1853.42,2024-06-05 14:00:00
639,70867.99,71731.35,70775.0,71580.0,2767.86,2024-06-05 15:00:00
640,71580.01,71758.0,71268.0,71312.77,1520.33,2024-06-05 16:00:00
641,71312.78,71704.0,71231.48,71628.98,1367.9,2024-06-05 17:00:00
642,71628.98,71748.22,70895.15,71096.81,1778.54,2024-06-05 18:00:00
643,71096.8,71398.73,70871.2,71279.95,937.99,2024-06-05 19:00:00
644,71279.95,71357.68,71160.0,71196.02,699.46,2024-06-05 20:00:00
645,71196.02,71211.34,71036.31,71138.42,363.26,2024-06-05 21:00:00
646,71138.43,71274.11,71090.0,71144.86,381.45,2024-06-05 22:00:00
647,71144.85,71294.47,70700.0,71108.0,1034.4,2024-06-05 23:00:00
648,71108.0,71183.99,70955.99,71018.06,470.99,2024-06-06 00:00:00
649,71018.06,71189.97,70900.0,71124.0,491.93,2024-06-06 01:00:00
650,71124.01,71237.02,71103.7,71160.0,454.18,2024-06-06 02:00:00
651,71160.01,71188.0,71012.34,71050.0,421.21,2024-06-06 03:00:00
652,71050.0,71106.46,70909.7,71054.52,591.73,2024-06-06 04:00:00
653,71054.51,71084.4,70800.0,70895.45,668.78,2024-06-06 05:00:00
654,70895.45,71037.72,70804.0,70887.99,577.4,2024-06-06 06:00:00
655,70888.0,71069.62,70853.23,71021.47,603.87,2024-06-06 07:00:00
656,71021.46,71039.5,70862.5,70904.01,518.13,2024-06-06 08:00:00
657,70904.01,71147.28,70904.0,70978.88,567.45,2024-06-06 09:00:00
658,70978.89,71000.0,70892.5,70988.0,426.67,2024-06-06 10:00:00
659,70988.01,71204.59,70935.01,71170.01,798.78,2024-06-06 11:00:00
660,71170.01,71443.6,71052.97,71187.17,1387.14,2024-06-06 12:00:00
661,71187.18,71535.95,71000.0,71123.09,1918.7,2024-06-06 13:00:00
662,71123.1,71520.0,71020.57,71464.57,1587.29,2024-06-06 14:00:00
663,71464.56,71700.0,71250.61,71300.0,1524.31,2024-06-06 15:00:00
664,71300.0,71379.93,70825.0,70948.95,2206.41,2024-06-06 16:00:00
665,70948.95,71225.01,70800.0,71098.31,1300.39,2024-06-06 17:00:00
666,71098.3,71158.87,70871.57,71075.0,591.43,2024-06-06 18:00:00
667,71075.0,71078.73,70450.0,70479.49,1416.32,2024-06-06 19:00:00
668,70479.49,70742.49,70117.64,70720.01,1649.27,2024-06-06 20:00:00
669,70720.01,70859.81,70667.0,70740.51,409.44,2024-06-06 21:00:00
670,70740.51,70920.76,70664.0,70901.01,656.5,2024-06-06 22:00:00
671,70901.01,70958.89,70748.8,70799.06,603.67,2024-06-06 23:00:00
672,70799.06,70883.6,70740.0,70883.05,403.79,2024-06-07 00:00:00
673,70883.05,70900.0,70670.48,70840.01,493.06,2024-06-07 01:00:00
674,70840.0,70872.06,70663.59,70824.08,469.58,2024-06-07 02:00:00
675,70824.09,71015.2,70741.2,70989.68,456.08,2024-06-07 03:00:00
676,70989.69,71274.7,70989.68,71226.52,1041.73,2024-06-07 04:00:00
677,71226.52,71449.98,71170.0,71290.6,1688.26,2024-06-07 05:00:00
678,71290.6,71353.06,71162.38,71265.7,589.45,2024-06-07 06:00:00
679,71265.7,71310.8,71068.16,71110.0,854.08,2024-06-07 07:00:00
680,71110.01,71192.4,71048.12,71117.2,754.26,2024-06-07 08:00:00
681,71117.2,71307.28,71060.5,71302.07,605.73,2024-06-07 09:00:00
682,71302.06,71434.86,71202.4,71377.38,577.7,2024-06-07 10:00:00
683,71377.37,71700.0,71303.4,71699.99,1238.42,2024-06-07 11:00:00
684,71700.0,71997.02,70633.21,71234.09,5660.13,2024-06-07 12:00:00
685,71234.09,71655.04,71056.7,71534.6,1555.22,2024-06-07 13:00:00
686,71534.6,71544.06,71170.58,71430.94,991.07,2024-06-07 14:00:00
687,71430.93,71430.93,70850.0,71111.54,1650.05,2024-06-07 15:00:00
688,71111.55,71208.89,70779.0,70873.47,1125.96,2024-06-07 16:00:00
689,70873.48,70873.48,69800.37,69803.59,2585.76,2024-06-07 17:00:00
690,69803.59,69887.99,68420.0,69154.43,8271.34,2024-06-07 18:00:00
691,69154.44,69448.0,68800.0,69255.0,1934.14,2024-06-07 19:00:00
692,69255.01,69318.3,68978.52,69307.99,1132.53,2024-06-07 20:00:00
693,69308.0,69377.85,69203.08,69250.01,496.62,2024-06-07 21:00:00
694,69250.01,69585.96,69184.0,69499.0,583.3,2024-06-07 22:00:00
695,69499.0,69499.0,69323.54,69355.6,440.15,2024-06-07 23:00:00
696,69355.6,69482.75,69296.41,69401.5,575.17,2024-06-08 00:00:00
697,69401.5,69475.04,69287.28,69465.25,531.16,2024-06-08 01:00:00
698,69465.24,69465.25,69387.6,69422.11,300.26,2024-06-08 02:00:00
699,69422.11,69525.0,69411.3,69432.0,385.06,2024-06-08 03:00:00
700,69432.0,69466.92,69277.96,69316.73,426.11,2024-06-08 04:00:00
701,69316.74,69342.79,69232.15,69319.99,353.36,2024-06-08 05:00:00
702,69320.0,69414.89,69296.26,69333.45,401.71,2024-06-08 06:00:00
703,69333.44,69582.2,69333.44,69582.2,540.15,2024-06-08 07:00:00
704,69582.2,69582.2,69381.81,69436.42,364.24,2024-06-08 08:00:00
705,69436.43,69495.99,69382.8,69443.24,329.89,2024-06-08 09:00:00
706,69443.25,69495.98,69360.01,69453.4,384.76,2024-06-08 10:00:00
707,69453.39,69515.0,69318.19,69365.93,547.11,2024-06-08 11:00:00
708,69365.94,69430.0,69265.0,69360.22,436.61,2024-06-08 12:00:00
709,69360.22,69430.01,69168.02,69430.0,801.66,2024-06-08 13:00:00
710,69430.01,69462.25,69309.82,69461.69,538.86,2024-06-08 14:00:00
711,69461.68,69491.36,69421.17,69430.01,341.44,2024-06-08 15:00:00
712,69430.01,69470.16,69292.22,69387.15,570.23,2024-06-08 16:00:00
713,69387.16,69470.0,69336.01,69439.99,489.15,2024-06-08 17:00:00
714,69440.0,69480.0,69427.98,69454.89,269.33,2024-06-08 18:00:00
715,69454.88,69490.0,69427.88,69460.01,249.36,2024-06-08 19:00:00
716,69460.0,69475.18,69313.31,69372.73,304.03,2024-06-08 20:00:00
717,69372.74,69424.47,69327.04,69404.91,179.29,2024-06-08 21:00:00
718,69404.9,69404.91,69290.28,69338.15,201.18,2024-06-08 22:00:00
719,69338.15,69340.0,69292.99,69310.46,253.72,2024-06-08 23:00:00
720,69310.46,69327.99,69225.84,69268.7,279.13,2024-06-09 00:00:00
721,69268.7,69346.9,69230.0,69285.0,207.31,2024-06-09 01:00:00
722,69285.01,69298.0,69139.93,69174.93,386.93,2024-06-09 02:00:00
723,69174.92,69298.0,69130.24,69259.38,311.26,2024-06-09 03:00:00
724,69259.38,69306.22,69244.64,69304.44,215.21,2024-06-09 04:00:00
725,69304.44,69360.4,69234.73,69293.47,201.54,2024-06-09 05:00:00
726,69293.48,69400.0,69276.95,69391.01,246.31,2024-06-09 06:00:00
727,69391.02,69425.7,69273.47,69295.64,368.47,2024-06-09 07:00:00
728,69295.64,69356.0,69283.45,69352.15,210.63,2024-06-09 08:00:00
729,69352.15,69397.19,69341.95,69369.98,195.92,2024-06-09 09:00:00
730,69369.99,69373.24,69333.07,69346.49,236.87,2024-06-09 10:00:00
731,69346.5,69389.0,69333.0,69367.69,225.67,2024-06-09 11:00:00
732,69367.68,69760.0,69351.11,69712.95,864.73,2024-06-09 12:00:00
733,69712.96,69777.0,69250.01,69467.03,1517.18,2024-06-09 13:00:00
734,69467.04,69559.0,69264.01,69490.12,679.93,2024-06-09 14:00:00
735,69490.13,69590.37,69420.42,69508.64,716.47,2024-06-09 15:00:00
736,69508.64,69636.98,69500.0,69622.88,386.18,2024-06-09 16:00:00
737,69622.88,69698.48,69570.0,69660.51,281.77,2024-06-09 17:00:00
738,69660.52,69848.32,69611.26,69738.1,755.07,2024-06-09 18:00:00
739,69738.09,69857.14,69660.03,69710.26,559.04,2024-06-09 19:00:00
740,69710.26,69730.81,69590.33,69686.85,315.37,2024-06-09 20:00:00
741,69686.86,69821.53,69610.0,69749.96,275.1,2024-06-09 21:00:00
742,69749.95,69787.13,69621.2,69634.35,283.04,2024-06-09 22:00:00
743,69634.36,69684.93,69596.01,69648.14,171.43,2024-06-09 23:00:00
744,69648.15,69655.11,69426.0,69559.99,450.65,2024-06-10 00:00:00
745,69559.99,69686.42,69516.0,69625.52,475.15,2024-06-10 01:00:00
746,69625.52,69801.34,69608.4,69716.0,723.35,2024-06-10 02:00:00
747,69716.01,69767.41,69574.8,69613.2,336.95,2024-06-10 03:00:00
748,69613.2,69677.5,69530.95,69674.33,286.63,2024-06-10 04:00:00
749,69674.33,69674.33,69530.0,69580.48,338.77,2024-06-10 05:00:00
750,69580.47,69618.76,69301.0,69429.87,802.1,2024-06-10 06:00:00
751,69429.87,69500.0,69249.99,69303.99,684.35,2024-06-10 07:00:00
752,69304.0,69494.99,69279.35,69387.5,544.64,2024-06-10 08:00:00
753,69387.5,69474.39,69172.29,69449.99,762.57,2024-06-10 09:00:00
754,69450.0,69470.93,69357.38,69439.99,440.03,2024-06-10 10:00:00
755,69439.99,69550.0,69337.02,69473.89,470.06,2024-06-10 11:00:00
756,69473.89,69520.01,69331.55,69363.99,455.61,2024-06-10 12:00:00
757,69364.0,69512.9,69201.59,69408.21,839.3,2024-06-10 13:00:00
758,69408.21,69662.1,69300.01,69662.09,818.84,2024-06-10 14:00:00
759,69662.1,70195.94,69612.26,70066.12,2090.82,2024-06-10 15:00:00
760,70066.12,70105.82,69722.0,69972.17,1157.82,2024-06-10 16:00:00
761,69972.18,70060.0,69761.89,70043.0,591.26,2024-06-10 17:00:00
762,70043.01,70141.1,69737.56,69860.01,1199.8,2024-06-10 18:00:00
763,69860.01,69860.01,69386.81,69490.8,1347.29,2024-06-10 19:00:00
764,69490.81,69700.51,69334.46,69632.51,1256.7,2024-06-10 20:00:00
765,69632.51,69694.68,69530.0,69585.48,333.26,2024-06-10 21:00:00
766,69585.49,69592.0,69424.28,69495.99,371.96,2024-06-10 22:00:00
767,69495.99,69563.38,69400.01,69540.0,344.75,2024-06-10 23:00:00
768,69540.0,69590.01,69400.0,69410.85,441.02,2024-06-11 00:00:00
769,69410.86,69523.71,68500.0,68724.01,2101.68,2024-06-11 01:00:00
770,68724.0,68922.29,67900.0,68268.62,4237.94,2024-06-11 02:00:00
771,68268.62,68488.0,68170.0,68464.0,1288.03,2024-06-11 03:00:00
772,68464.0,68464.0,67617.0,68024.04,3130.15,2024-06-11 04:00:00
773,68024.03,68056.28,67657.03,67903.57,1529.16,2024-06-11 05:00:00
774,67903.58,67974.49,67325.0,67692.0,1795.62,2024-06-11 06:00:00
775,67691.99,67844.76,67526.95,67570.18,1342.87,2024-06-11 07:00:00
776,67570.18,67641.03,67284.38,67516.74,1502.85,2024-06-11 08:00:00
777,67516.75,67662.49,66900.0,67084.34,2014.92,2024-06-11 09:00:00
778,67084.33,67303.46,66732.0,66961.99,2002.25,2024-06-11 10:00:00
779,66961.99,67123.13,66762.58,66890.01,1762.48,2024-06-11 11:00:00
780,66890.0,67194.31,66790.8,67019.99,1589.99,2024-06-11 12:00:00
781,67020.0,67278.88,66568.35,66812.0,2543.43,2024-06-11 13:00:00
782,66812.01,67103.42,66776.81,66851.26,1417.57,2024-06-11 14:00:00
783,66851.27,67076.0,66051.0,66244.48,3798.63,2024-06-11 15:00:00
784,66244.48,66738.78,66161.26,66487.47,1997.25,2024-06-11 16:00:00
785,66487.48,66805.98,66175.0,66770.99,1527.14,2024-06-11 17:00:00
786,66771.0,67229.93,66652.39,67117.3,1607.24,2024-06-11 18:00:00
787,67117.31,67586.64,67070.51,67407.01,1419.52,2024-06-11 19:00:00
788,67407.02,67500.0,67173.92,67290.07,840.01,2024-06-11 20:00:00
789,67290.07,67396.62,67202.26,67396.61,414.56,2024-06-11 21:00:00
790,67396.61,67572.54,67311.42,67360.22,500.48,2024-06-11 22:00:00
791,67360.22,67588.22,67309.91,67314.24,631.22,2024-06-11 23:00:00
792,67314.23,67436.53,67183.47,67199.99,565.55,2024-06-12 00:00:00
793,67199.99,67240.0,66905.0,67180.01,889.31,2024-06-12 01:00:00
794,67180.0,67596.15,67128.08,67415.25,877.47,2024-06-12 02:00:00
795,67415.26,67496.25,67317.77,67407.0,589.92,2024-06-12 03:00:00
796,67407.01,67624.89,67350.01,67481.59,973.22,2024-06-12 04:00:00
797,67481.6,67505.13,67195.97,67243.21,577.78,2024-06-12 05:00:00
798,67243.21,67382.81,67243.2,67281.64,520.53,2024-06-12 06:00:00
799,67281.63,67500.01,67229.78,67453.63,640.99,2024-06-12 07:00:00
800,67453.64,67532.64,67376.1,67393.46,530.28,2024-06-12 08:00:00
801,67393.47,67804.0,67353.02,67753.32,905.14,2024-06-12 09:00:00
802,67753.33,68059.01,67753.32,67991.98,1156.61,2024-06-12 10:00:00
803,67991.99,68015.4,67716.22,67778.43,766.68,2024-06-12 11:00:00
804,67778.43,69488.0,67736.0,69339.29,5379.4,2024-06-12 12:00:00
805,69339.29,69649.8,69084.0,69320.0,2735.1,2024-06-12 13:00:00
806,69320.01,69980.0,69300.01,69960.57,2435.37,2024-06-12 14:00:00
807,69960.56,69999.0,69539.54,69734.0,1853.76,2024-06-12 15:00:00
808,69734.0,69786.46,69289.5,69616.0,1321.98,2024-06-12 16:00:00
809,69616.01,69862.4,69492.0,69799.99,1193.83,2024-06-12 17:00:00
810,69800.0,69808.47,68575.0,68828.01,4588.77,2024-06-12 18:00:00
811,68828.0,69226.14,67250.0,67532.92,4783.44,2024-06-12 19:00:00
812,67532.92,68312.0,67413.51,68103.97,1909.75,2024-06-12 20:00:00
813,68103.96,68667.44,68097.91,68536.0,963.61,2024-06-12 21:00:00
814,68536.0,68539.99,68270.92,68345.82,591.23,2024-06-12 22:00:00
815,68345.81,68347.0,68124.0,68263.99,425.59,2024-06-12 23:00:00
816,68263.98,68393.63,68005.85,68330.02,653.24,2024-06-13 00:00:00
817,68330.02,68363.35,67910.0,67979.63,644.58,2024-06-13 01:00:00
818,67979.63,68177.0,67690.95,67734.81,1421.54,2024-06-13 02:00:00
819,67734.8,67850.08,66969.98,67474.94,2449.29,2024-06-13 03:00:00
820,67474.95,67729.41,67328.0,67328.01,1050.04,2024-06-13 04:00:00
821,67328.01,67680.0,67328.01,67604.04,641.71,2024-06-13 05:00:00
822,67604.04,67614.55,67300.3,67518.57,618.74,2024-06-13 06:00:00
823,67518.58,67724.81,67399.99,67724.81,653.27,2024-06-13 07:00:00
824,67724.8,67752.06,67508.0,67565.56,609.73,2024-06-13 08:00:00
825,67565.57,67569.67,67168.0,67419.86,1062.58,2024-06-13 09:00:00
826,67419.86,67971.2,67230.94,67820.4,1099.81,2024-06-13 10:00:00
827,67820.4,67961.07,67648.49,67739.99,990.11,2024-06-13 11:00:00
828,67740.0,68449.3,67439.43,67749.54,2656.8,2024-06-13 12:00:00
829,67749.54,68272.0,67521.55,67589.99,1896.88,2024-06-13 13:00:00
830,67590.0,67739.28,67150.0,67365.62,2241.28,2024-06-13 14:00:00
831,67365.62,67537.87,66368.76,66470.01,3376.95,2024-06-13 15:00:00
832,66470.01,67019.42,66251.78,66976.0,2330.73,2024-06-13 16:00:00
833,66976.01,67080.13,66639.47,66920.0,1129.9,2024-06-13 17:00:00
834,66919.99,66976.87,66693.43,66862.99,808.59,2024-06-13 18:00:00
835,66862.99,66884.0,66588.83,66604.01,822.61,2024-06-13 19:00:00
836,66604.01,66810.48,66530.84,66712.98,599.29,2024-06-13 20:00:00
837,66712.97,66969.99,66680.14,66969.99,532.99,2024-06-13 21:00:00
838,66969.99,66980.0,66840.07,66896.0,416.84,2024-06-13 22:00:00
839,66895.99,66909.26,66681.4,66773.01,372.06,2024-06-13 23:00:00
840,66773.01,66897.96,66604.6,66727.73,762.29,2024-06-14 00:00:00
841,66727.73,66833.1,66480.0,66806.17,665.05,2024-06-14 01:00:00
842,66806.17,67027.32,66713.5,66952.0,732.1,2024-06-14 02:00:00
843,66952.01,66982.98,66676.28,66744.0,545.51,2024-06-14 03:00:00
844,66744.0,66833.33,66717.0,66717.39,359.55,2024-06-14 04:00:00
845,66717.38,67221.32,66707.76,67052.49,894.31,2024-06-14 05:00:00
846,67052.5,67124.29,66876.0,66962.41,731.33,2024-06-14 06:00:00
847,66962.4,67110.1,66885.68,66904.98,957.86,2024-06-14 07:00:00
848,66904.98,67256.32,66863.46,67152.04,1185.19,2024-06-14 08:00:00
849,67152.04,67152.04,66899.39,66920.01,824.76,2024-06-14 09:00:00
850,66920.01,67015.92,66836.54,66873.14,620.48,2024-06-14 10:00:00
851,66873.15,67101.0,66746.4,67036.0,753.5,2024-06-14 11:00:00
852,67035.99,67288.0,66960.58,67083.3,927.69,2024-06-14 12:00:00
853,67083.31,67370.24,66950.0,67070.5,1248.81,2024-06-14 13:00:00
854,67070.49,67115.25,66561.3,66982.98,1941.14,2024-06-14 14:00:00
855,66982.98,67059.46,66344.67,66392.0,1612.82,2024-06-14 15:00:00
856,66392.0,66520.0,65200.87,65293.4,5528.72,2024-06-14 16:00:00
857,65293.39,65753.23,65078.31,65416.01,1609.37,2024-06-14 17:00:00
858,65416.01,65537.31,65078.0,65524.86,1647.79,2024-06-14 18:00:00
859,65524.85,65684.0,65299.99,65520.02,897.89,2024-06-14 19:00:00
860,65520.02,65970.23,65480.0,65766.41,901.38,2024-06-14 20:00:00
861,65766.41,66627.52,65725.77,66196.01,1843.15,2024-06-14 21:00:00
862,66196.01,66252.0,65882.35,66014.01,869.03,2024-06-14 22:00:00
863,66014.01,66081.39,65916.0,66043.99,348.48,2024-06-14 23:00:00
864,66043.99,66287.76,65967.5,66185.62,835.38,2024-06-15 00:00:00
865,66185.62,66290.0,66064.88,66076.01,380.83,2024-06-15 01:00:00
866,66076.0,66253.29,66050.32,66215.35,310.18,2024-06-15 02:00:00
867,66215.34,66273.88,66192.0,66267.87,481.86,2024-06-15 03:00:00
868,66267.87,66380.58,66210.0,66246.85,509.33,2024-06-15 04:00:00
869,66246.84,66389.1,66215.29,66231.82,459.72,2024-06-15 05:00:00
870,66231.81,66416.66,66127.0,66168.57,848.81,2024-06-15 06:00:00
871,66168.57,66200.0,66065.8,66076.99,1073.61,2024-06-15 07:00:00
872,66076.99,66221.31,66076.98,66221.31,285.96,2024-06-15 08:00:00
873,66221.31,66280.8,66086.51,66227.0,339.29,2024-06-15 09:00:00
874,66227.0,66306.31,66195.91,66300.01,361.43,2024-06-15 10:00:00
875,66300.01,66348.0,66264.01,66319.95,507.09,2024-06-15 11:00:00
876,66319.94,66360.0,66222.7,66348.01,342.37,2024-06-15 12:00:00
877,66348.01,66354.82,66240.11,66313.47,340.4,2024-06-15 13:00:00
878,66313.47,66313.47,66153.84,66220.52,564.32,2024-06-15 14:00:00
879,66220.51,66478.48,66210.83,66316.02,853.45,2024-06-15 15:00:00
880,66316.02,66360.0,66179.99,66184.0,410.47,2024-06-15 16:00:00
881,66184.0,66304.94,66133.92,66250.01,426.79,2024-06-15 17:00:00
882,66250.0,66250.0,66139.5,66145.19,344.05,2024-06-15 18:00:00
883,66145.19,66208.0,66071.47,66154.7,250.34,2024-06-15 19:00:00
884,66154.7,66170.99,65857.1,66048.02,711.44,2024-06-15 20:00:00
885,66048.02,66149.0,66042.85,66126.89,245.18,2024-06-15 21:00:00
886,66126.89,66200.0,66045.08,66200.0,350.99,2024-06-15 22:00:00
887,66199.99,66287.76,66199.99,66228.25,218.49,2024-06-15 23:00:00
888,66228.25,66269.74,66161.95,66161.96,223.6,2024-06-16 00:00:00
889,66161.96,66218.48,66102.03,66175.68,256.26,2024-06-16 01:00:00
890,66175.68,66182.26,66114.27,66142.86,149.86,2024-06-16 02:00:00
891,66142.86,66164.3,66076.55,66146.0,160.87,2024-06-16 03:00:00
892,66145.99,66207.72,66034.5,66166.02,203.12,2024-06-16 04:00:00
893,66166.02,66264.0,66166.01,66264.0,292.78,2024-06-16 05:00:00
894,66264.0,66360.18,66178.77,66312.01,420.12,2024-06-16 06:00:00
895,66312.01,66357.97,66252.0,66266.3,263.95,2024-06-16 07:00:00
896,66266.3,66340.0,66241.64,66272.51,215.38,2024-06-16 08:00:00
897,66272.51,66428.45,66172.5,66409.97,880.01,2024-06-16 09:00:00
898,66409.97,66770.0,66372.47,66716.31,846.03,2024-06-16 10:00:00
899,66716.31,66742.39,66435.15,66492.83,454.36,2024-06-16 11:00:00
900,66492.83,66642.2,66480.0,66597.47,315.8,2024-06-16 12:00:00
901,66597.48,66762.5,66560.0,66762.49,556.86,2024-06-16 13:00:00
902,66762.49,66793.72,66504.0,66519.02,655.22,2024-06-16 14:00:00
903,66519.01,66723.0,66512.06,66712.8,326.44,2024-06-16 15:00:00
904,66712.8,66744.71,66557.2,66592.19,353.2,2024-06-16 16:00:00
905,66592.19,66669.99,66522.0,66578.02,372.34,2024-06-16 17:00:00
906,66578.02,66669.95,66573.51,66590.01,237.38,2024-06-16 18:00:00
907,66590.01,66647.69,66522.0,66562.52,177.53,2024-06-16 19:00:00
908,66562.52,66620.01,66461.25,66517.55,309.0,2024-06-16 20:00:00
909,66517.54,66541.53,66460.0,66525.0,189.3,2024-06-16 21:00:00
910,66525.01,66998.7,66525.0,66755.99,1146.77,2024-06-16 22:00:00
911,66755.99,66826.13,66631.4,66676.87,386.32,2024-06-16 23:00:00
912,66676.86,66913.69,66549.37,66583.96,735.56,2024-06-17 00:00:00
913,66583.96,66610.0,66234.26,66472.26,961.97,2024-06-17 01:00:00
914,66472.25,66480.0,66213.71,66344.02,1076.68,2024-06-17 02:00:00
915,66344.01,66431.36,66155.0,66222.0,533.17,2024-06-17 03:00:00
916,66222.0,66447.88,66170.77,66447.88,497.32,2024-06-17 04:00:00
917,66447.88,66567.68,66295.0,66351.62,476.41,2024-06-17 05:00:00
918,66351.62,66398.0,66080.0,66132.4,837.29,2024-06-17 06:00:00
919,66132.4,66376.0,65939.67,66172.0,1032.03,2024-06-17 07:00:00
920,66172.0,66317.64,65984.01,66194.51,730.25,2024-06-17 08:00:00
921,66194.5,66250.01,65645.34,65722.08,1260.95,2024-06-17 09:00:00
922,65722.07,65960.01,65556.0,65890.0,1393.98,2024-06-17 10:00:00
923,65890.01,66051.5,65796.01,65817.2,710.25,2024-06-17 11:00:00
924,65817.2,65827.9,65500.0,65625.01,866.71,2024-06-17 12:00:00
925,65625.49,65807.05,65189.0,65200.01,1747.88,2024-06-17 13:00:00
926,65200.0,65790.0,65130.0,65472.98,1382.34,2024-06-17 14:00:00
927,65472.98,65788.73,65239.97,65368.0,1356.8,2024-06-17 15:00:00
928,65368.0,66056.65,65138.0,65898.0,2064.83,2024-06-17 16:00:00
929,65898.01,66607.28,65898.0,66607.28,1936.55,2024-06-17 17:00:00
930,66607.27,67298.81,66550.03,67101.48,3203.58,2024-06-17 18:00:00
931,67101.48,67114.0,66562.68,66691.99,1075.12,2024-06-17 19:00:00
932,66691.99,66764.7,66164.01,66397.94,1425.45,2024-06-17 20:00:00
933,66397.94,66717.9,66306.46,66572.0,617.53,2024-06-17 21:00:00
934,66572.0,66702.99,66482.0,66656.0,436.26,2024-06-17 22:00:00
935,66656.01,66714.81,66392.79,66504.33,1027.25,2024-06-17 23:00:00
936,66504.33,66588.23,65485.71,65749.99,1865.04,2024-06-18 00:00:00
937,65749.98,65966.11,64600.0,65133.99,4761.2,2024-06-18 01:00:00
938,65133.99,65653.68,64569.0,65467.43,3252.76,2024-06-18 02:00:00
939,65467.42,65575.16,65268.0,65500.0,1162.36,2024-06-18 03:00:00
940,65500.0,65769.25,65344.24,65574.21,1102.05,2024-06-18 04:00:00
941,65574.21,65845.47,65555.0,65596.01,1048.15,2024-06-18 05:00:00
942,65596.01,65732.16,65389.44,65500.0,1274.92,2024-06-18 06:00:00
943,65499.99,65800.0,65489.56,65672.51,915.2,2024-06-18 07:00:00
944,65672.51,65750.01,65588.0,65727.53,529.05,2024-06-18 08:00:00
945,65727.54,65727.54,65439.97,65469.92,727.66,2024-06-18 09:00:00
946,65469.92,65612.84,65344.99,65435.52,904.29,2024-06-18 10:00:00
947,65435.51,65487.83,65100.0,65366.0,1571.16,2024-06-18 11:00:00
948,65366.0,65433.97,65001.0,65231.95,1933.01,2024-06-18 12:00:00
949,65231.95,65268.0,64638.06,64844.0,3060.79,2024-06-18 13:00:00
950,64844.01,65406.0,64359.92,64633.99,3780.77,2024-06-18 14:00:00
951,64634.0,64929.95,64261.12,64706.0,2620.94,2024-06-18 15:00:00
952,64705.99,64868.98,64336.0,64700.99,2052.9,2024-06-18 16:00:00
953,64700.99,64904.91,64400.0,64610.0,1492.33,2024-06-18 17:00:00
954,64609.99,64867.88,64321.0,64678.01,1240.61,2024-06-18 18:00:00
955,64678.0,64738.83,64060.0,64412.19,2189.09,2024-06-18 19:00:00
956,64412.18,65048.21,64178.1,64936.51,2194.4,2024-06-18 20:00:00
957,64936.5,65305.0,64797.48,65220.02,1082.29,2024-06-18 21:00:00
958,65220.02,65300.0,65052.44,65279.99,777.48,2024-06-18 22:00:00
959,65279.99,65279.99,65056.29,65175.32,811.64,2024-06-18 23:00:00
960,65175.32,65225.89,64855.96,65142.54,1039.92,2024-06-19 00:00:00
961,65142.53,65500.0,64810.62,65035.59,2158.94,2024-06-19 01:00:00
962,65035.59,65489.43,65012.0,65327.94,984.48,2024-06-19 02:00:00
963,65327.94,65603.91,65282.0,65404.0,1078.82,2024-06-19 03:00:00
964,65404.0,65727.54,65349.99,65425.56,1171.37,2024-06-19 04:00:00
965,65425.56,65557.13,65335.0,65413.09,619.03,2024-06-19 05:00:00
966,65413.09,65600.0,65400.0,65599.99,707.44,2024-06-19 06:00:00
967,65600.0,65656.24,65158.05,65326.89,1101.37,2024-06-19 07:00:00
968,65326.89,65356.0,65102.0,65183.89,692.85,2024-06-19 08:00:00
969,65183.89,65306.66,65072.0,65306.65,802.08,2024-06-19 09:00:00
970,65306.66,65520.0,65132.09,65520.0,712.39,2024-06-19 10:00:00
971,65520.0,65544.0,65000.0,65210.0,1644.4,2024-06-19 11:00:00
972,65210.0,65310.02,65030.48,65192.21,629.1,2024-06-19 12:00:00
973,65192.21,65245.21,65054.0,65090.22,580.28,2024-06-19 13:00:00
974,65090.22,65141.89,64832.57,64952.02,1222.81,2024-06-19 14:00:00
975,64952.02,65129.57,64756.28,64922.0,798.51,2024-06-19 15:00:00
976,64921.99,65100.03,64807.35,64922.26,801.59,2024-06-19 16:00:00
977,64922.26,65284.37,64894.25,65083.99,873.54,2024-06-19 17:00:00
978,65083.99,65158.79,64964.06,64973.0,464.93,2024-06-19 18:00:00
979,64973.0,64985.49,64791.76,64882.01,447.24,2024-06-19 19:00:00
980,64882.02,64933.74,64666.0,64874.76,590.94,2024-06-19 20:00:00
981,64874.76,65087.76,64836.98,65004.38,353.33,2024-06-19 21:00:00
982,65004.38,65048.23,64836.0,64836.01,305.31,2024-06-19 22:00:00
983,64836.01,64995.19,64805.01,64974.37,280.12,2024-06-19 23:00:00
984,64974.37,65100.36,64818.72,65098.01,1043.19,2024-06-20 00:00:00
985,65098.0,65407.4,65033.02,65158.56,717.02,2024-06-20 01:00:00
986,65158.57,65237.11,64960.0,65197.45,627.74,2024-06-20 02:00:00
987,65197.45,65244.21,65092.0,65189.99,376.18,2024-06-20 03:00:00
988,65190.0,65338.72,65070.91,65306.01,479.53,2024-06-20 04:00:00
989,65306.01,65613.3,65252.0,65513.93,798.0,2024-06-20 05:00:00
990,65513.93,65635.83,65386.0,65465.24,818.37,2024-06-20 06:00:00
991,65465.24,65967.39,65465.23,65858.84,1122.6,2024-06-20 07:00:00
992,65858.84,65927.48,65603.33,65690.63,700.14,2024-06-20 08:00:00
993,65690.63,65750.32,65559.45,65719.99,726.3,2024-06-20 09:00:00
994,65719.99,66287.49,65646.0,66209.49,869.96,2024-06-20 10:00:00
995,66209.49,66482.94,66109.38,66169.85,1420.29,2024-06-20 11:00:00
996,66169.86,66300.5,65864.88,65979.99,1282.52,2024-06-20 12:00:00
997,65979.99,65998.0,65136.22,65142.65,2651.11,2024-06-20 13:00:00
998,65142.65,65188.99,64658.06,64952.02,1979.37,2024-06-20 14:00:00
999,64952.02,65126.91,64788.4,64831.23,1418.77,2024-06-20 15:00:00
1000,64831.24,64950.0,64559.15,64888.0,1552.45,2024-06-20 16:00:00
1001,64887.99,65027.26,64690.79,64970.02,778.89,2024-06-20 17:00:00
1002,64970.01,65217.21,64940.0,65116.01,712.23,2024-06-20 18:00:00
1003,65116.01,65116.01,64830.0,65050.0,2164.87,2024-06-20 19:00:00
1004,65049.99,65200.11,65001.97,65099.99,776.74,2024-06-20 20:00:00
1005,65100.0,65188.23,65040.51,65050.46,272.03,2024-06-20 21:00:00
1006,65050.47,65150.48,64970.0,64989.95,288.29,2024-06-20 22:00:00
1007,64989.95,65064.42,64848.7,64869.99,688.69,2024-06-20 23:00:00
1008,64869.99,64940.0,64635.49,64832.0,752.02,2024-06-21 00:00:00
1009,64832.0,65015.4,64655.17,64967.98,938.19,2024-06-21 01:00:00
1010,64967.99,65066.66,64721.01,64786.0,555.59,2024-06-21 02:00:00
1011,64786.0,64832.75,64345.0,64506.14,905.3,2024-06-21 03:00:00
1012,64506.15,64673.02,64318.0,64670.0,832.17,2024-06-21 04:00:00
1013,64670.0,64681.02,64508.0,64661.47,524.09,2024-06-21 05:00:00
1014,64661.47,64736.1,64562.5,64627.64,627.49,2024-06-21 06:00:00
1015,64627.64,64739.09,64190.76,64201.63,1033.34,2024-06-21 07:00:00
1016,64201.63,64372.15,63522.75,63639.64,2349.98,2024-06-21 08:00:00
1017,63639.64,64300.0,63564.37,64100.0,1803.08,2024-06-21 09:00:00
1018,64100.0,64174.0,63814.0,63896.02,856.49,2024-06-21 10:00:00
1019,63896.02,64060.01,63672.55,63770.0,1106.71,2024-06-21 11:00:00
1020,63770.01,63929.98,63505.0,63827.39,1278.63,2024-06-21 12:00:00
1021,63827.39,63879.07,63379.35,63615.21,2331.22,2024-06-21 13:00:00
1022,63615.21,64360.0,63452.47,64222.84,2304.87,2024-06-21 14:00:00
1023,64222.83,64353.54,63445.41,63732.02,2003.8,2024-06-21 15:00:00
1024,63732.02,63838.71,63564.56,63657.29,1135.07,2024-06-21 16:00:00
1025,63657.28,63891.68,63465.17,63671.04,964.65,2024-06-21 17:00:00
1026,63671.04,64187.03,63648.02,64172.01,1073.12,2024-06-21 18:00:00
1027,64172.01,64264.95,63944.12,64232.01,862.94,2024-06-21 19:00:00
1028,64232.01,64460.14,64099.89,64200.52,648.78,2024-06-21 20:00:00
1029,64200.52,64208.0,63828.09,64084.43,473.39,2024-06-21 21:00:00
1030,64084.44,64199.7,64084.44,64155.02,357.68,2024-06-21 22:00:00
1031,64155.02,64224.0,64072.0,64143.56,274.97,2024-06-21 23:00:00
1032,64143.56,64185.9,63943.82,64056.47,461.16,2024-06-22 00:00:00
1033,64056.46,64221.45,64056.46,64144.33,285.47,2024-06-22 01:00:00
1034,64144.34,64342.54,64144.34,64303.4,570.81,2024-06-22 02:00:00
1035,64303.41,64332.0,64271.95,64327.45,297.59,2024-06-22 03:00:00
1036,64327.46,64367.17,64253.07,64364.11,377.51,2024-06-22 04:00:00
1037,64364.12,64427.98,64257.79,64424.21,463.66,2024-06-22 05:00:00
1038,64424.21,64530.61,64362.06,64430.0,602.17,2024-06-22 06:00:00
1039,64430.01,64540.26,64324.67,64520.0,678.37,2024-06-22 07:00:00
1040,64519.99,64546.81,64284.0,64289.15,475.33,2024-06-22 08:00:00
1041,64289.16,64338.28,64214.43,64325.99,284.74,2024-06-22 09:00:00
1042,64325.99,64372.66,64280.0,64311.71,343.46,2024-06-22 10:00:00
1043,64311.72,64320.0,64237.58,64265.26,272.81,2024-06-22 11:00:00
1044,64265.27,64336.0,64265.26,64297.84,226.95,2024-06-22 12:00:00
1045,64297.85,64303.22,64246.52,64284.0,267.01,2024-06-22 13:00:00
1046,64284.0,64397.82,64250.25,64287.96,268.62,2024-06-22 14:00:00
1047,64287.96,64307.09,64255.01,64307.08,167.81,2024-06-22 15:00:00
1048,64307.09,64362.0,64272.29,64321.28,179.08,2024-06-22 16:00:00
1049,64321.29,64348.87,64255.0,64256.37,176.05,2024-06-22 17:00:00
1050,64256.38,64328.94,64250.71,64260.81,199.5,2024-06-22 18:00:00
1051,64260.82,64295.02,64218.5,64295.01,174.48,2024-06-22 19:00:00
1052,64295.01,64303.48,64246.01,64283.99,127.2,2024-06-22 20:00:00
1053,64284.0,64330.0,64266.8,64330.0,118.37,2024-06-22 21:00:00
1054,64330.0,64330.0,64272.09,64315.79,99.2,2024-06-22 22:00:00
1055,64315.79,64328.0,64260.0,64262.01,191.61,2024-06-22 23:00:00
1056,64262.01,64520.0,64262.0,64476.43,472.64,2024-06-23 00:00:00
1057,64476.44,64521.0,64329.36,64476.19,310.34,2024-06-23 01:00:00
1058,64476.2,64507.17,64370.0,64507.17,257.21,2024-06-23 02:00:00
1059,64507.17,64519.57,64416.13,64416.14,182.71,2024-06-23 03:00:00
1060,64416.14,64428.25,64375.19,64378.02,151.17,2024-06-23 04:00:00
1061,64378.02,64419.98,64349.49,64380.0,127.57,2024-06-23 05:00:00
1062,64380.01,64413.58,64380.0,64386.5,104.97,2024-06-23 06:00:00
1063,64386.51,64433.03,64376.41,64415.27,142.71,2024-06-23 07:00:00
1064,64415.27,64435.72,64384.19,64395.43,146.37,2024-06-23 08:00:00
1065,64395.44,64437.28,64395.43,64418.81,303.75,2024-06-23 09:00:00
1066,64418.81,64418.81,64281.32,64305.6,283.29,2024-06-23 10:00:00
1067,64305.6,64341.46,64252.85,64341.45,212.33,2024-06-23 11:00:00
1068,64341.46,64376.0,64318.15,64375.99,177.48,2024-06-23 12:00:00
1069,64376.0,64429.1,64254.02,64297.79,308.13,2024-06-23 13:00:00
1070,64297.79,64310.0,64140.9,64192.01,370.06,2024-06-23 14:00:00
1071,64192.0,64200.0,64049.41,64094.0,527.46,2024-06-23 15:00:00
1072,64094.01,64180.01,63918.58,63927.49,529.59,2024-06-23 16:00:00
1073,63927.48,64178.76,63927.48,64120.39,517.18,2024-06-23 17:00:00
1074,64120.39,64153.39,64068.0,64111.98,193.9,2024-06-23 18:00:00
1075,64111.99,64187.62,64094.45,64149.78,189.71,2024-06-23 19:00:00
1076,64149.78,64159.0,63601.01,63740.01,740.61,2024-06-23 20:00:00
1077,63740.02,63860.0,63536.0,63844.67,597.63,2024-06-23 21:00:00
1078,63844.67,63844.67,63639.99,63657.99,358.11,2024-06-23 22:00:00
1079,63658.0,63700.01,63178.32,63210.01,1019.55,2024-06-23 23:00:00
1080,63210.01,63336.32,62903.69,63080.0,1925.84,2024-06-24 00:00:00
1081,63080.01,63348.32,62920.0,63315.99,935.35,2024-06-24 01:00:00
1082,63315.99,63369.8,62695.02,62880.94,1067.46,2024-06-24 02:00:00
1083,62880.95,63077.44,62767.65,62862.0,697.97,2024-06-24 03:00:00
1084,62862.0,62952.0,62634.0,62840.97,793.08,2024-06-24 04:00:00
1085,62840.96,62881.86,62258.01,62314.01,1848.67,2024-06-24 05:00:00
1086,62314.01,62426.0,62160.72,62405.0,1118.01,2024-06-24 06:00:00
1087,62405.0,62596.24,62177.37,62456.0,1308.32,2024-06-24 07:00:00
1088,62456.0,62975.6,62340.01,62730.92,1372.27,2024-06-24 08:00:00
1089,62730.92,62867.0,60567.01,61402.28,6567.42,2024-06-24 09:00:00
1090,61402.28,61582.0,61125.0,61167.15,2512.21,2024-06-24 10:00:00
1091,61167.15,61382.65,60836.09,61291.95,1684.9,2024-06-24 11:00:00
1092,61291.95,61514.55,61121.21,61215.21,1297.7,2024-06-24 12:00:00
1093,61215.21,61649.63,60915.93,61569.2,1473.03,2024-06-24 13:00:00
1094,61569.19,61700.0,61100.0,61303.41,1418.61,2024-06-24 14:00:00
1095,61303.41,61368.0,60670.36,60843.99,1607.6,2024-06-24 15:00:00
1096,60843.99,61044.44,60000.0,60168.01,4635.48,2024-06-24 16:00:00
1097,60168.01,60548.46,59859.0,60244.89,6177.39,2024-06-24 17:00:00
1098,60244.89,60487.0,59711.2,60412.01,2431.21,2024-06-24 18:00:00
1099,60412.01,60478.34,59058.0,59306.72,3165.81,2024-06-24 19:00:00
1100,59306.72,59660.0,58402.0,59514.0,4532.02,2024-06-24 20:00:00
1101,59514.0,60119.24,59411.11,60119.24,1967.93,2024-06-24 21:00:00
1102,60119.24,60277.11,59985.79,60048.98,798.43,2024-06-24 22:00:00
1103,60048.98,60442.71,60002.59,60293.3,824.63,2024-06-24 23:00:00
1104,60293.3,60664.3,60257.06,60409.11,1114.45,2024-06-25 00:00:00
1105,60409.11,60511.0,60282.0,60492.0,470.01,2024-06-25 01:00:00
1106,60492.0,60725.05,60412.0,60676.01,759.36,2024-06-25 02:00:00
1107,60676.01,61598.87,60624.22,61302.59,2473.84,2024-06-25 03:00:00
1108,61302.59,61420.0,61160.05,61371.27,1053.71,2024-06-25 04:00:00
1109,61371.27,61420.0,60931.9,61024.01,779.23,2024-06-25 05:00:00
1110,61024.01,61188.39,60958.0,61139.67,853.86,2024-06-25 06:00:00
1111,61139.67,61255.6,60624.63,60685.16,1391.58,2024-06-25 07:00:00
1112,60685.16,60911.63,60668.01,60860.12,889.81,2024-06-25 08:00:00
1113,60860.11,61583.18,60838.48,61468.01,1341.75,2024-06-25 09:00:00
1114,61468.01,61468.01,61156.38,61317.17,1319.27,2024-06-25 10:00:00
1115,61317.17,61488.71,61125.17,61187.64,1128.24,2024-06-25 11:00:00
1116,61187.64,61270.13,60953.23,61048.51,1426.88,2024-06-25 12:00:00
1117,61048.51,61432.42,61012.0,61200.0,1361.76,2024-06-25 13:00:00
1118,61200.0,62134.0,61155.75,61763.44,3157.37,2024-06-25 14:00:00
1119,61763.44,61960.0,61314.66,61810.0,2789.79,2024-06-25 15:00:00
1120,61810.0,61939.23,61364.31,61390.01,1776.16,2024-06-25 16:00:00
1121,61387.4,61780.0,61331.47,61381.44,1054.39,2024-06-25 17:00:00
1122,61381.44,62230.0,61135.37,62159.09,2134.66,2024-06-25 18:00:00
1123,62159.09,62420.0,61806.12,61975.46,1562.78,2024-06-25 19:00:00
1124,61975.46,62079.47,61872.26,61924.01,711.66,2024-06-25 20:00:00
1125,61924.0,62030.0,61810.0,61916.53,431.57,2024-06-25 21:00:00
1126,61916.53,62162.49,61866.68,61909.99,479.21,2024-06-25 22:00:00
1127,61909.99,61946.39,61664.0,61806.01,727.9,2024-06-25 23:00:00
1128,61806.01,61861.15,61643.48,61767.72,636.94,2024-06-26 00:00:00
1129,61767.72,62184.31,61728.17,62090.01,1251.61,2024-06-26 01:00:00
1130,62090.01,62487.81,62012.73,62028.01,1073.79,2024-06-26 02:00:00
1131,62028.01,62079.99,61850.75,61936.07,576.49,2024-06-26 03:00:00
1132,61936.07,61990.0,61712.94,61712.96,880.71,2024-06-26 04:00:00
1133,61712.96,61795.99,61553.95,61562.01,972.33,2024-06-26 05:00:00
1134,61562.01,61678.83,61520.0,61577.21,732.54,2024-06-26 06:00:00
1135,61577.21,61800.0,61530.0,61720.02,906.53,2024-06-26 07:00:00
1136,61720.02,61754.6,61370.44,61472.48,860.37,2024-06-26 08:00:00
1137,61472.48,61524.34,61310.0,61376.73,662.65,2024-06-26 09:00:00
1138,61376.73,61418.82,61149.64,61264.3,1239.98,2024-06-26 10:00:00
1139,61264.3,61561.47,61264.29,61445.26,730.41,2024-06-26 11:00:00
1140,61445.26,61588.13,61338.0,61431.47,1095.23,2024-06-26 12:00:00
1141,61431.47,61840.34,61381.08,61760.0,1116.89,2024-06-26 13:00:00
1142,61760.0,61980.0,61549.61,61728.13,1237.91,2024-06-26 14:00:00
1143,61728.13,61766.0,61182.8,61467.86,1263.88,2024-06-26 15:00:00
1144,61467.85,61547.02,61151.63,61274.01,939.79,2024-06-26 16:00:00
1145,61274.0,61358.76,60855.0,61242.0,1753.71,2024-06-26 17:00:00
1146,61242.0,61245.92,60902.0,60910.02,832.68,2024-06-26 18:00:00
1147,60910.02,61142.0,60715.3,61000.01,1489.5,2024-06-26 19:00:00
1148,61000.01,61155.66,60712.0,60993.36,1103.65,2024-06-26 20:00:00
1149,60993.36,61080.0,60921.04,61054.35,371.44,2024-06-26 21:00:00
1150,61054.35,61054.36,60783.13,60924.61,429.16,2024-06-26 22:00:00
1151,60924.61,60969.79,60783.26,60864.99,327.49,2024-06-26 23:00:00
1152,60864.98,61052.65,60764.73,60982.0,711.04,2024-06-27 00:00:00
1153,60982.0,61150.0,60890.47,61064.01,521.27,2024-06-27 01:00:00
1154,61064.01,61096.02,60852.87,61029.49,453.59,2024-06-27 02:00:00
1155,61029.49,61300.0,60946.01,61037.31,705.12,2024-06-27 03:00:00
1156,61037.31,61192.0,61013.24,61114.02,468.57,2024-06-27 04:00:00
1157,61114.02,61148.84,60792.0,60805.5,542.58,2024-06-27 05:00:00
1158,60805.5,60853.06,60606.63,60742.01,1033.96,2024-06-27 06:00:00
1159,60742.0,60914.51,60715.54,60794.01,669.62,2024-06-27 07:00:00
1160,60794.01,60866.0,60736.62,60866.0,435.22,2024-06-27 08:00:00
1161,60866.0,61346.0,60818.0,61282.78,824.33,2024-06-27 09:00:00
1162,61282.78,61455.15,61110.0,61110.01,788.45,2024-06-27 10:00:00
1163,61110.01,61314.2,61096.0,61196.02,580.06,2024-06-27 11:00:00
1164,61196.01,61660.0,61154.6,61341.88,1198.52,2024-06-27 12:00:00
1165,61341.87,61994.0,61314.0,61990.0,1761.83,2024-06-27 13:00:00
1166,61990.0,62389.22,61696.64,61729.99,2096.82,2024-06-27 14:00:00
1167,61730.0,61855.23,61532.45,61576.0,1189.89,2024-06-27 15:00:00
1168,61576.0,61829.99,61539.77,61714.57,716.51,2024-06-27 16:00:00
1169,61714.58,62015.52,61690.0,61842.11,655.07,2024-06-27 17:00:00
1170,61842.11,61930.0,61740.0,61882.39,516.02,2024-06-27 18:00:00
1171,61882.39,61890.0,61411.7,61450.0,669.77,2024-06-27 19:00:00
1172,61450.0,61582.0,61338.56,61493.11,559.6,2024-06-27 20:00:00
1173,61493.11,61587.06,61472.01,61536.04,310.78,2024-06-27 21:00:00
1174,61536.04,61672.46,61523.03,61640.01,339.93,2024-06-27 22:00:00
1175,61640.01,61719.92,61611.0,61706.47,595.74,2024-06-27 23:00:00
1176,61706.46,61729.85,61472.37,61560.0,596.69,2024-06-28 00:00:00
1177,61559.99,62225.31,61500.0,62091.99,1166.69,2024-06-28 01:00:00
1178,62091.99,62149.77,61584.76,61730.67,1571.99,2024-06-28 02:00:00
1179,61730.67,61919.33,61650.01,61828.17,614.98,2024-06-28 03:00:00
1180,61828.17,61834.41,61500.07,61750.44,564.53,2024-06-28 04:00:00
1181,61750.44,61750.44,61500.0,61604.01,509.45,2024-06-28 05:00:00
1182,61604.0,61669.41,61504.48,61620.96,419.18,2024-06-28 06:00:00
1183,61620.96,61620.96,61236.0,61350.01,1186.45,2024-06-28 07:00:00
1184,61350.01,61480.21,61212.11,61480.21,678.63,2024-06-28 08:00:00
1185,61480.21,61592.0,61349.99,61547.55,851.09,2024-06-28 09:00:00
1186,61547.55,61595.68,61435.41,61548.14,847.59,2024-06-28 10:00:00
1187,61548.14,61792.34,61482.96,61690.0,1020.22,2024-06-28 11:00:00
1188,61690.0,61875.0,61275.61,61395.09,2303.9,2024-06-28 12:00:00
1189,61395.09,61848.49,61233.92,61297.99,1809.24,2024-06-28 13:00:00
1190,61297.99,61510.0,60780.01,60928.02,2188.62,2024-06-28 14:00:00
1191,60928.01,61191.62,60751.0,61062.01,1344.07,2024-06-28 15:00:00
1192,61062.0,61119.58,60650.0,60940.01,1533.91,2024-06-28 16:00:00
1193,60940.01,61076.25,60708.32,60826.63,882.38,2024-06-28 17:00:00
1194,60826.63,60870.0,60669.74,60828.02,673.72,2024-06-28 18:00:00
1195,60828.02,60849.82,60079.41,60123.73,2041.46,2024-06-28 19:00:00
1196,60123.73,60357.93,60063.0,60229.92,814.31,2024-06-28 20:00:00
1197,60229.92,60400.0,60132.83,60366.01,463.63,2024-06-28 21:00:00
1198,60366.0,60412.4,60293.88,60367.99,408.98,2024-06-28 22:00:00
1199,60367.99,60450.0,60360.0,60427.84,329.47,2024-06-28 23:00:00
1200,60427.84,60820.0,60383.77,60770.71,1386.18,2024-06-29 00:00:00
1201,60770.71,61009.29,60757.04,60901.03,815.04,2024-06-29 01:00:00
1202,60901.03,60978.28,60703.53,60766.05,602.82,2024-06-29 02:00:00
1203,60766.05,60811.45,60714.04,60762.0,301.14,2024-06-29 03:00:00
1204,60762.0,60800.0,60704.46,60773.55,251.11,2024-06-29 04:00:00
1205,60773.55,60788.2,60726.05,60762.02,250.06,2024-06-29 05:00:00
1206,60762.02,60857.28,60742.08,60847.75,246.69,2024-06-29 06:00:00
1207,60847.75,61146.64,60831.44,61052.3,915.04,2024-06-29 07:00:00
1208,61052.3,61087.36,60912.72,60982.03,455.52,2024-06-29 08:00:00
1209,60982.03,61006.68,60890.03,60970.0,478.68,2024-06-29 09:00:00
1210,60970.0,61033.34,60907.8,60994.36,461.94,2024-06-29 10:00:00
1211,60994.36,61224.0,60923.74,61102.33,894.29,2024-06-29 11:00:00
1212,61102.33,61161.8,60990.74,61045.43,572.25,2024-06-29 12:00:00
1213,61045.43,61182.7,61010.0,61102.98,517.97,2024-06-29 13:00:00
1214,61102.98,61160.0,60949.67,61018.01,542.43,2024-06-29 14:00:00
1215,61018.01,61106.0,60956.79,61106.0,364.19,2024-06-29 15:00:00
1216,61106.0,61124.0,60915.12,61009.91,386.69,2024-06-29 16:00:00
1217,61009.91,61060.98,60937.03,61040.77,339.98,2024-06-29 17:00:00
1218,61040.77,61065.0,60990.0,61059.04,232.46,2024-06-29 18:00:00
1219,61059.04,61080.0,60933.98,61057.39,291.29,2024-06-29 19:00:00
1220,61057.38,61088.4,60970.0,61050.0,319.46,2024-06-29 20:00:00
1221,61050.0,61090.0,60944.94,61044.99,319.53,2024-06-29 21:00:00
1222,61044.99,61060.0,60839.51,60970.0,362.76,2024-06-29 22:00:00
1223,60970.0,61059.37,60940.0,60986.68,202.05,2024-06-29 23:00:00
1224,60986.68,61078.01,60922.0,61024.55,362.94,2024-06-30 00:00:00
1225,61024.55,61043.44,60930.03,60961.99,340.23,2024-06-30 01:00:00
1226,60961.99,60961.99,60740.94,60834.27,779.37,2024-06-30 02:00:00
1227,60834.27,60949.36,60791.98,60898.32,323.58,2024-06-30 03:00:00
1228,60898.32,60901.2,60765.18,60777.55,271.34,2024-06-30 04:00:00
1229,60777.54,60809.99,60712.21,60789.26,291.9,2024-06-30 05:00:00
1230,60789.26,61040.18,60771.33,61040.18,434.42,2024-06-30 06:00:00
1231,61040.17,61782.0,61040.17,61528.01,2146.12,2024-06-30 07:00:00
1232,61528.01,61608.07,61393.07,61556.01,716.0,2024-06-30 08:00:00
1233,61556.0,61713.65,61511.11,61529.7,632.9,2024-06-30 09:00:00
1234,61529.7,61634.72,61504.42,61540.0,379.83,2024-06-30 10:00:00
1235,61540.0,61668.0,61524.51,61560.0,624.88,2024-06-30 11:00:00
1236,61560.0,61660.0,61346.0,61496.0,533.79,2024-06-30 12:00:00
1237,61496.0,61747.0,61456.34,61719.61,738.74,2024-06-30 13:00:00
1238,61719.61,61860.0,61528.16,61587.11,880.17,2024-06-30 14:00:00
1239,61587.11,61776.71,61587.1,61717.9,512.18,2024-06-30 15:00:00
1240,61717.9,61749.08,61590.01,61603.54,407.99,2024-06-30 16:00:00
1241,61603.54,61864.01,61603.54,61707.99,754.35,2024-06-30 17:00:00
1242,61707.99,62109.81,61674.25,62055.31,745.67,2024-06-30 18:00:00
1243,62055.3,62100.0,61892.0,62026.83,585.15,2024-06-30 19:00:00
1244,62026.83,62412.42,61980.92,61990.01,1400.35,2024-06-30 20:00:00
1245,61990.0,62014.0,61835.2,61940.01,481.0,2024-06-30 21:00:00
1246,61940.0,62952.2,61940.0,62901.01,2054.45,2024-06-30 22:00:00
1247,62901.0,63058.76,62762.32,62772.01,928.96,2024-06-30 23:00:00
1248,62772.01,62944.0,62573.32,62931.99,987.13,2024-07-01 00:00:00
1249,62931.98,63730.0,62901.71,63640.82,2570.4,2024-07-01 01:00:00
1250,63640.81,63818.33,63288.53,63435.86,2037.33,2024-07-01 02:00:00
1251,63435.86,63536.47,63340.0,63437.69,1264.46,2024-07-01 03:00:00
1252,63437.69,63466.92,63223.2,63279.79,517.15,2024-07-01 04:00:00
1253,63279.79,63457.47,63262.0,63432.94,418.26,2024-07-01 05:00:00
1254,63432.94,63464.74,63293.75,63404.0,526.61,2024-07-01 06:00:00
1255,63403.99,63432.0,63260.71,63277.84,486.84,2024-07-01 07:00:00
1256,63277.84,63314.99,62836.47,62923.91,1388.89,2024-07-01 08:00:00
1257,62923.91,62997.98,62789.16,62938.97,731.18,2024-07-01 09:00:00
1258,62938.97,62977.99,62781.05,62852.24,615.28,2024-07-01 10:00:00
1259,62852.24,62858.0,62593.07,62662.09,1009.77,2024-07-01 11:00:00
1260,62662.09,62900.0,62641.99,62882.0,684.2,2024-07-01 12:00:00
1261,62882.0,63081.11,62497.2,62685.27,1326.77,2024-07-01 13:00:00
1262,62685.27,62944.0,62610.35,62826.02,1425.8,2024-07-01 14:00:00
1263,62826.02,63166.11,62815.63,63132.9,1077.94,2024-07-01 15:00:00
1264,63132.9,63338.12,62966.77,63119.33,1324.97,2024-07-01 16:00:00
1265,63119.33,63697.66,63056.83,63697.66,1361.76,2024-07-01 17:00:00
1266,63697.66,63861.76,63438.45,63649.99,1532.84,2024-07-01 18:00:00
1267,63649.99,63649.99,63071.36,63226.78,1260.39,2024-07-01 19:00:00
1268,63226.78,63423.48,63162.06,63292.53,543.31,2024-07-01 20:00:00
1269,63292.53,63292.53,63036.82,63130.01,342.53,2024-07-01 21:00:00
1270,63130.01,63162.5,62804.6,62975.1,658.76,2024-07-01 22:00:00
1271,62975.1,63037.18,62834.0,62899.99,454.54,2024-07-01 23:00:00
1272,62900.0,62988.0,62787.42,62926.65,395.65,2024-07-02 00:00:00
1273,62926.65,62960.86,62815.71,62926.0,299.29,2024-07-02 01:00:00
1274,62926.0,63127.1,62924.0,62999.56,514.47,2024-07-02 02:00:00
1275,62999.56,63288.83,62991.03,63138.67,469.51,2024-07-02 03:00:00
1276,63138.68,63245.8,63038.01,63038.01,532.01,2024-07-02 04:00:00
1277,63038.02,63094.73,63002.0,63024.0,265.73,2024-07-02 05:00:00
1278,63024.0,63048.86,62818.72,62866.0,698.38,2024-07-02 06:00:00
1279,62866.01,62880.0,62580.0,62629.99,1022.42,2024-07-02 07:00:00
1280,62630.0,62746.55,62401.23,62670.01,1141.2,2024-07-02 08:00:00
1281,62670.01,62795.68,62601.18,62650.01,1695.33,2024-07-02 09:00:00
1282,62650.01,62801.05,62485.63,62715.98,787.72,2024-07-02 10:00:00
1283,62715.98,62866.2,62616.28,62832.01,514.78,2024-07-02 11:00:00
1284,62832.01,63042.91,62723.79,62878.45,673.26,2024-07-02 12:00:00
1285,62878.45,63152.0,62517.81,62626.92,1356.82,2024-07-02 13:00:00
1286,62626.92,62730.0,61867.29,62035.43,2827.23,2024-07-02 14:00:00
1287,62035.43,62160.04,61823.74,61948.08,1109.28,2024-07-02 15:00:00
1288,61948.08,62026.45,61806.28,61920.89,889.07,2024-07-02 16:00:00
1289,61920.9,62152.2,61888.0,62147.98,462.22,2024-07-02 17:00:00
1290,62147.99,62368.81,62141.81,62330.01,814.73,2024-07-02 18:00:00
1291,62330.01,62367.51,61884.01,61939.1,675.61,2024-07-02 19:00:00
1292,61939.1,62080.73,61875.55,62012.01,458.47,2024-07-02 20:00:00
1293,62012.01,62089.61,61903.41,61958.02,440.44,2024-07-02 21:00:00
1294,61958.03,62113.63,61958.02,62090.01,298.89,2024-07-02 22:00:00
1295,62090.01,62181.24,62078.53,62135.47,230.61,2024-07-02 23:00:00
1296,62135.46,62285.94,62093.36,62094.02,364.83,2024-07-03 00:00:00
1297,62094.02,62218.0,61228.8,61617.91,1595.13,2024-07-03 01:00:00
1298,61617.9,61617.91,61245.96,61362.0,1459.75,2024-07-03 02:00:00
1299,61362.01,61371.19,60600.0,60987.99,1725.86,2024-07-03 03:00:00
1300,60988.0,60988.0,60816.0,60883.9,581.26,2024-07-03 04:00:00
1301,60883.89,61121.52,60859.53,61121.52,574.89,2024-07-03 05:00:00
1302,61121.52,61181.84,60976.56,61014.0,589.71,2024-07-03 06:00:00
1303,61014.0,61029.39,60845.01,60870.01,610.74,2024-07-03 07:00:00
1304,60870.01,60978.19,60390.0,60497.59,2958.55,2024-07-03 08:00:00
1305,60497.6,60667.18,60320.0,60606.01,1299.51,2024-07-03 09:00:00
1306,60606.02,60618.0,59600.0,60383.99,3193.59,2024-07-03 10:00:00
1307,60384.0,60480.0,60112.0,60386.01,1394.43,2024-07-03 11:00:00
1308,60386.01,60386.01,59921.17,60028.01,2089.23,2024-07-03 12:00:00
1309,60028.01,60640.1,59752.29,60589.99,2204.25,2024-07-03 13:00:00
1310,60590.0,60740.2,60263.09,60281.15,1443.1,2024-07-03 14:00:00
1311,60281.16,60464.0,59972.72,60186.25,1463.39,2024-07-03 15:00:00
1312,60186.25,60655.56,60100.0,60495.98,1631.45,2024-07-03 16:00:00
1313,60495.99,60515.99,60200.0,60371.34,723.55,2024-07-03 17:00:00
1314,60371.34,60446.06,60240.0,60248.01,652.73,2024-07-03 18:00:00
1315,60248.0,60248.0,59666.0,59671.1,1926.21,2024-07-03 19:00:00
1316,59671.11,59871.1,59581.71,59609.26,1248.27,2024-07-03 20:00:00
1317,59609.25,60340.0,59400.0,60247.59,1489.43,2024-07-03 21:00:00
1318,60247.58,60371.57,60125.49,60316.01,597.5,2024-07-03 22:00:00
1319,60316.02,60374.82,60208.57,60208.58,342.75,2024-07-03 23:00:00
1320,60208.57,60475.91,60208.57,60430.01,772.76,2024-07-04 00:00:00
1321,60430.01,60498.19,58444.0,58561.1,5938.3,2024-07-04 01:00:00
1322,58561.1,59106.84,57800.01,58972.13,5843.69,2024-07-04 02:00:00
1323,58972.13,59155.8,58815.94,59102.0,937.03,2024-07-04 03:00:00
1324,59102.0,59150.0,58724.98,58968.36,794.32,2024-07-04 04:00:00
1325,58968.37,59036.0,58865.27,58902.0,622.8,2024-07-04 05:00:00
1326,58902.0,59076.18,58535.8,58795.99,1422.51,2024-07-04 06:00:00
1327,58796.0,58857.99,58104.0,58219.99,2155.52,2024-07-04 07:00:00
1328,58219.99,58506.18,57238.68,57688.46,4505.25,2024-07-04 08:00:00
1329,57688.46,57873.53,56952.0,57748.0,5315.27,2024-07-04 09:00:00
1330,57748.01,57952.95,57427.71,57946.43,1933.09,2024-07-04 10:00:00
1331,57946.43,58118.96,57680.01,57761.94,1486.45,2024-07-04 11:00:00
1332,57761.95,57761.95,57161.55,57247.98,1939.82,2024-07-04 12:00:00
1333,57247.98,57504.38,56771.0,57420.02,4993.43,2024-07-04 13:00:00
1334,57420.02,57539.05,56853.77,57450.25,2342.16,2024-07-04 14:00:00
1335,57450.25,58350.19,57356.78,58140.0,2842.23,2024-07-04 15:00:00
1336,58140.0,58397.6,57752.27,58304.59,1571.85,2024-07-04 16:00:00
1337,58304.59,58383.99,58100.0,58240.0,1092.22,2024-07-04 17:00:00
1338,58239.99,58370.0,57938.0,58168.0,1121.47,2024-07-04 18:00:00
1339,58168.0,58676.24,58141.66,58283.62,1223.75,2024-07-04 19:00:00
1340,58283.62,58358.99,58130.01,58358.99,556.16,2024-07-04 20:00:00
1341,58358.99,58647.22,58288.33,58494.01,536.35,2024-07-04 21:00:00
1342,58494.0,58813.13,58000.0,58038.84,1145.56,2024-07-04 22:00:00
1343,58038.84,58112.84,56866.0,57050.01,3476.79,2024-07-04 23:00:00
1344,57050.02,57546.0,56690.0,57375.99,3851.73,2024-07-05 00:00:00
1345,57375.99,57442.0,56807.0,57172.01,1707.55,2024-07-05 01:00:00
1346,57172.02,57243.1,55458.7,55766.32,5980.46,2024-07-05 02:00:00
1347,55766.32,55992.58,55000.0,55227.99,7303.17,2024-07-05 03:00:00
1348,55228.0,55356.42,53485.93,53941.1,8101.44,2024-07-05 04:00:00
1349,53941.1,54812.96,53801.1,54806.02,3720.22,2024-07-05 05:00:00
1350,54806.02,54818.3,53871.16,54283.99,3370.6,2024-07-05 06:00:00
1351,54283.99,54449.36,53971.01,54415.05,3156.24,2024-07-05 07:00:00
1352,54415.04,54460.86,54070.99,54088.0,2005.29,2024-07-05 08:00:00
1353,54088.0,54734.34,53900.0,54528.0,3533.65,2024-07-05 09:00:00
1354,54528.0,55367.12,54410.0,54987.99,3715.19,2024-07-05 10:00:00
1355,54987.99,55650.0,54987.99,55486.5,4803.93,2024-07-05 11:00:00
1356,55486.51,55950.0,54987.99,55052.81,5135.73,2024-07-05 12:00:00
1357,55052.8,55884.69,54828.52,55829.99,3475.3,2024-07-05 13:00:00
1358,55830.0,55896.32,55350.0,55753.98,2873.84,2024-07-05 14:00:00
1359,55753.99,56678.19,55663.89,56662.0,5115.51,2024-07-05 15:00:00
1360,56662.99,56936.84,56150.0,56448.15,3936.07,2024-07-05 16:00:00
1361,56448.15,57040.02,56301.1,56453.18,2496.05,2024-07-05 17:00:00
1362,56453.19,56724.13,55779.33,56546.16,2853.72,2024-07-05 18:00:00
1363,56546.15,56746.89,56330.41,56465.42,1304.26,2024-07-05 19:00:00
1364,56465.41,56516.01,56315.0,56351.1,762.63,2024-07-05 20:00:00
1365,56351.09,56791.1,56345.6,56517.61,709.91,2024-07-05 21:00:00
1366,56517.61,56735.99,56400.0,56621.09,704.72,2024-07-05 22:00:00
1367,56621.09,56866.0,56616.01,56628.79,731.03,2024-07-05 23:00:00
1368,56628.79,56998.0,56355.08,56601.1,1897.62,2024-07-06 00:00:00
1369,56601.1,56611.99,56208.0,56219.64,1228.29,2024-07-06 01:00:00
1370,56219.65,56498.01,56170.5,56440.0,772.35,2024-07-06 02:00:00
1371,56439.99,56520.0,56268.17,56410.0,532.15,2024-07-06 03:00:00
1372,56409.99,56417.99,56044.0,56059.49,646.75,2024-07-06 04:00:00
1373,56059.49,56489.53,56018.0,56362.54,921.2,2024-07-06 05:00:00
1374,56362.54,56568.0,56346.84,56417.35,685.25,2024-07-06 06:00:00
1375,56417.36,56683.9,56401.1,56606.0,836.95,2024-07-06 07:00:00
1376,56606.0,56657.75,56506.99,56557.81,513.35,2024-07-06 08:00:00
1377,56557.81,56780.01,56436.78,56766.0,623.6,2024-07-06 09:00:00
1378,56765.99,56876.33,56650.0,56780.0,726.24,2024-07-06 10:00:00
1379,56780.01,56799.99,56660.16,56731.42,498.19,2024-07-06 11:00:00
1380,56731.42,56796.97,56500.0,56755.47,794.01,2024-07-06 12:00:00
1381,56755.48,57299.0,56659.77,56991.1,1340.28,2024-07-06 13:00:00
1382,56991.09,57127.64,56699.97,57058.91,1253.33,2024-07-06 14:00:00
1383,57058.9,57441.1,56927.81,57317.98,1491.52,2024-07-06 15:00:00
1384,57317.99,58113.0,57185.76,57852.62,2509.53,2024-07-06 16:00:00
1385,57852.62,58031.67,57746.75,57965.19,807.82,2024-07-06 17:00:00
1386,57965.2,58021.1,57746.41,57786.98,575.96,2024-07-06 18:00:00
1387,57786.98,57931.77,57732.0,57857.99,379.2,2024-07-06 19:00:00
1388,57857.99,58225.14,57836.0,57971.99,747.24,2024-07-06 20:00:00
1389,57971.99,58278.07,57806.92,57868.01,501.87,2024-07-06 21:00:00
1390,57868.01,58117.99,57868.0,58106.46,426.72,2024-07-06 22:00:00
1391,58106.46,58475.0,58102.73,58230.13,941.89,2024-07-06 23:00:00
1392,58230.13,58301.31,57914.14,57931.79,748.4,2024-07-07 00:00:00
1393,57931.79,58318.69,57838.0,58114.0,691.15,2024-07-07 01:00:00
1394,58114.0,58449.46,58113.99,58359.99,797.59,2024-07-07 02:00:00
1395,58359.99,58364.0,57855.82,57963.45,893.83,2024-07-07 03:00:00
1396,57963.46,58007.87,57575.0,57598.0,1168.24,2024-07-07 04:00:00
1397,57598.0,57800.0,57416.0,57648.0,799.5,2024-07-07 05:00:00
1398,57647.99,57789.18,57609.31,57646.15,402.83,2024-07-07 06:00:00
1399,57646.16,57691.1,57073.36,57369.99,1184.52,2024-07-07 07:00:00
1400,57369.99,57661.58,57369.98,57650.45,707.67,2024-07-07 08:00:00
1401,57650.45,57733.99,57565.94,57733.4,408.85,2024-07-07 09:00:00
1402,57733.41,57911.71,57499.36,57510.2,632.74,2024-07-07 10:00:00
1403,57510.21,57543.69,57350.94,57460.0,491.74,2024-07-07 11:00:00
1404,57460.0,57631.02,57204.63,57341.09,499.81,2024-07-07 12:00:00
1405,57341.1,57361.1,56777.77,56872.0,1332.67,2024-07-07 13:00:00
1406,56872.01,56938.81,56563.46,56771.51,1443.3,2024-07-07 14:00:00
1407,56771.51,57061.1,56728.92,56825.42,725.51,2024-07-07 15:00:00
1408,56825.42,57174.99,56755.55,57122.0,697.86,2024-07-07 16:00:00
1409,57122.0,57285.91,56794.0,57231.1,561.66,2024-07-07 17:00:00
1410,57231.1,57392.0,57122.14,57172.01,447.2,2024-07-07 18:00:00
1411,57172.01,57197.98,57022.53,57151.1,276.44,2024-07-07 19:00:00
1412,57151.1,57319.1,57041.1,57274.18,298.0,2024-07-07 20:00:00
1413,57274.18,57285.29,56210.0,56596.0,1622.64,2024-07-07 21:00:00
1414,56596.0,56793.11,56392.39,56395.54,761.0,2024-07-07 22:00:00
1415,56395.54,56527.76,55724.37,55857.81,1525.77,2024-07-07 23:00:00
1416,55857.81,56023.07,55036.59,55094.0,3127.97,2024-07-08 00:00:00
1417,55094.01,55109.88,54260.16,54958.19,4904.44,2024-07-08 01:00:00
1418,54958.19,55447.09,54588.0,55384.79,2282.53,2024-07-08 02:00:00
1419,55384.79,55489.0,54868.0,55160.01,1236.64,2024-07-08 03:00:00
1420,55160.0,55639.98,54963.62,55496.0,1223.74,2024-07-08 04:00:00
1421,55495.99,55711.1,55292.0,55478.7,1085.26,2024-07-08 05:00:00
1422,55478.71,55900.0,55207.17,55633.98,1250.82,2024-07-08 06:00:00
1423,55633.98,55867.58,55523.77,55852.01,844.84,2024-07-08 07:00:00
1424,55852.0,57891.81,55741.11,57792.0,4740.12,2024-07-08 08:00:00
1425,57791.99,58236.73,57309.68,57512.14,3525.75,2024-07-08 09:00:00
1426,57512.13,57719.94,56705.94,56815.98,1931.08,2024-07-08 10:00:00
1427,56815.99,57360.01,56751.11,57154.01,1652.8,2024-07-08 11:00:00
1428,57154.01,57621.1,56864.0,57151.11,1533.14,2024-07-08 12:00:00
1429,57151.1,57439.6,56767.22,57236.01,1628.57,2024-07-08 13:00:00
1430,57236.01,57297.16,54800.0,56185.24,7618.22,2024-07-08 14:00:00
1431,56185.24,56785.59,55704.01,55761.52,2136.09,2024-07-08 15:00:00
1432,55761.52,56114.0,55425.74,55812.0,1474.03,2024-07-08 16:00:00
1433,55812.0,56370.0,55600.0,56287.38,1236.01,2024-07-08 17:00:00
1434,56287.38,56574.99,56160.0,56280.32,967.21,2024-07-08 18:00:00
1435,56280.32,56544.0,56155.63,56477.31,1026.62,2024-07-08 19:00:00
1436,56477.3,56572.12,56200.01,56259.9,682.34,2024-07-08 20:00:00
1437,56259.9,56835.25,56200.0,56642.47,810.55,2024-07-08 21:00:00
1438,56642.47,56971.94,56550.16,56684.48,724.39,2024-07-08 22:00:00
1439,56684.49,56870.16,56611.48,56714.62,447.06,2024-07-08 23:00:00
1440,56714.61,56765.85,56289.45,56531.05,777.31,2024-07-09 00:00:00
1441,56531.06,57275.67,56439.97,56560.39,1517.01,2024-07-09 01:00:00
1442,56560.39,57362.66,56335.03,57261.9,1203.11,2024-07-09 02:00:00
1443,57261.9,57272.0,56877.25,57168.36,630.83,2024-07-09 03:00:00
1444,57168.36,57366.19,57109.21,57286.0,868.58,2024-07-09 04:00:00
1445,57286.01,57432.93,57120.0,57291.49,849.6,2024-07-09 05:00:00
1446,57291.48,57754.0,57192.54,57475.99,1274.59,2024-07-09 06:00:00
1447,57476.0,57560.0,57011.5,57116.84,1350.19,2024-07-09 07:00:00
1448,57116.84,57900.0,57024.01,57615.54,1768.2,2024-07-09 08:00:00
1449,57615.54,57689.04,57502.0,57588.01,779.11,2024-07-09 09:00:00
1450,57588.01,57668.54,57273.25,57426.46,823.4,2024-07-09 10:00:00
1451,57426.46,57545.8,57220.0,57428.01,439.72,2024-07-09 11:00:00
1452,57428.01,57560.0,57269.86,57338.01,1704.03,2024-07-09 12:00:00
1453,57338.01,57410.8,56920.0,57325.27,1774.06,2024-07-09 13:00:00
1454,57325.27,58131.09,57027.77,57060.0,3726.65,2024-07-09 14:00:00
1455,57060.0,57500.01,56903.0,57477.01,1584.03,2024-07-09 15:00:00
1456,57477.0,57869.36,57362.08,57690.01,1406.81,2024-07-09 16:00:00
1457,57690.01,57797.88,57370.84,57523.01,617.88,2024-07-09 17:00:00
1458,57523.0,58296.0,57442.62,57907.5,1583.32,2024-07-09 18:00:00
1459,57907.5,57930.0,57682.17,57862.01,556.81,2024-07-09 19:00:00
1460,57862.01,58096.68,57704.3,57929.25,865.65,2024-07-09 20:00:00
1461,57929.26,57977.46,57758.83,57800.01,416.71,2024-07-09 21:00:00
1462,57800.01,58260.0,57720.0,57936.0,756.8,2024-07-09 22:00:00
1463,57936.0,58116.13,57864.82,58050.0,457.8,2024-07-09 23:00:00
1464,58050.0,58050.0,57422.94,57486.37,714.35,2024-07-10 00:00:00
1465,57486.38,58000.01,57309.09,57798.89,954.1,2024-07-10 01:00:00
1466,57798.89,57914.89,57642.86,57882.55,530.0,2024-07-10 02:00:00
1467,57882.55,58208.0,57840.0,58180.01,563.78,2024-07-10 03:00:00
1468,58180.0,59436.0,58180.0,59347.44,3438.39,2024-07-10 04:00:00
1469,59347.43,59470.0,58820.44,58975.01,1187.68,2024-07-10 05:00:00
1470,58975.01,59313.06,58846.45,59238.47,697.82,2024-07-10 06:00:00
1471,59238.48,59286.2,58840.0,58977.99,742.6,2024-07-10 07:00:00
1472,58977.99,59032.82,58602.84,58756.01,889.12,2024-07-10 08:00:00
1473,58756.01,58769.4,58401.0,58490.0,1073.12,2024-07-10 09:00:00
1474,58489.99,58737.24,58311.66,58656.01,1060.98,2024-07-10 10:00:00
1475,58656.02,58717.09,58350.0,58492.0,1019.2,2024-07-10 11:00:00
1476,58492.0,58550.0,57740.86,58150.44,2139.02,2024-07-10 12:00:00
1477,58150.44,58288.3,57507.04,57760.0,2203.07,2024-07-10 13:00:00
1478,57760.0,57893.15,57471.12,57713.03,1276.13,2024-07-10 14:00:00
1479,57713.03,58047.07,57483.0,57699.69,1287.05,2024-07-10 15:00:00
1480,57699.69,58019.89,57584.37,57696.73,1279.03,2024-07-10 16:00:00
1481,57696.73,57755.74,57439.67,57627.81,693.45,2024-07-10 17:00:00
1482,57627.81,57783.55,57480.72,57630.16,424.28,2024-07-10 18:00:00
1483,57630.16,57630.16,57353.84,57392.03,603.96,2024-07-10 19:00:00
1484,57392.03,57550.0,57157.79,57409.23,763.89,2024-07-10 20:00:00
1485,57409.23,57550.0,57264.7,57434.41,465.01,2024-07-10 21:00:00
1486,57434.41,57856.54,57427.1,57710.73,618.93,2024-07-10 22:00:00
1487,57710.74,57879.58,57604.25,57725.85,326.76,2024-07-10 23:00:00
1488,57725.85,57728.78,57358.2,57628.89,547.18,2024-07-11 00:00:00
1489,57628.89,58407.05,57485.74,58280.35,1157.04,2024-07-11 01:00:00
1490,58280.35,58383.58,57743.75,57869.99,732.92,2024-07-11 02:00:00
1491,57870.0,57959.14,57050.0,57568.0,1729.16,2024-07-11 03:00:00
1492,57568.0,57793.46,57488.28,57779.99,815.5,2024-07-11 04:00:00
1493,57779.99,58100.0,57704.07,57994.01,995.93,2024-07-11 05:00:00
1494,57994.01,58097.95,57872.89,57996.0,705.93,2024-07-11 06:00:00
1495,57996.0,58300.0,57922.67,58191.5,933.11,2024-07-11 07:00:00
1496,58191.5,58328.0,58052.0,58159.09,572.25,2024-07-11 08:00:00
1497,58159.09,58381.7,58067.25,58290.13,871.21,2024-07-11 09:00:00
1498,58290.14,58500.0,58174.25,58462.29,888.59,2024-07-11 10:00:00
1499,58462.29,58936.52,58390.96,58777.99,1772.36,2024-07-11 11:00:00
1500,58777.99,59650.0,58470.76,58816.35,4429.95,2024-07-11 12:00:00
1501,58816.35,58970.98,58236.95,58566.16,2363.94,2024-07-11 13:00:00
1502,58566.16,58674.41,57555.0,57790.01,3078.63,2024-07-11 14:00:00
1503,57790.01,58125.8,57266.58,57402.01,2173.38,2024-07-11 15:00:00
1504,57402.01,57751.73,57178.0,57640.84,1080.01,2024-07-11 16:00:00
1505,57640.84,57940.01,57582.67,57797.32,790.43,2024-07-11 17:00:00
1506,57797.32,58000.61,57674.32,57841.27,790.42,2024-07-11 18:00:00
1507,57841.27,57849.41,57340.0,57378.01,1013.34,2024-07-11 19:00:00
1508,57378.0,57590.9,57205.45,57554.0,732.5,2024-07-11 20:00:00
1509,57554.0,57636.0,57315.94,57460.02,416.48,2024-07-11 21:00:00
1510,57460.02,57538.88,57150.0,57338.58,601.36,2024-07-11 22:00:00
1511,57338.58,57399.88,57152.38,57339.89,569.44,2024-07-11 23:00:00
1512,57339.89,57571.86,57150.01,57178.0,694.96,2024-07-12 00:00:00
1513,57178.0,57346.97,56542.47,56950.01,1628.21,2024-07-12 01:00:00
1514,56950.01,57419.22,56880.29,57332.88,824.41,2024-07-12 02:00:00
1515,57332.88,57368.0,56852.94,56914.01,607.86,2024-07-12 03:00:00
1516,56914.01,57067.75,56716.68,57018.0,536.28,2024-07-12 04:00:00
1517,57018.01,57104.92,56942.0,57026.0,450.78,2024-07-12 05:00:00
1518,57026.01,57416.13,57020.15,57210.0,882.62,2024-07-12 06:00:00
1519,57210.01,57319.5,56836.29,57106.94,1039.7,2024-07-12 07:00:00
1520,57106.95,57334.32,57028.87,57323.02,865.0,2024-07-12 08:00:00
1521,57323.03,57325.6,56864.04,56949.99,611.58,2024-07-12 09:00:00
1522,56950.0,57190.0,56767.05,57172.84,702.76,2024-07-12 10:00:00
1523,57172.84,57278.0,57060.0,57203.54,963.19,2024-07-12 11:00:00
1524,57203.54,57479.51,57000.0,57382.3,1765.77,2024-07-12 12:00:00
1525,57382.29,58006.79,57355.8,57850.2,1948.59,2024-07-12 13:00:00
1526,57850.2,58020.0,57688.9,57820.01,1408.26,2024-07-12 14:00:00
1527,57820.0,58278.0,57775.27,58214.0,1581.77,2024-07-12 15:00:00
1528,58213.99,58428.91,57936.97,58116.01,1495.86,2024-07-12 16:00:00
1529,58116.0,58317.12,57951.01,58161.82,718.94,2024-07-12 17:00:00
1530,58161.82,58526.68,58065.0,58296.9,1034.85,2024-07-12 18:00:00
1531,58296.9,58355.51,57500.0,57576.01,1662.87,2024-07-12 19:00:00
1532,57576.01,57646.0,57150.06,57542.01,1140.29,2024-07-12 20:00:00
1533,57542.0,57680.6,57502.0,57597.03,334.05,2024-07-12 21:00:00
1534,57597.02,57874.29,57580.0,57792.01,466.51,2024-07-12 22:00:00
1535,57792.01,57906.1,57716.0,57889.1,287.36,2024-07-12 23:00:00
1536,57889.09,57926.5,57762.39,57835.58,314.73,2024-07-13 00:00:00
1537,57835.57,57969.7,57807.94,57880.0,290.06,2024-07-13 01:00:00
1538,57880.0,57958.38,57766.78,57946.43,516.38,2024-07-13 02:00:00
1539,57946.43,57991.5,57786.65,57814.0,325.66,2024-07-13 03:00:00
1540,57814.0,57852.13,57769.82,57775.86,280.97,2024-07-13 04:00:00
1541,57775.86,58179.92,57756.63,58076.02,746.65,2024-07-13 05:00:00
1542,58076.02,58216.08,58002.0,58038.55,327.94,2024-07-13 06:00:00
1543,58038.55,58170.33,58013.29,58170.32,276.62,2024-07-13 07:00:00
1544,58170.33,58198.46,57940.1,57949.93,340.86,2024-07-13 08:00:00
1545,57950.2,58854.98,57900.57,58678.02,1451.98,2024-07-13 09:00:00
1546,58678.02,58759.98,58346.58,58436.67,839.28,2024-07-13 10:00:00
1547,58436.67,58599.0,58383.32,58534.0,433.06,2024-07-13 11:00:00
1548,58534.0,58899.46,58434.38,58768.01,935.24,2024-07-13 12:00:00
1549,58768.01,58830.0,58576.1,58617.72,603.25,2024-07-13 13:00:00
1550,58617.71,58801.49,58479.48,58800.0,551.31,2024-07-13 14:00:00
1551,58800.0,58869.16,58684.2,58830.63,846.88,2024-07-13 15:00:00
1552,58830.62,58964.89,58601.55,58621.99,901.97,2024-07-13 16:00:00
1553,58621.99,58708.0,58572.98,58708.0,290.85,2024-07-13 17:00:00
1554,58708.0,58800.0,58573.61,58643.8,290.76,2024-07-13 18:00:00
1555,58643.8,58738.44,58600.0,58624.38,208.47,2024-07-13 19:00:00
1556,58624.38,58674.0,58554.69,58596.01,313.6,2024-07-13 20:00:00
1557,58596.01,58690.0,58580.0,58686.0,153.91,2024-07-13 21:00:00
1558,58686.0,59540.0,58288.19,59464.53,1825.76,2024-07-13 22:00:00
1559,59464.53,59850.0,59133.26,59204.02,2291.57,2024-07-13 23:00:00
1560,59204.01,59790.0,59194.01,59753.99,1173.6,2024-07-14 00:00:00
1561,59753.98,59838.0,59436.27,59705.99,999.9,2024-07-14 01:00:00
1562,59705.99,59750.0,59279.99,59356.0,587.87,2024-07-14 02:00:00
1563,59356.0,59590.12,59340.0,59466.15,468.08,2024-07-14 03:00:00
1564,59466.16,60100.0,59418.68,59950.0,1499.7,2024-07-14 04:00:00
1565,59950.0,60296.0,59802.35,60265.38,1621.61,2024-07-14 05:00:00
1566,60265.39,60324.61,59786.69,59875.99,1046.36,2024-07-14 06:00:00
1567,59876.0,60124.01,59823.56,60062.01,618.86,2024-07-14 07:00:00
1568,60062.01,60400.0,60062.0,60202.0,1010.41,2024-07-14 08:00:00
1569,60201.99,60359.57,60128.63,60186.01,662.73,2024-07-14 09:00:00
1570,60186.0,60236.35,59905.71,59920.51,655.69,2024-07-14 10:00:00
1571,59920.51,60120.86,59904.0,60099.1,611.06,2024-07-14 11:00:00
1572,60099.1,60110.7,59577.77,59583.86,939.21,2024-07-14 12:00:00
1573,59583.86,59800.0,59581.34,59701.93,741.75,2024-07-14 13:00:00
1574,59701.92,60236.13,59466.67,60012.0,913.33,2024-07-14 14:00:00
1575,60012.0,60148.0,59876.0,60084.0,592.01,2024-07-14 15:00:00
1576,60084.0,60119.12,59894.16,60107.33,482.69,2024-07-14 16:00:00
1577,60107.32,60184.99,59918.01,60005.56,452.33,2024-07-14 17:00:00
1578,60005.56,60072.28,59935.42,60020.11,192.42,2024-07-14 18:00:00
1579,60020.11,60020.11,59900.0,59915.99,193.5,2024-07-14 19:00:00
1580,59916.0,60400.0,59880.0,60084.0,721.81,2024-07-14 20:00:00
1581,60084.0,61420.69,60026.0,61276.36,2649.79,2024-07-14 21:00:00
1582,61276.36,61380.84,60756.65,60861.4,1326.65,2024-07-14 22:00:00
1583,60861.4,61176.32,60698.22,60797.91,1016.97,2024-07-14 23:00:00
1584,60797.91,61324.01,60632.3,61211.99,1116.67,2024-07-15 00:00:00
1585,61212.0,61800.0,61180.0,61390.0,2370.53,2024-07-15 01:00:00
1586,61389.99,62610.0,61300.87,62482.0,3372.86,2024-07-15 02:00:00
1587,62482.0,62796.01,62322.0,62647.87,1442.34,2024-07-15 03:00:00
1588,62647.87,62832.77,62433.01,62610.0,1234.86,2024-07-15 04:00:00
1589,62610.0,62968.15,62534.0,62799.99,1119.64,2024-07-15 05:00:00
1590,62800.0,62999.0,62706.01,62870.02,1075.82,2024-07-15 06:00:00
1591,62870.02,63084.0,62746.0,62840.12,1412.86,2024-07-15 07:00:00
1592,62840.12,63243.71,62778.81,62879.54,1317.62,2024-07-15 08:00:00
1593,62879.53,62900.0,62542.02,62637.64,1221.24,2024-07-15 09:00:00
1594,62637.63,62810.0,62413.5,62535.96,828.07,2024-07-15 10:00:00
1595,62535.95,62603.53,62290.0,62454.0,858.24,2024-07-15 11:00:00
1596,62454.0,62809.99,62444.67,62616.0,976.56,2024-07-15 12:00:00
1597,62616.01,62981.0,62482.59,62908.01,1654.67,2024-07-15 13:00:00
1598,62908.01,63236.28,62731.48,63218.06,1666.73,2024-07-15 14:00:00
1599,63218.06,63328.0,62864.32,63026.0,2268.07,2024-07-15 15:00:00
1600,63026.01,63606.96,62852.0,63411.77,2473.08,2024-07-15 16:00:00
1601,63411.77,63730.0,63079.65,63081.97,2106.79,2024-07-15 17:00:00
1602,63081.97,63614.83,62993.33,63499.0,1536.36,2024-07-15 18:00:00
1603,63498.99,63820.15,63200.19,63342.0,2533.2,2024-07-15 19:00:00
1604,63342.0,63777.0,63251.65,63731.36,1023.75,2024-07-15 20:00:00
1605,63731.36,63780.0,63495.71,63532.44,788.61,2024-07-15 21:00:00
1606,63532.44,64782.12,63508.0,64343.6,2882.08,2024-07-15 22:00:00
1607,64343.6,64900.0,64225.19,64724.14,1410.32,2024-07-15 23:00:00
1608,64724.06,64955.49,64436.2,64611.44,1835.35,2024-07-16 00:00:00
1609,64611.44,64860.0,64467.23,64848.08,932.37,2024-07-16 01:00:00
1610,64848.07,64848.08,64541.35,64819.91,883.68,2024-07-16 02:00:00
1611,64819.67,64863.98,64599.59,64752.14,807.75,2024-07-16 03:00:00
1612,64752.14,64993.95,64473.68,64487.01,1148.75,2024-07-16 04:00:00
1613,64487.01,64550.0,63464.9,63654.92,3311.8,2024-07-16 05:00:00
1614,63654.92,63880.61,62794.0,62899.64,2579.14,2024-07-16 06:00:00
1615,62899.64,63333.19,62721.79,62895.01,2873.62,2024-07-16 07:00:00
1616,62895.01,63091.39,62373.24,62820.67,2185.57,2024-07-16 08:00:00
1617,62820.67,63259.12,62686.25,63187.54,1494.98,2024-07-16 09:00:00
1618,63187.53,63660.0,63088.83,63443.54,1171.45,2024-07-16 10:00:00
1619,63443.55,63872.2,63146.45,63746.11,1428.02,2024-07-16 11:00:00
1620,63746.11,64265.33,63601.02,63743.31,1785.1,2024-07-16 12:00:00
1621,63743.3,64100.0,63400.01,63419.99,1760.41,2024-07-16 13:00:00
1622,63419.99,63898.71,63063.83,63836.09,1780.2,2024-07-16 14:00:00
1623,63836.09,64960.86,63799.0,64878.24,3605.1,2024-07-16 15:00:00
1624,64878.24,65200.0,64207.96,64500.0,3372.18,2024-07-16 16:00:00
1625,64500.0,64642.79,64111.56,64547.52,1173.38,2024-07-16 17:00:00
1626,64547.52,64922.32,64405.1,64795.44,1240.52,2024-07-16 18:00:00
1627,64795.43,65178.83,64597.13,65165.43,2145.16,2024-07-16 19:00:00
1628,65165.42,65182.99,64612.16,64651.82,1102.92,2024-07-16 20:00:00
1629,64651.82,64831.33,64479.14,64500.01,752.98,2024-07-16 21:00:00
1630,64500.0,64623.21,64115.0,64616.92,1095.62,2024-07-16 22:00:00
1631,64616.92,65388.97,64616.91,65043.99,2064.49,2024-07-16 23:00:00
1632,65044.0,65603.12,64932.31,65505.41,1682.12,2024-07-17 00:00:00
1633,65505.41,66128.63,65440.3,65670.19,2126.4,2024-07-17 01:00:00
1634,65670.18,65895.0,65541.05,65612.86,1094.77,2024-07-17 02:00:00
1635,65612.85,65792.87,65375.33,65701.66,974.49,2024-07-17 03:00:00
1636,65701.66,65855.94,65546.32,65830.0,853.14,2024-07-17 04:00:00
1637,65830.0,65993.14,65600.0,65624.01,932.96,2024-07-17 05:00:00
1638,65624.0,65790.0,65454.17,65575.87,1094.29,2024-07-17 06:00:00
1639,65575.87,65575.87,65198.62,65258.0,1506.64,2024-07-17 07:00:00
1640,65258.01,65477.54,64807.49,65179.63,1707.68,2024-07-17 08:00:00
1641,65179.62,65500.0,65078.0,65331.98,821.76,2024-07-17 09:00:00
1642,65331.99,65355.9,65100.0,65120.02,501.32,2024-07-17 10:00:00
1643,65120.02,65144.76,64560.0,64723.73,1577.93,2024-07-17 11:00:00
1644,64723.73,65014.0,64571.91,64730.72,1096.44,2024-07-17 12:00:00
1645,64730.73,65339.86,64537.41,65141.95,1786.09,2024-07-17 13:00:00
1646,65141.95,65232.78,64660.0,65032.09,1473.26,2024-07-17 14:00:00
1647,65032.1,65400.0,64628.0,64724.01,1860.44,2024-07-17 15:00:00
1648,64724.01,64766.99,63854.0,64242.0,3348.63,2024-07-17 16:00:00
1649,64242.01,64411.76,63913.08,64278.83,1056.05,2024-07-17 17:00:00
1650,64278.83,64573.31,64214.01,64504.0,785.81,2024-07-17 18:00:00
1651,64504.0,64756.02,64450.0,64585.78,702.6,2024-07-17 19:00:00
1652,64585.78,64672.89,64503.99,64510.31,432.31,2024-07-17 20:00:00
1653,64510.31,64558.03,64058.0,64318.0,880.29,2024-07-17 21:00:00
1654,64318.0,64448.99,64080.0,64269.2,718.08,2024-07-17 22:00:00
1655,64269.19,64371.87,64084.15,64087.99,554.05,2024-07-17 23:00:00
1656,64087.99,64532.7,63910.0,64443.54,1114.18,2024-07-18 00:00:00
1657,64443.53,64678.99,64365.3,64678.99,628.78,2024-07-18 01:00:00
1658,64678.98,65133.3,64245.95,64701.35,1560.03,2024-07-18 02:00:00
1659,64701.34,64959.99,64626.01,64865.08,768.28,2024-07-18 03:00:00
1660,64865.09,64879.99,64534.38,64574.0,588.34,2024-07-18 04:00:00
1661,64574.0,64860.18,64402.35,64756.77,652.71,2024-07-18 05:00:00
1662,64756.76,65061.5,64712.49,65000.01,1188.16,2024-07-18 06:00:00
1663,65000.01,65036.0,64653.44,64668.0,521.36,2024-07-18 07:00:00
1664,64668.0,64950.0,64640.0,64936.9,582.02,2024-07-18 08:00:00
1665,64936.89,64943.32,64725.0,64865.99,430.49,2024-07-18 09:00:00
1666,64865.98,64865.99,64494.27,64609.99,690.01,2024-07-18 10:00:00
1667,64609.99,64763.98,64441.94,64758.0,691.93,2024-07-18 11:00:00
1668,64758.0,65011.99,64726.33,64850.66,821.59,2024-07-18 12:00:00
1669,64850.66,65111.29,64505.6,64594.2,992.61,2024-07-18 13:00:00
1670,64594.2,64708.09,63701.0,63995.4,2510.12,2024-07-18 14:00:00
1671,63995.4,63995.4,63400.0,63538.12,2643.53,2024-07-18 15:00:00
1672,63538.12,63904.0,63333.0,63904.0,1705.41,2024-07-18 16:00:00
1673,63904.0,63958.51,63508.0,63555.52,926.98,2024-07-18 17:00:00
1674,63555.52,63666.0,63335.99,63520.01,649.51,2024-07-18 18:00:00
1675,63520.01,63753.05,63238.48,63555.0,873.77,2024-07-18 19:00:00
1676,63555.0,63842.91,63438.21,63826.01,470.93,2024-07-18 20:00:00
1677,63826.01,63905.73,63751.36,63850.0,358.87,2024-07-18 21:00:00
1678,63849.99,64122.43,63714.0,64032.0,872.91,2024-07-18 22:00:00
1679,64032.0,64090.0,63956.5,63987.92,326.18,2024-07-18 23:00:00
1680,63987.92,64030.94,63551.11,63600.0,716.1,2024-07-19 00:00:00
1681,63599.99,63858.85,63300.67,63816.0,782.1,2024-07-19 01:00:00
1682,63815.99,63940.0,63643.76,63828.0,583.55,2024-07-19 02:00:00
1683,63828.0,64368.62,63813.98,64325.0,1080.21,2024-07-19 03:00:00
1684,64324.99,64383.9,64141.91,64141.92,487.34,2024-07-19 04:00:00
1685,64141.91,64249.32,64088.75,64164.0,538.73,2024-07-19 05:00:00
1686,64164.0,64486.0,64130.7,64210.01,971.74,2024-07-19 06:00:00
1687,64210.0,64210.01,63600.0,63694.01,2024.35,2024-07-19 07:00:00
1688,63694.01,63940.46,63409.01,63809.0,1125.88,2024-07-19 08:00:00
1689,63809.0,64117.64,63648.28,63700.0,1132.17,2024-07-19 09:00:00
1690,63700.0,64157.73,63640.2,63994.01,787.46,2024-07-19 10:00:00
1691,63994.0,64182.77,63935.12,64116.0,444.5,2024-07-19 11:00:00
1692,64115.99,64436.0,64043.37,64414.0,973.49,2024-07-19 12:00:00
1693,64414.0,65330.24,64005.57,65135.9,3428.71,2024-07-19 13:00:00
1694,65135.89,65888.0,65000.5,65747.04,3937.02,2024-07-19 14:00:00
1695,65747.04,65849.65,65268.0,65836.77,2009.41,2024-07-19 15:00:00
1696,65836.76,66510.0,65827.62,66419.43,3787.19,2024-07-19 16:00:00
1697,66419.43,66829.82,66248.01,66755.42,2108.92,2024-07-19 17:00:00
1698,66755.42,66804.0,66417.66,66787.99,1417.55,2024-07-19 18:00:00
1699,66788.0,67386.0,66787.99,67157.26,3785.53,2024-07-19 19:00:00
1700,67157.25,67221.17,66880.39,66931.8,1328.52,2024-07-19 20:00:00
1701,66931.81,67352.44,66889.2,66892.28,1082.11,2024-07-19 21:00:00
1702,66892.27,66992.01,66654.0,66721.19,627.58,2024-07-19 22:00:00
1703,66721.19,66904.0,66616.19,66660.0,474.55,2024-07-19 23:00:00
1704,66660.01,66822.22,66268.6,66419.88,1110.36,2024-07-20 00:00:00
1705,66419.87,66700.1,66222.46,66361.99,897.75,2024-07-20 01:00:00
1706,66361.99,66634.48,66323.8,66570.57,409.22,2024-07-20 02:00:00
1707,66570.57,66750.0,66556.0,66602.01,376.67,2024-07-20 03:00:00
1708,66602.0,66700.0,66475.48,66660.84,300.66,2024-07-20 04:00:00
1709,66660.84,66660.84,66436.0,66537.32,423.03,2024-07-20 05:00:00
1710,66537.31,66670.67,66500.0,66625.77,331.16,2024-07-20 06:00:00
1711,66625.76,66775.11,66525.36,66562.28,816.71,2024-07-20 07:00:00
1712,66562.27,66634.82,66458.83,66510.71,442.8,2024-07-20 08:00:00
1713,66510.72,66733.09,66475.08,66582.79,393.07,2024-07-20 09:00:00
1714,66582.78,66652.76,66485.67,66524.99,263.64,2024-07-20 10:00:00
1715,66525.0,66554.42,66474.0,66483.69,254.04,2024-07-20 11:00:00
1716,66483.69,66568.24,66470.78,66476.28,251.48,2024-07-20 12:00:00
1717,66476.28,66652.21,66273.62,66539.89,512.04,2024-07-20 13:00:00
1718,66539.88,66700.0,66510.0,66590.0,316.87,2024-07-20 14:00:00
1719,66589.99,66832.0,66589.99,66825.0,485.36,2024-07-20 15:00:00
1720,66824.99,67054.0,66679.01,66804.91,730.33,2024-07-20 16:00:00
1721,66804.91,67598.0,66762.0,67403.01,2251.22,2024-07-20 17:00:00
1722,67403.01,67577.57,67218.52,67467.99,641.27,2024-07-20 18:00:00
1723,67467.99,67506.55,67137.78,67224.0,516.6,2024-07-20 19:00:00
1724,67224.0,67430.01,67223.99,67339.28,289.57,2024-07-20 20:00:00
1725,67339.28,67342.7,66790.9,67092.41,762.0,2024-07-20 21:00:00
1726,67092.4,67300.0,66861.99,67114.0,1315.24,2024-07-20 22:00:00
1727,67114.0,67200.0,67092.0,67139.96,295.83,2024-07-20 23:00:00
1728,67139.97,67322.0,66962.0,67066.02,527.61,2024-07-21 00:00:00
1729,67066.02,67436.22,67041.07,67276.33,368.53,2024-07-21 01:00:00
1730,67276.32,67396.73,67270.0,67287.01,343.62,2024-07-21 02:00:00
1731,67287.01,67375.0,67147.45,67171.33,233.27,2024-07-21 03:00:00
1732,67171.33,67220.52,67001.0,67040.01,377.4,2024-07-21 04:00:00
1733,67040.0,67100.0,66890.0,67046.0,354.37,2024-07-21 05:00:00
1734,67046.0,67093.42,66611.09,66721.99,751.29,2024-07-21 06:00:00
1735,66721.99,66820.0,66592.1,66701.99,474.97,2024-07-21 07:00:00
1736,66702.0,66892.0,66680.0,66796.01,387.86,2024-07-21 08:00:00
1737,66796.0,67017.08,66756.82,66976.0,385.32,2024-07-21 09:00:00
1738,66976.0,67062.77,66798.86,66798.87,319.56,2024-07-21 10:00:00
1739,66798.86,66879.99,66754.0,66879.99,243.08,2024-07-21 11:00:00
1740,66879.99,66987.13,66840.0,66928.02,280.84,2024-07-21 12:00:00
1741,66928.02,66961.91,66616.0,66760.01,475.72,2024-07-21 13:00:00
1742,66760.01,67392.68,66682.0,67290.76,1109.38,2024-07-21 14:00:00
1743,67290.75,67499.99,66971.48,67164.0,900.13,2024-07-21 15:00:00
1744,67164.0,67590.0,66952.21,67554.0,1210.47,2024-07-21 16:00:00
1745,67553.99,67713.0,66484.55,66648.01,1990.53,2024-07-21 17:00:00
1746,66648.01,67336.01,65777.0,66864.42,4758.02,2024-07-21 18:00:00
1747,66864.43,67712.99,66782.6,67422.02,1352.53,2024-07-21 19:00:00
1748,67422.03,68209.16,67274.69,67723.91,2235.08,2024-07-21 20:00:00
1749,67723.91,68298.02,67564.2,68193.99,1257.07,2024-07-21 21:00:00
1750,68194.0,68366.66,67934.0,68012.0,782.76,2024-07-21 22:00:00
1751,68012.01,68200.0,67888.77,68165.34,699.7,2024-07-21 23:00:00
1752,68165.35,68474.55,68036.0,68188.01,951.33,2024-07-22 00:00:00
1753,68188.01,68228.01,67762.0,67850.01,847.4,2024-07-22 01:00:00
1754,67850.01,68199.31,67753.72,68070.62,577.49,2024-07-22 02:00:00
1755,68070.63,68102.0,67836.62,67880.01,554.24,2024-07-22 03:00:00
1756,67880.01,67996.01,67760.0,67923.98,398.16,2024-07-22 04:00:00
1757,67923.99,67940.01,67520.0,67626.01,733.18,2024-07-22 05:00:00
1758,67626.01,67743.66,67122.22,67412.0,1070.91,2024-07-22 06:00:00
1759,67412.0,67412.0,67184.61,67236.0,748.4,2024-07-22 07:00:00
1760,67236.01,67399.98,67030.0,67080.48,716.0,2024-07-22 08:00:00
1761,67080.48,67427.22,66944.1,67427.22,691.8,2024-07-22 09:00:00
1762,67427.22,67524.0,67293.53,67422.01,573.01,2024-07-22 10:00:00
1763,67422.01,67599.0,67288.0,67516.01,490.35,2024-07-22 11:00:00
1764,67516.01,67697.11,67366.02,67697.11,596.37,2024-07-22 12:00:00
1765,67697.11,67952.39,66991.27,67098.0,1856.07,2024-07-22 13:00:00
1766,67098.01,67328.0,66616.68,66712.0,1952.18,2024-07-22 14:00:00
1767,66712.0,67190.01,66559.97,67063.87,1083.25,2024-07-22 15:00:00
1768,67063.87,67314.43,66798.36,67052.0,760.69,2024-07-22 16:00:00
1769,67052.01,67468.0,67010.01,67468.0,609.62,2024-07-22 17:00:00
1770,67467.99,67666.0,67322.5,67445.49,909.07,2024-07-22 18:00:00
1771,67445.49,68250.0,67366.63,68232.07,1630.45,2024-07-22 19:00:00
1772,68232.08,68256.0,67822.0,68124.0,964.41,2024-07-22 20:00:00
1773,68123.99,68166.01,67657.54,67841.6,769.42,2024-07-22 21:00:00
1774,67841.61,67854.81,67502.59,67635.01,788.01,2024-07-22 22:00:00
1775,67635.01,67642.0,67224.11,67532.01,1179.22,2024-07-22 23:00:00
1776,67532.0,67750.98,67449.65,67490.01,567.3,2024-07-23 00:00:00
1777,67490.01,67499.88,67183.98,67410.01,709.81,2024-07-23 01:00:00
1778,67410.01,67700.0,67248.0,67647.65,637.92,2024-07-23 02:00:00
1779,67647.65,67710.01,67439.22,67473.99,444.75,2024-07-23 03:00:00
1780,67473.98,67526.01,66936.0,66936.0,1046.14,2024-07-23 04:00:00
1781,66936.01,66945.48,66326.0,66428.0,1998.91,2024-07-23 05:00:00
1782,66428.01,66772.01,66386.38,66519.34,1335.7,2024-07-23 06:00:00
1783,66519.34,66644.01,66256.39,66576.0,1040.4,2024-07-23 07:00:00
1784,66576.0,66999.0,66518.51,66888.0,1454.03,2024-07-23 08:00:00
1785,66888.0,67166.01,66769.99,66938.2,1233.63,2024-07-23 09:00:00
1786,66938.19,67024.01,66814.23,66870.01,857.83,2024-07-23 10:00:00
1787,66870.0,66870.01,66454.0,66676.01,1246.22,2024-07-23 11:00:00
1788,66676.0,66756.01,66358.02,66504.68,1312.72,2024-07-23 12:00:00
1789,66504.69,66744.47,65962.0,66092.01,2529.48,2024-07-23 13:00:00
1790,66092.0,67349.03,65988.0,67227.8,2536.72,2024-07-23 14:00:00
1791,67227.81,67246.01,66333.33,66584.01,2278.7,2024-07-23 15:00:00
1792,66584.01,66780.01,65850.0,65857.99,1844.07,2024-07-23 16:00:00
1793,65858.0,66118.29,65744.94,65940.29,1593.59,2024-07-23 17:00:00
1794,65940.29,66105.32,65778.0,65860.0,957.71,2024-07-23 18:00:00
1795,65859.99,66062.01,65441.08,65536.01,2206.53,2024-07-23 19:00:00
1796,65536.0,65998.01,65472.54,65836.01,1642.74,2024-07-23 20:00:00
1797,65836.0,66049.99,65782.0,65872.0,579.43,2024-07-23 21:00:00
1798,65872.0,66043.47,65790.0,65917.99,678.72,2024-07-23 22:00:00
1799,65917.99,66054.0,65793.01,65936.01,673.09,2024-07-23 23:00:00
1800,65936.0,66146.01,65780.0,65784.7,522.48,2024-07-24 00:00:00
1801,65784.7,66114.21,65619.98,65666.01,636.48,2024-07-24 01:00:00
1802,65666.01,65928.01,65476.84,65878.16,672.37,2024-07-24 02:00:00
1803,65878.16,66111.5,65784.53,66052.71,601.26,2024-07-24 03:00:00
1804,66052.71,66072.01,65791.42,65860.0,571.42,2024-07-24 04:00:00
1805,65860.01,65914.49,65610.0,65814.01,673.84,2024-07-24 05:00:00
1806,65814.01,65999.0,65762.01,65898.0,585.65,2024-07-24 06:00:00
1807,65898.0,66080.01,65875.36,66078.0,597.02,2024-07-24 07:00:00
1808,66078.0,66470.01,66008.0,66437.01,1358.6,2024-07-24 08:00:00
1809,66437.01,66489.51,66301.0,66398.1,700.44,2024-07-24 09:00:00
1810,66398.1,66600.0,66343.87,66491.53,712.99,2024-07-24 10:00:00
1811,66491.53,66555.0,66340.31,66367.99,516.01,2024-07-24 11:00:00
1812,66368.0,66577.0,66146.7,66215.1,711.93,2024-07-24 12:00:00
1813,66215.09,66900.0,66200.0,66344.0,1375.3,2024-07-24 13:00:00
1814,66344.0,67102.01,66282.74,66760.01,1965.47,2024-07-24 14:00:00
1815,66760.01,66812.0,66093.99,66176.0,1849.25,2024-07-24 15:00:00
1816,66176.0,66490.0,65963.17,66394.0,1874.89,2024-07-24 16:00:00
1817,66394.0,66709.55,66315.44,66586.01,746.52,2024-07-24 17:00:00
1818,66586.01,66650.0,65715.17,65754.0,1507.78,2024-07-24 18:00:00
1819,65754.0,66102.0,65558.89,65652.0,1374.52,2024-07-24 19:00:00
1820,65652.01,66066.66,65648.0,66044.01,592.93,2024-07-24 20:00:00
1821,66044.01,66066.66,65130.0,65647.05,1510.33,2024-07-24 21:00:00
1822,65647.05,65670.01,65250.0,65288.01,816.73,2024-07-24 22:00:00
1823,65288.01,65470.0,65111.0,65376.0,608.37,2024-07-24 23:00:00
1824,65376.01,65620.0,65269.4,65514.8,952.33,2024-07-25 00:00:00
1825,65514.81,65514.81,64220.56,64478.0,4405.96,2024-07-25 01:00:00
1826,64477.99,64482.0,63950.0,64208.01,2378.66,2024-07-25 02:00:00
1827,64208.0,64288.0,63861.0,64093.59,1654.48,2024-07-25 03:00:00
1828,64093.58,64288.0,63800.0,64220.0,1441.22,2024-07-25 04:00:00
1829,64220.0,64348.94,64123.3,64263.01,868.15,2024-07-25 05:00:00
1830,64263.01,64369.05,64086.43,64324.01,647.69,2024-07-25 06:00:00
1831,64324.0,64390.0,64071.51,64134.0,1004.28,2024-07-25 07:00:00
1832,64134.0,64419.71,63878.0,64352.01,1572.61,2024-07-25 08:00:00
1833,64352.01,64480.0,64218.93,64306.71,604.32,2024-07-25 09:00:00
1834,64306.71,64314.01,63973.46,64165.68,834.36,2024-07-25 10:00:00
1835,64165.68,64284.01,64089.72,64096.0,1115.62,2024-07-25 11:00:00
1836,64096.01,64400.0,63900.24,64124.0,1628.67,2024-07-25 12:00:00
1837,64123.99,64360.0,63680.0,64050.01,1635.35,2024-07-25 13:00:00
1838,64050.01,64851.01,63456.7,64835.0,3075.72,2024-07-25 14:00:00
1839,64834.99,65005.0,64532.0,64790.88,1486.09,2024-07-25 15:00:00
1840,64790.89,65170.0,64630.0,64868.0,1348.25,2024-07-25 16:00:00
1841,64868.0,65073.7,64764.0,65051.98,1284.16,2024-07-25 17:00:00
1842,65051.98,65187.82,64388.46,64568.0,2044.37,2024-07-25 18:00:00
1843,64568.0,65008.0,64401.73,64692.01,961.25,2024-07-25 19:00:00
1844,64692.01,65298.01,64425.0,65298.01,1321.36,2024-07-25 20:00:00
1845,65298.01,66000.0,65214.0,65838.0,1615.8,2024-07-25 21:00:00
1846,65838.01,66175.49,65639.89,65644.0,838.73,2024-07-25 22:00:00
1847,65644.01,65825.36,65630.0,65799.95,407.0,2024-07-25 23:00:00
1848,65799.95,66450.46,65722.63,66384.0,893.69,2024-07-26 00:00:00
1849,66384.0,66570.01,66193.69,66430.01,1195.77,2024-07-26 01:00:00
1850,66430.01,67198.99,66393.18,67014.01,2181.16,2024-07-26 02:00:00
1851,67014.0,67480.0,66933.56,67042.01,1521.1,2024-07-26 03:00:00
1852,67042.0,67117.28,66894.0,67075.83,809.06,2024-07-26 04:00:00
1853,67075.83,67100.0,66870.82,66924.0,612.58,2024-07-26 05:00:00
1854,66924.01,67160.0,66874.01,67062.01,697.81,2024-07-26 06:00:00
1855,67062.01,67190.0,66879.99,66890.56,1281.21,2024-07-26 07:00:00
1856,66890.56,67142.76,66890.56,67106.01,613.5,2024-07-26 08:00:00
1857,67106.0,67498.0,67085.77,67296.01,1270.55,2024-07-26 09:00:00
1858,67296.01,67410.0,67172.9,67304.01,678.93,2024-07-26 10:00:00
1859,67304.0,67366.31,67152.0,67322.0,448.52,2024-07-26 11:00:00
1860,67321.99,67410.0,67086.45,67314.01,630.55,2024-07-26 12:00:00
1861,67314.01,67976.05,67170.0,67887.88,1995.49,2024-07-26 13:00:00
1862,67887.88,68000.0,66892.0,67328.01,2379.19,2024-07-26 14:00:00
1863,67328.0,67751.01,67286.0,67560.01,1225.54,2024-07-26 15:00:00
1864,67560.0,67685.11,67366.79,67396.0,611.56,2024-07-26 16:00:00
1865,67396.01,67600.0,67303.07,67372.0,529.21,2024-07-26 17:00:00
1866,67372.0,67602.09,67336.08,67573.75,597.59,2024-07-26 18:00:00
1867,67573.74,68144.01,67552.47,67990.0,1555.76,2024-07-26 19:00:00
1868,67990.0,68000.01,67413.5,67435.17,884.14,2024-07-26 20:00:00
1869,67435.16,68200.0,67419.81,67946.01,941.42,2024-07-26 21:00:00
1870,67946.0,68086.02,67855.42,67926.0,459.37,2024-07-26 22:00:00
1871,67926.0,67976.1,67848.0,67907.99,230.65,2024-07-26 23:00:00
1872,67908.0,67946.01,67808.01,67872.27,424.91,2024-07-27 00:00:00
1873,67872.28,67874.0,67630.0,67657.99,301.13,2024-07-27 01:00:00
1874,67657.99,68070.01,67657.99,68028.0,344.65,2024-07-27 02:00:00
1875,68028.0,68081.57,67773.01,67798.0,475.54,2024-07-27 03:00:00
1876,67797.99,67898.2,67782.73,67866.01,210.68,2024-07-27 04:00:00
1877,67866.01,67998.05,67866.0,67895.21,253.33,2024-07-27 05:00:00
1878,67895.21,68094.03,67886.46,68092.89,552.14,2024-07-27 06:00:00
1879,68092.89,68295.39,68036.67,68036.68,899.44,2024-07-27 07:00:00
1880,68036.68,68176.44,67892.24,67986.0,593.02,2024-07-27 08:00:00
1881,67985.99,68217.22,67946.82,68217.21,444.67,2024-07-27 09:00:00
1882,68217.2,68275.64,68082.99,68155.41,309.18,2024-07-27 10:00:00
1883,68155.42,68212.0,68010.45,68209.88,487.14,2024-07-27 11:00:00
1884,68209.88,68471.79,68195.43,68400.0,965.28,2024-07-27 12:00:00
1885,68400.0,69385.06,68399.99,69226.01,2533.41,2024-07-27 13:00:00
1886,69226.01,69399.99,68794.46,68981.69,1478.17,2024-07-27 14:00:00
1887,68981.69,69086.0,68583.69,68844.0,1218.55,2024-07-27 15:00:00
1888,68844.0,68979.32,68644.0,68684.01,610.23,2024-07-27 16:00:00
1889,68684.01,68754.34,68428.18,68540.01,821.18,2024-07-27 17:00:00
1890,68540.0,68990.03,68508.12,68542.76,841.43,2024-07-27 18:00:00
1891,68542.76,68641.53,67658.68,68246.0,2998.74,2024-07-27 19:00:00
1892,68246.0,68450.0,66650.0,67791.22,9441.79,2024-07-27 20:00:00
1893,67791.21,69182.94,67596.0,68860.0,3685.95,2024-07-27 21:00:00
1894,68860.01,68860.01,68502.6,68619.97,676.68,2024-07-27 22:00:00
1895,68619.97,68619.97,67749.5,67896.5,1142.99,2024-07-27 23:00:00
1896,67896.49,68083.35,67260.54,67958.0,1184.22,2024-07-28 00:00:00
1897,67958.0,68285.43,67916.0,68090.01,483.06,2024-07-28 01:00:00
1898,68090.01,68149.45,67966.0,68149.45,260.89,2024-07-28 02:00:00
1899,68149.44,68149.45,67940.94,67940.95,287.54,2024-07-28 03:00:00
1900,67940.94,68024.18,67300.0,67338.0,750.46,2024-07-28 04:00:00
1901,67338.0,67500.0,67066.66,67422.0,765.53,2024-07-28 05:00:00
1902,67422.01,67590.82,67386.0,67486.01,363.17,2024-07-28 06:00:00
1903,67486.0,67560.86,67309.15,67560.86,519.16,2024-07-28 07:00:00
1904,67560.86,67564.48,67220.0,67380.0,403.65,2024-07-28 08:00:00
1905,67380.0,67550.28,67329.6,67433.65,254.58,2024-07-28 09:00:00
1906,67433.65,67686.39,67390.34,67560.01,441.61,2024-07-28 10:00:00
1907,67560.01,68000.0,67560.01,67836.0,671.09,2024-07-28 11:00:00
1908,67836.01,68123.32,67745.46,68000.01,530.61,2024-07-28 12:00:00
1909,68000.01,68044.01,67861.27,67988.01,309.86,2024-07-28 13:00:00
1910,67988.01,68024.99,67634.7,67746.0,602.61,2024-07-28 14:00:00
1911,67746.0,67777.77,67577.63,67645.0,325.76,2024-07-28 15:00:00
1912,67645.0,67753.26,67624.0,67680.01,249.98,2024-07-28 16:00:00
1913,67680.01,67998.42,67680.0,67988.47,309.89,2024-07-28 17:00:00
1914,67988.47,68318.43,67939.81,68236.01,608.48,2024-07-28 18:00:00
1915,68236.0,68295.0,68084.58,68112.0,342.17,2024-07-28 19:00:00
1916,68112.0,68164.76,67954.48,68007.99,221.82,2024-07-28 20:00:00
1917,68008.0,68069.0,67801.62,68021.93,324.46,2024-07-28 21:00:00
1918,68021.93,68253.59,67941.94,68010.24,421.44,2024-07-28 22:00:00
1919,68010.23,68277.83,67956.0,68249.88,236.66,2024-07-28 23:00:00
1920,68249.88,68999.0,68168.0,68714.01,1541.59,2024-07-29 00:00:00
1921,68714.01,68833.33,68349.49,68547.99,631.12,2024-07-29 01:00:00
1922,68548.0,69635.14,68533.45,69559.0,2595.72,2024-07-29 02:00:00
1923,69558.99,69800.0,69302.0,69347.67,1204.99,2024-07-29 03:00:00
1924,69347.66,69475.65,69263.07,69368.0,752.39,2024-07-29 04:00:00
1925,69367.99,69800.0,69367.99,69662.07,1284.5,2024-07-29 05:00:00
1926,69662.07,69888.0,69551.0,69588.01,1097.84,2024-07-29 06:00:00
1927,69588.01,69611.3,69446.0,69528.01,1011.61,2024-07-29 07:00:00
1928,69528.01,69700.0,69375.0,69457.5,656.77,2024-07-29 08:00:00
1929,69457.51,69618.9,69440.0,69520.0,713.2,2024-07-29 09:00:00
1930,69520.0,69743.07,69378.8,69620.0,743.85,2024-07-29 10:00:00
1931,69620.0,69838.62,69580.0,69580.01,900.07,2024-07-29 11:00:00
1932,69580.01,69950.0,69396.74,69799.38,1451.29,2024-07-29 12:00:00
1933,69799.37,70079.99,69088.0,69273.6,4339.27,2024-07-29 13:00:00
1934,69273.59,69294.64,68071.98,68228.01,3026.68,2024-07-29 14:00:00
1935,68228.01,68304.0,67668.34,68104.0,2569.35,2024-07-29 15:00:00
1936,68103.99,68118.0,66800.0,66940.01,3974.78,2024-07-29 16:00:00
1937,66940.01,67177.52,66428.0,67015.08,3084.77,2024-07-29 17:00:00
1938,67015.09,67547.32,66940.0,67419.99,1330.02,2024-07-29 18:00:00
1939,67419.99,67549.73,67242.99,67303.05,693.95,2024-07-29 19:00:00
1940,67303.05,67392.01,67158.0,67369.99,469.95,2024-07-29 20:00:00
1941,67370.0,67510.01,67030.0,67500.0,717.73,2024-07-29 21:00:00
1942,67499.99,67553.66,67140.0,67227.36,460.76,2024-07-29 22:00:00
1943,67227.35,67264.01,66600.0,66784.69,1215.09,2024-07-29 23:00:00
1944,66784.68,66862.45,65862.0,66610.0,2915.26,2024-07-30 00:00:00
1945,66610.01,66886.0,66060.06,66211.33,1208.75,2024-07-30 01:00:00
1946,66211.32,66477.8,65958.57,66418.01,1133.36,2024-07-30 02:00:00
1947,66418.0,66680.0,66380.0,66610.0,732.36,2024-07-30 03:00:00
1948,66610.0,66808.04,66533.14,66808.04,532.23,2024-07-30 04:00:00
1949,66808.04,66808.04,66322.49,66484.01,729.74,2024-07-30 05:00:00
1950,66484.01,66775.0,66464.17,66766.01,399.63,2024-07-30 06:00:00
1951,66766.0,67000.0,66766.0,66952.0,834.68,2024-07-30 07:00:00
1952,66952.0,66999.92,66712.0,66772.01,687.69,2024-07-30 08:00:00
1953,66772.01,66900.56,66444.0,66608.01,562.09,2024-07-30 09:00:00
1954,66608.01,66687.34,66404.53,66581.87,601.07,2024-07-30 10:00:00
1955,66581.88,66720.0,66488.71,66574.01,476.42,2024-07-30 11:00:00
1956,66574.0,66820.01,66233.07,66668.0,1202.55,2024-07-30 12:00:00
1957,66668.01,66948.0,66332.61,66381.99,908.66,2024-07-30 13:00:00
1958,66382.0,66449.99,65660.89,65810.0,2571.18,2024-07-30 14:00:00
1959,65810.01,66332.01,65555.0,66216.01,1403.79,2024-07-30 15:00:00
1960,66216.01,66550.01,66145.0,66180.01,629.11,2024-07-30 16:00:00
1961,66180.02,66210.01,65684.68,65868.01,1013.37,2024-07-30 17:00:00
1962,65868.01,66074.98,65600.0,65824.01,857.84,2024-07-30 18:00:00
1963,65824.0,66008.01,65556.56,65931.02,950.33,2024-07-30 19:00:00
1964,65931.03,66240.0,65302.67,66186.01,1780.28,2024-07-30 20:00:00
1965,66186.0,66312.8,65942.0,66304.0,409.69,2024-07-30 21:00:00
1966,66304.0,66356.89,66072.43,66222.0,379.02,2024-07-30 22:00:00
1967,66222.0,66307.5,66130.0,66188.0,213.16,2024-07-30 23:00:00
1968,66188.0,66413.0,65881.96,66344.0,619.04,2024-07-31 00:00:00
1969,66344.01,66404.01,66104.0,66296.0,334.01,2024-07-31 01:00:00
1970,66295.99,66413.28,66068.63,66122.16,399.74,2024-07-31 02:00:00
1971,66122.17,66228.86,66026.12,66058.0,372.45,2024-07-31 03:00:00
1972,66058.0,66092.0,65496.0,65804.0,899.7,2024-07-31 04:00:00
1973,65804.0,66221.55,65578.51,66175.52,906.32,2024-07-31 05:00:00
1974,66175.53,66554.4,66120.6,66459.99,1123.26,2024-07-31 06:00:00
1975,66460.0,66527.11,66213.0,66224.0,447.51,2024-07-31 07:00:00
1976,66224.0,66370.0,66044.0,66312.01,609.61,2024-07-31 08:00:00
1977,66312.01,66374.01,66162.37,66262.0,347.22,2024-07-31 09:00:00
1978,66262.01,66262.01,65954.54,65992.0,516.07,2024-07-31 10:00:00
1979,65992.0,66144.0,65958.0,66094.01,356.84,2024-07-31 11:00:00
1980,66094.01,66294.0,66000.0,66153.82,553.78,2024-07-31 12:00:00
1981,66153.82,66849.24,66136.0,66508.0,1327.06,2024-07-31 13:00:00
1982,66508.01,66733.02,65963.25,66440.0,1822.66,2024-07-31 14:00:00
1983,66440.01,66560.01,66326.0,66379.99,663.88,2024-07-31 15:00:00
1984,66379.99,66751.32,66287.87,66362.0,678.15,2024-07-31 16:00:00
1985,66362.01,66836.3,66303.84,66686.0,716.25,2024-07-31 17:00:00
1986,66686.01,66733.99,66138.0,66527.99,1237.29,2024-07-31 18:00:00
1987,66527.99,66649.12,64957.14,65256.83,3777.68,2024-07-31 19:00:00
1988,65256.83,65422.0,64543.57,64595.81,2050.41,2024-07-31 20:00:00
1989,64595.81,65136.04,64530.0,64978.0,1450.51,2024-07-31 21:00:00
1990,64978.0,65058.0,64634.0,64980.01,730.43,2024-07-31 22:00:00
1991,64980.01,64996.0,64627.97,64628.0,685.56,2024-07-31 23:00:00
1992,64628.01,64841.29,64316.55,64645.9,1271.23,2024-08-01 00:00:00
1993,64645.9,64816.01,64099.0,64202.0,1394.76,2024-08-01 01:00:00
1994,64202.0,64254.0,63900.0,64110.01,1829.25,2024-08-01 02:00:00
1995,64110.0,64139.82,63750.0,63936.01,1273.19,2024-08-01 03:00:00
1996,63936.01,64058.0,63613.33,63740.41,1258.11,2024-08-01 04:00:00
1997,63740.41,64357.38,63584.0,64303.99,1574.31,2024-08-01 05:00:00
1998,64304.0,64454.0,64124.0,64226.0,767.67,2024-08-01 06:00:00
1999,64226.0,64488.0,64216.71,64328.59,507.43,2024-08-01 07:00:00
2000,64328.6,64560.01,64310.0,64507.17,671.75,2024-08-01 08:00:00
2001,64507.18,64701.41,64441.2,64466.0,741.12,2024-08-01 09:00:00
2002,64466.01,64610.01,64299.87,64584.55,679.91,2024-08-01 10:00:00
2003,64584.54,64690.0,64467.4,64674.25,562.26,2024-08-01 11:00:00
2004,64674.26,64926.52,64634.89,64883.98,793.67,2024-08-01 12:00:00
2005,64883.99,64949.58,64466.21,64754.03,824.86,2024-08-01 13:00:00
2006,64754.02,64776.75,63928.1,63935.83,1520.44,2024-08-01 14:00:00
2007,63935.83,63962.0,62666.07,62906.6,4867.58,2024-08-01 15:00:00
2008,62907.44,63203.99,62652.55,62908.0,2247.41,2024-08-01 16:00:00
2009,62908.01,63254.82,62302.0,63220.0,2830.78,2024-08-01 17:00:00
2010,63220.0,63435.75,62811.26,62954.0,2268.82,2024-08-01 18:00:00
2011,62953.99,63509.83,62944.01,63422.01,1194.88,2024-08-01 19:00:00
2012,63422.01,64776.0,63336.61,64760.0,2346.97,2024-08-01 20:00:00
2013,64760.01,65356.0,64628.01,64889.03,1718.45,2024-08-01 21:00:00
2014,64889.04,65659.78,64869.49,65184.37,1352.78,2024-08-01 22:00:00
2015,65184.37,65470.84,65000.0,65354.02,1044.63,2024-08-01 23:00:00
2016,65354.02,65596.14,64895.83,64897.99,882.43,2024-08-02 00:00:00
2017,64898.0,64898.0,64548.01,64647.99,936.15,2024-08-02 01:00:00
2018,64648.0,64821.99,63668.0,64359.91,1590.23,2024-08-02 02:00:00
2019,64359.92,64636.8,64246.0,64609.18,754.34,2024-08-02 03:00:00
2020,64609.17,64655.17,64438.0,64531.99,490.12,2024-08-02 04:00:00
2021,64531.98,64541.72,64078.0,64170.01,1001.78,2024-08-02 05:00:00
2022,64170.01,64640.0,63807.29,64477.21,1386.6,2024-08-02 06:00:00
2023,64477.22,64516.01,64124.87,64164.07,944.58,2024-08-02 07:00:00
2024,64164.07,64610.0,64044.0,64598.01,1005.21,2024-08-02 08:00:00
2025,64598.01,64618.75,64420.8,64511.99,560.78,2024-08-02 09:00:00
2026,64512.0,64873.61,64350.0,64764.93,804.09,2024-08-02 10:00:00
2027,64764.93,64974.0,64649.96,64660.01,932.49,2024-08-02 11:00:00
2028,64660.01,64940.01,64118.6,64846.0,2278.09,2024-08-02 12:00:00
2029,64846.0,65524.01,64558.15,65229.99,2709.89,2024-08-02 13:00:00
2030,65229.99,65366.01,63102.0,63157.95,4724.51,2024-08-02 14:00:00
2031,63157.95,63636.46,62432.9,63416.01,4670.33,2024-08-02 15:00:00
2032,63416.0,63611.24,62964.41,63307.38,1657.68,2024-08-02 16:00:00
2033,63307.39,63456.01,63066.0,63098.01,743.54,2024-08-02 17:00:00
2034,63098.01,63220.0,62784.0,62898.25,1026.5,2024-08-02 18:00:00
2035,62898.24,62981.56,62515.0,62633.57,1627.27,2024-08-02 19:00:00
2036,62633.58,63187.26,62088.0,62622.01,2476.72,2024-08-02 20:00:00
2037,62622.01,62736.01,61286.54,61987.01,2830.77,2024-08-02 21:00:00
2038,61987.02,62250.0,61230.01,61386.01,1492.73,2024-08-02 22:00:00
2039,61386.01,61782.0,61311.0,61498.33,1293.6,2024-08-02 23:00:00
2040,61498.34,61725.78,60903.0,61132.01,2158.33,2024-08-03 00:00:00
2041,61132.01,61390.12,60505.0,61342.01,2498.2,2024-08-03 01:00:00
2042,61342.01,61614.0,61217.99,61450.01,1235.72,2024-08-03 02:00:00
2043,61450.01,61975.0,61310.9,61895.99,1165.23,2024-08-03 03:00:00
2044,61895.99,61981.43,61398.01,61566.25,674.61,2024-08-03 04:00:00
2045,61566.26,61720.34,61512.0,61693.99,369.59,2024-08-03 05:00:00
2046,61694.0,61847.11,61674.69,61827.89,391.97,2024-08-03 06:00:00
2047,61827.89,61906.37,61618.7,61662.01,591.46,2024-08-03 07:00:00
2048,61662.02,61740.6,61480.0,61629.68,536.13,2024-08-03 08:00:00
2049,61629.68,61749.07,61457.89,61735.99,468.76,2024-08-03 09:00:00
2050,61735.98,61885.9,61668.06,61822.01,462.85,2024-08-03 10:00:00
2051,61822.01,62002.39,61785.51,61919.38,528.53,2024-08-03 11:00:00
2052,61919.38,62198.22,61847.04,62002.71,824.68,2024-08-03 12:00:00
2053,62002.71,62040.01,61844.49,62007.99,483.18,2024-08-03 13:00:00
2054,62007.99,62173.01,61900.0,61990.0,522.43,2024-08-03 14:00:00
2055,61990.0,62088.38,60833.33,60879.0,1851.06,2024-08-03 15:00:00
2056,60879.01,61288.0,60387.0,60912.01,3779.62,2024-08-03 16:00:00
2057,60912.01,61015.5,60450.0,60576.0,1471.64,2024-08-03 17:00:00
2058,60575.99,60840.0,60174.54,60243.97,1887.76,2024-08-03 18:00:00
2059,60243.97,60628.24,59920.0,60246.0,2092.04,2024-08-03 19:00:00
2060,60246.01,60716.64,60158.0,60395.97,965.52,2024-08-03 20:00:00
2061,60395.97,60849.93,59850.0,60648.0,1578.51,2024-08-03 21:00:00
2062,60648.0,60765.0,60370.67,60629.84,597.65,2024-08-03 22:00:00
2063,60629.85,60830.0,60380.0,60697.99,899.26,2024-08-03 23:00:00
2064,60697.99,60814.16,60597.32,60747.0,612.35,2024-08-04 00:00:00
2065,60747.0,60774.02,60320.0,60743.58,550.52,2024-08-04 01:00:00
2066,60743.57,61117.63,60714.29,60886.95,879.07,2024-08-04 02:00:00
2067,60886.96,60902.36,60692.0,60735.0,460.77,2024-08-04 03:00:00
2068,60735.0,60792.47,60546.67,60564.12,399.82,2024-08-04 04:00:00
2069,60564.12,60938.54,60542.5,60792.0,468.34,2024-08-04 05:00:00
2070,60792.0,60871.5,60714.6,60819.61,284.29,2024-08-04 06:00:00
2071,60819.6,60830.0,60260.0,60373.99,819.82,2024-08-04 07:00:00
2072,60374.0,60666.0,60081.57,60565.41,862.42,2024-08-04 08:00:00
2073,60566.0,60740.0,60504.0,60708.0,332.06,2024-08-04 09:00:00
2074,60708.0,60828.7,60529.08,60812.01,494.27,2024-08-04 10:00:00
2075,60812.01,61000.0,60779.0,60896.0,491.41,2024-08-04 11:00:00
2076,60896.0,61097.55,60800.0,61062.0,451.93,2024-08-04 12:00:00
2077,61062.0,61089.36,60822.0,60822.01,430.0,2024-08-04 13:00:00
2078,60822.01,60876.0,59317.0,59586.7,3573.42,2024-08-04 14:00:00
2079,59586.69,59600.0,58960.0,59086.01,2940.34,2024-08-04 15:00:00
2080,59086.01,59314.57,58621.0,58663.9,2156.63,2024-08-04 16:00:00
2081,58663.9,58750.0,57122.77,57864.43,5593.92,2024-08-04 17:00:00
2082,57864.43,58930.58,57748.85,58770.6,2855.09,2024-08-04 18:00:00
2083,58770.6,59497.21,58530.8,59257.66,2334.95,2024-08-04 19:00:00
2084,59257.67,59583.0,58850.39,59158.0,1086.95,2024-08-04 20:00:00
2085,59158.01,59163.52,58357.15,58459.98,1164.75,2024-08-04 21:00:00
2086,58459.98,59133.33,58392.21,58715.83,1092.09,2024-08-04 22:00:00
2087,58715.83,58762.01,58001.81,58161.0,1281.3,2024-08-04 23:00:00
2088,58161.0,58305.59,55701.0,56174.02,6366.26,2024-08-05 00:00:00
2089,56174.01,56294.0,52300.17,54432.65,18291.94,2024-08-05 01:00:00
2090,54432.65,54720.0,53600.0,54697.98,7647.9,2024-08-05 02:00:00
2091,54697.98,54713.99,53797.14,53890.87,3830.37,2024-08-05 03:00:00
2092,53890.87,54576.71,53394.01,53528.01,4506.48,2024-08-05 04:00:00
2093,53526.01,53856.05,52300.0,52718.0,9486.12,2024-08-05 05:00:00
2094,52717.99,52994.28,49000.0,51588.0,20888.72,2024-08-05 06:00:00
2095,51588.0,53088.22,51356.02,52674.19,8503.61,2024-08-05 07:00:00
2096,52674.2,53218.37,52288.0,52752.0,5272.69,2024-08-05 08:00:00
2097,52752.0,52935.63,51750.01,52667.8,3568.47,2024-08-05 09:00:00
2098,52667.8,52667.8,50671.66,51386.0,5666.36,2024-08-05 10:00:00
2099,51384.0,51899.99,50633.47,51340.0,4715.94,2024-08-05 11:00:00
2100,51340.0,51542.0,49542.83,49804.0,10310.06,2024-08-05 12:00:00
2101,49804.01,52534.09,49599.9,51951.0,11920.85,2024-08-05 13:00:00
2102,51951.01,54516.01,51951.01,54061.68,11347.47,2024-08-05 14:00:00
2103,54061.67,54980.0,53500.0,54321.09,6182.11,2024-08-05 15:00:00
2104,54321.08,55600.0,54034.0,54039.11,5846.93,2024-08-05 16:00:00
2105,54039.11,55068.42,53767.48,54707.99,3352.6,2024-08-05 17:00:00
2106,54708.0,54717.14,53000.0,53096.84,3324.36,2024-08-05 18:00:00
2107,53096.85,53601.0,52555.0,53470.09,3753.88,2024-08-05 19:00:00
2108,53470.08,54404.0,53462.0,54393.85,2144.05,2024-08-05 20:00:00
2109,54393.85,55200.0,54272.0,54372.01,1946.64,2024-08-05 21:00:00
2110,54372.0,54971.0,54206.09,54695.87,1482.4,2024-08-05 22:00:00
2111,54695.87,55082.0,53876.47,54018.81,1709.38,2024-08-05 23:00:00
2112,54018.82,56064.21,53950.0,56038.0,4020.22,2024-08-06 00:00:00
2113,56037.99,56276.0,55436.0,55723.98,2935.51,2024-08-06 01:00:00
2114,55723.99,56064.0,55628.44,55845.44,2144.93,2024-08-06 02:00:00
2115,55845.44,55888.0,55471.5,55665.73,1405.99,2024-08-06 03:00:00
2116,55665.73,55760.0,55255.0,55493.98,1633.25,2024-08-06 04:00:00
2117,55493.97,55999.0,55257.82,55925.97,1722.28,2024-08-06 05:00:00
2118,55925.96,56050.0,55535.69,55782.0,2232.18,2024-08-06 06:00:00
2119,55782.0,56169.48,55458.0,55999.99,2142.87,2024-08-06 07:00:00
2120,55998.02,56122.0,54600.01,54992.0,3660.95,2024-08-06 08:00:00
2121,54992.01,55309.54,54602.21,55211.99,2763.89,2024-08-06 09:00:00
2122,55211.98,55440.47,54879.25,55062.0,1473.76,2024-08-06 10:00:00
2123,55062.0,55400.85,54868.36,55210.01,1488.39,2024-08-06 11:00:00
2124,55210.0,55468.0,54677.49,54772.01,2140.16,2024-08-06 12:00:00
2125,54772.01,55438.03,54371.94,55204.0,3421.11,2024-08-06 13:00:00
2126,55203.99,56605.55,55152.0,56132.01,6015.82,2024-08-06 14:00:00
2127,56132.01,56429.98,55735.0,56405.99,2155.87,2024-08-06 15:00:00
2128,56405.99,56899.0,56234.8,56775.52,3029.81,2024-08-06 16:00:00
2129,56775.51,56988.83,56487.17,56494.0,2411.99,2024-08-06 17:00:00
2130,56492.01,57040.99,56356.0,56729.99,1969.45,2024-08-06 18:00:00
2131,56730.0,56878.0,56312.66,56765.48,1416.03,2024-08-06 19:00:00
2132,56769.98,56850.48,56172.09,56541.99,1551.33,2024-08-06 20:00:00
2133,56542.0,56632.0,56090.69,56458.01,977.64,2024-08-06 21:00:00
2134,56458.0,56935.56,55942.02,56200.26,1874.34,2024-08-06 22:00:00
2135,56200.26,56416.46,55800.0,56022.01,1297.0,2024-08-06 23:00:00
2136,56022.0,56375.0,55557.88,56269.99,1728.0,2024-08-07 00:00:00
2137,56270.0,57000.0,55782.0,56965.99,1878.6,2024-08-07 01:00:00
2138,56965.99,57287.99,56501.0,56762.01,2274.54,2024-08-07 02:00:00
2139,56762.01,56980.62,56590.0,56862.0,875.41,2024-08-07 03:00:00
2140,56862.01,57250.0,56750.0,57048.02,1671.16,2024-08-07 04:00:00
2141,57048.02,57246.23,56704.0,56796.01,1465.86,2024-08-07 05:00:00
2142,56796.01,56996.0,56692.39,56838.57,1094.49,2024-08-07 06:00:00
2143,56838.58,57091.57,56544.7,56920.91,1215.74,2024-08-07 07:00:00
2144,56920.91,57448.9,56871.44,57348.0,1496.96,2024-08-07 08:00:00
2145,57348.0,57669.0,57170.9,57350.01,2015.58,2024-08-07 09:00:00
2146,57350.01,57736.05,57255.1,57323.0,1172.76,2024-08-07 10:00:00
2147,57322.99,57372.01,56870.39,56963.38,1916.03,2024-08-07 11:00:00
2148,56963.39,57341.38,56812.0,57292.0,1773.6,2024-08-07 12:00:00
2149,57292.0,57479.6,56710.5,56834.0,2150.99,2024-08-07 13:00:00
2150,56832.06,56988.0,55650.0,56085.83,4134.21,2024-08-07 14:00:00
2151,56085.83,56400.0,55768.5,56094.5,1946.88,2024-08-07 15:00:00
2152,56094.51,56290.42,55800.03,56125.47,1771.9,2024-08-07 16:00:00
2153,56125.48,56300.0,55435.0,55570.59,2350.11,2024-08-07 17:00:00
2154,55570.59,55623.48,54676.35,54805.01,3462.66,2024-08-07 18:00:00
2155,54805.01,55152.15,54682.36,54759.22,1821.81,2024-08-07 19:00:00
2156,54760.97,55297.46,54643.02,55141.31,2085.03,2024-08-07 20:00:00
2157,55141.31,55566.24,54868.95,55416.0,1363.99,2024-08-07 21:00:00
2158,55416.0,55464.32,54558.62,55284.01,1743.64,2024-08-07 22:00:00
2159,55284.0,55434.57,54926.97,55134.16,859.43,2024-08-07 23:00:00
2160,55133.76,55370.07,54730.0,55300.0,1305.09,2024-08-08 00:00:00
2161,55300.0,57381.36,55270.35,56868.0,4003.01,2024-08-08 01:00:00
2162,56868.0,57636.36,56822.0,57364.0,2063.72,2024-08-08 02:00:00
2163,57364.0,57636.35,57046.0,57049.74,1275.98,2024-08-08 03:00:00
2164,57049.74,57234.11,56670.47,56765.34,1051.43,2024-08-08 04:00:00
2165,56765.35,57019.62,56714.52,56955.62,695.38,2024-08-08 05:00:00
2166,56955.62,57352.13,56794.35,57216.0,851.93,2024-08-08 06:00:00
2167,57216.0,57434.35,57122.0,57193.49,1072.16,2024-08-08 07:00:00
2168,57193.48,57382.51,57100.69,57230.0,936.48,2024-08-08 08:00:00
2169,57230.0,57495.0,56978.52,57339.19,882.7,2024-08-08 09:00:00
2170,57339.2,57558.0,57197.43,57377.09,1024.39,2024-08-08 10:00:00
2171,57377.1,57670.04,57252.11,57320.51,845.36,2024-08-08 11:00:00
2172,57320.51,58486.02,57000.0,57924.62,4026.9,2024-08-08 12:00:00
2173,57924.63,58255.0,56700.0,57266.73,3143.36,2024-08-08 13:00:00
2174,57266.73,58998.98,57168.71,58922.25,3376.25,2024-08-08 14:00:00
2175,58922.25,59505.0,58640.0,59428.03,3768.91,2024-08-08 15:00:00
2176,59428.03,59863.0,59354.45,59568.56,3443.04,2024-08-08 16:00:00
2177,59568.57,59854.53,59272.21,59469.88,1207.74,2024-08-08 17:00:00
2178,59469.89,59696.44,59317.89,59328.09,781.72,2024-08-08 18:00:00
2179,59328.1,59819.6,59237.59,59414.51,1317.08,2024-08-08 19:00:00
2180,59414.52,59683.5,59297.34,59506.29,616.81,2024-08-08 20:00:00
2181,59506.3,61355.66,59500.0,61173.69,2520.69,2024-08-08 21:00:00
2182,61170.44,62530.0,60621.22,62332.0,4551.01,2024-08-08 22:00:00
2183,62332.0,62745.14,61583.22,61685.99,3588.4,2024-08-08 23:00:00
2184,61686.0,61744.37,61086.95,61214.0,2033.43,2024-08-09 00:00:00
2185,61214.01,61550.08,60720.0,61400.0,1766.56,2024-08-09 01:00:00
2186,61400.0,61461.03,61147.88,61235.51,829.95,2024-08-09 02:00:00
2187,61235.51,61573.27,61171.86,61358.39,743.63,2024-08-09 03:00:00
2188,61358.39,61390.7,60720.0,60720.01,1063.85,2024-08-09 04:00:00
2189,60720.01,60998.0,60588.63,60989.0,981.15,2024-08-09 05:00:00
2190,60988.99,61113.5,60734.87,60890.01,1032.33,2024-08-09 06:00:00
2191,60890.01,61225.0,60750.52,60863.57,1398.2,2024-08-09 07:00:00
2192,60863.58,61110.96,60600.34,61095.73,896.53,2024-08-09 08:00:00
2193,61095.73,61210.31,60718.21,60759.99,852.4,2024-08-09 09:00:00
2194,60760.0,60847.99,60170.16,60600.01,1726.08,2024-08-09 10:00:00
2195,60600.01,60797.75,60362.29,60655.24,763.44,2024-08-09 11:00:00
2196,60655.25,60800.0,60236.0,60551.99,922.52,2024-08-09 12:00:00
2197,60551.99,60757.83,59800.0,60450.01,2863.87,2024-08-09 13:00:00
2198,60450.02,61115.11,59535.0,60341.07,3519.45,2024-08-09 14:00:00
2199,60346.98,60587.24,59800.0,59810.23,1450.53,2024-08-09 15:00:00
2200,59810.24,60450.0,59700.0,60432.65,1358.32,2024-08-09 16:00:00
2201,60432.65,60747.53,60153.01,60197.5,1038.12,2024-08-09 17:00:00
2202,60197.5,60368.42,59835.38,60314.23,780.73,2024-08-09 18:00:00
2203,60314.23,60750.0,60116.0,60681.42,617.44,2024-08-09 19:00:00
2204,60681.79,60986.03,60526.66,60745.96,669.71,2024-08-09 20:00:00
2205,60745.96,60866.65,59909.16,60732.01,1565.31,2024-08-09 21:00:00
2206,60732.0,60985.0,60289.53,60763.58,1477.46,2024-08-09 22:00:00
2207,60763.59,60927.95,60348.74,60837.99,621.47,2024-08-09 23:00:00
2208,60837.99,61470.58,60495.56,60541.92,1556.31,2024-08-10 00:00:00
2209,60541.91,60963.0,60459.0,60464.0,563.14,2024-08-10 01:00:00
2210,60464.01,60723.18,60287.51,60536.25,368.11,2024-08-10 02:00:00
2211,60536.25,60536.25,60266.03,60437.84,378.51,2024-08-10 03:00:00
2212,60437.85,60440.01,60242.0,60413.49,280.86,2024-08-10 04:00:00
2213,60413.5,60469.5,60330.32,60355.46,206.02,2024-08-10 05:00:00
2214,60355.46,60510.54,60330.0,60458.0,233.86,2024-08-10 06:00:00
2215,60458.01,60851.91,60458.01,60842.0,431.74,2024-08-10 07:00:00
2216,60842.01,60900.43,60601.96,60733.58,418.89,2024-08-10 08:00:00
2217,60733.59,61116.65,60733.58,60896.5,553.67,2024-08-10 09:00:00
2218,60896.5,61010.52,60646.0,60788.01,359.54,2024-08-10 10:00:00
2219,60788.01,61008.0,60757.62,60920.88,286.14,2024-08-10 11:00:00
2220,60920.88,60949.99,60717.03,60722.81,269.99,2024-08-10 12:00:00
2221,60722.82,60744.0,60425.0,60431.56,497.17,2024-08-10 13:00:00
2222,60431.57,60676.55,60400.0,60585.38,273.35,2024-08-10 14:00:00
2223,60585.39,60750.0,60504.11,60515.89,488.97,2024-08-10 15:00:00
2224,60515.9,60709.99,60400.0,60672.59,446.95,2024-08-10 16:00:00
2225,60672.59,60860.92,60549.31,60767.8,313.43,2024-08-10 17:00:00
2226,60767.81,61196.63,60735.28,60953.38,775.52,2024-08-10 18:00:00
2227,60954.0,61140.0,60840.57,61016.45,253.55,2024-08-10 19:00:00
2228,61016.44,61108.74,60902.07,60986.19,309.43,2024-08-10 20:00:00
2229,60986.19,61160.0,60966.0,61075.99,298.6,2024-08-10 21:00:00
2230,61076.0,61076.0,60884.89,60930.27,190.0,2024-08-10 22:00:00
2231,60930.27,60940.72,60757.39,60923.51,241.44,2024-08-10 23:00:00
2232,60923.51,61243.99,60892.0,61095.15,435.49,2024-08-11 00:00:00
2233,61095.16,61160.91,60949.27,61112.1,181.79,2024-08-11 01:00:00
2234,61112.11,61133.72,60977.95,61026.78,181.28,2024-08-11 02:00:00
2235,61026.77,61382.73,61023.99,61085.01,598.84,2024-08-11 03:00:00
2236,61085.01,61145.82,60881.36,60895.99,365.87,2024-08-11 04:00:00
2237,60895.99,61150.0,60882.04,61114.29,215.58,2024-08-11 05:00:00
2238,61114.29,61163.9,61013.49,61120.01,214.19,2024-08-11 06:00:00
2239,61120.01,61271.43,61092.85,61257.0,418.1,2024-08-11 07:00:00
2240,61257.0,61426.97,61158.0,61260.42,456.03,2024-08-11 08:00:00
2241,61260.43,61858.0,61001.01,61110.0,1468.8,2024-08-11 09:00:00
2242,61110.0,61263.14,60946.11,61037.63,453.81,2024-08-11 10:00:00
2243,61037.64,61063.02,60425.0,60669.15,1157.16,2024-08-11 11:00:00
2244,60669.14,60700.0,60228.21,60492.09,749.08,2024-08-11 12:00:00
2245,60492.1,60640.94,60167.22,60457.54,848.63,2024-08-11 13:00:00
2246,60457.54,60761.09,60200.0,60350.0,1217.31,2024-08-11 14:00:00
2247,60350.0,60431.58,59941.0,60127.29,1191.69,2024-08-11 15:00:00
2248,60127.29,60288.01,59986.0,60182.2,520.32,2024-08-11 16:00:00
2249,60182.2,60350.0,60015.38,60265.07,578.89,2024-08-11 17:00:00
2250,60265.07,60345.88,60117.06,60263.11,309.5,2024-08-11 18:00:00
2251,60263.11,60274.94,59542.57,59621.11,1189.87,2024-08-11 19:00:00
2252,59621.11,59674.38,58286.73,58504.92,3007.45,2024-08-11 20:00:00
2253,58504.91,59087.0,58317.0,59009.8,1293.05,2024-08-11 21:00:00
2254,59009.79,59349.04,58525.08,58996.0,1493.92,2024-08-11 22:00:00
2255,58996.01,59021.66,58700.01,58712.59,643.19,2024-08-11 23:00:00
2256,58712.59,59088.33,58100.06,58450.0,1616.54,2024-08-12 00:00:00
2257,58450.01,58798.69,58278.46,58584.01,1026.69,2024-08-12 01:00:00
2258,58584.02,58760.45,58310.0,58717.25,814.95,2024-08-12 02:00:00
2259,58717.24,58818.78,58443.76,58509.5,637.81,2024-08-12 03:00:00
2260,58509.5,58680.0,58363.08,58523.83,506.04,2024-08-12 04:00:00
2261,58523.83,58693.02,58400.0,58571.57,563.38,2024-08-12 05:00:00
2262,58571.57,58638.0,58124.15,58403.76,885.14,2024-08-12 06:00:00
2263,58403.76,58984.85,57642.21,58674.61,2546.67,2024-08-12 07:00:00
2264,58674.62,59025.66,58240.51,58317.43,1398.97,2024-08-12 08:00:00
2265,58317.43,58636.36,58163.01,58296.67,1062.51,2024-08-12 09:00:00
2266,58296.68,58994.98,58125.75,58969.6,1221.95,2024-08-12 10:00:00
2267,58969.6,59990.0,58881.01,59851.7,2920.53,2024-08-12 11:00:00
2268,59851.71,59942.69,59518.26,59728.23,1246.55,2024-08-12 12:00:00
2269,59728.24,59876.9,58000.0,58157.55,2828.62,2024-08-12 13:00:00
2270,58157.55,60711.09,57800.0,60299.98,5156.25,2024-08-12 14:00:00
2271,60299.99,60510.2,59230.0,60207.37,2847.65,2024-08-12 15:00:00
2272,60207.38,60420.34,59555.56,59608.06,1522.45,2024-08-12 16:00:00
2273,59608.07,59919.69,59255.83,59296.11,1335.7,2024-08-12 17:00:00
2274,59296.12,59490.0,58440.54,58526.78,1497.28,2024-08-12 18:00:00
2275,58527.91,59300.88,58527.91,59043.98,1285.57,2024-08-12 19:00:00
2276,59043.99,59389.48,58723.58,58841.96,1387.48,2024-08-12 20:00:00
2277,58841.96,59223.47,58555.26,58969.44,1063.92,2024-08-12 21:00:00
2278,58969.45,59258.73,58849.44,59051.68,624.69,2024-08-12 22:00:00
2279,59051.67,59745.99,59024.01,59346.64,1012.58,2024-08-12 23:00:00
2280,59346.64,59890.62,59275.86,59798.17,1038.09,2024-08-13 00:00:00
2281,59798.18,59923.28,59466.34,59740.0,684.05,2024-08-13 01:00:00
2282,59740.0,59782.71,59269.85,59481.99,891.6,2024-08-13 02:00:00
2283,59482.0,59520.0,58846.95,59040.0,1691.64,2024-08-13 03:00:00
2284,59040.0,59250.0,58830.23,59219.99,623.38,2024-08-13 04:00:00
2285,59219.99,59359.99,59104.61,59211.99,355.47,2024-08-13 05:00:00
2286,59212.0,59476.0,58947.75,59368.0,709.8,2024-08-13 06:00:00
2287,59367.99,59457.34,59059.82,59238.05,892.08,2024-08-13 07:00:00
2288,59238.05,59331.99,58919.86,59099.98,830.4,2024-08-13 08:00:00
2289,59099.99,59103.99,58700.75,58946.01,1036.09,2024-08-13 09:00:00
2290,58946.01,58969.44,58392.88,58672.1,1000.16,2024-08-13 10:00:00
2291,58672.09,58904.0,58563.99,58830.0,509.25,2024-08-13 11:00:00
2292,58830.01,59190.0,58709.57,59124.0,1412.37,2024-08-13 12:00:00
2293,59124.0,59427.74,58819.3,59395.25,1623.47,2024-08-13 13:00:00
2294,59395.25,59776.7,58996.81,59643.63,1801.2,2024-08-13 14:00:00
2295,59643.63,59729.84,59352.36,59472.26,849.08,2024-08-13 15:00:00
2296,59472.25,61171.86,59446.22,61157.59,3358.11,2024-08-13 16:00:00
2297,61157.6,61578.1,60904.84,61167.58,2978.7,2024-08-13 17:00:00
2298,61167.58,61214.95,60761.91,60795.41,1316.93,2024-08-13 18:00:00
2299,60795.4,60969.39,60243.77,60820.15,1688.73,2024-08-13 19:00:00
2300,60820.16,60975.0,60566.37,60569.14,649.17,2024-08-13 20:00:00
2301,60569.15,61138.87,60505.98,61030.03,693.14,2024-08-13 21:00:00
2302,61030.04,61065.46,60455.0,60585.14,829.87,2024-08-13 22:00:00
2303,60585.14,60611.94,60389.75,60587.15,396.19,2024-08-13 23:00:00
2304,60587.16,60855.27,60425.01,60786.85,538.59,2024-08-14 00:00:00
2305,60786.85,60826.24,60520.4,60520.4,532.11,2024-08-14 01:00:00
2306,60520.41,60842.0,60487.89,60805.49,456.6,2024-08-14 02:00:00
2307,60805.5,61302.88,60805.49,60952.83,844.48,2024-08-14 03:00:00
2308,60952.83,61162.2,60895.02,60943.51,595.38,2024-08-14 04:00:00
2309,60943.52,61087.98,60796.0,60834.64,370.78,2024-08-14 05:00:00
2310,60834.64,60913.68,60637.3,60861.5,580.4,2024-08-14 06:00:00
2311,60861.5,60940.0,60700.0,60914.02,273.53,2024-08-14 07:00:00
2312,60914.02,60931.46,60640.4,60896.0,633.08,2024-08-14 08:00:00
2313,60896.0,60980.01,60818.99,60857.21,726.23,2024-08-14 09:00:00
2314,60856.85,61325.32,60839.0,61100.0,1109.73,2024-08-14 10:00:00
2315,61100.0,61453.0,60891.56,61296.87,1006.62,2024-08-14 11:00:00
2316,61296.88,61800.0,60846.53,61064.53,3076.76,2024-08-14 12:00:00
2317,61064.52,61171.14,59473.36,59611.92,3404.21,2024-08-14 13:00:00
2318,59611.93,59621.94,58823.52,59502.67,4124.81,2024-08-14 14:00:00
2319,59502.67,59841.73,58903.01,59435.69,2893.22,2024-08-14 15:00:00
2320,59435.69,59451.53,58615.06,59131.99,2045.96,2024-08-14 16:00:00
2321,59131.99,59379.51,59039.47,59168.36,1043.58,2024-08-14 17:00:00
2322,59168.37,59462.61,58809.0,58990.05,1024.74,2024-08-14 18:00:00
2323,58990.04,59120.09,58710.02,58891.13,810.4,2024-08-14 19:00:00
2324,58891.13,59183.99,58880.51,59149.16,513.17,2024-08-14 20:00:00
2325,59149.15,59156.0,58869.74,58913.56,404.08,2024-08-14 21:00:00
2326,58913.57,59011.49,58433.18,58986.0,948.68,2024-08-14 22:00:00
2327,58985.99,59022.5,58673.81,58683.39,465.61,2024-08-14 23:00:00
2328,58683.39,59040.89,58678.0,58993.99,652.17,2024-08-15 00:00:00
2329,58994.0,59044.44,58135.2,58204.93,1384.77,2024-08-15 01:00:00
2330,58204.93,58562.61,58010.0,58412.25,2459.79,2024-08-15 02:00:00
2331,58412.75,58494.74,58350.0,58442.98,503.56,2024-08-15 03:00:00
2332,58442.99,58471.0,58160.0,58388.71,687.67,2024-08-15 04:00:00
2333,58388.72,58639.0,58188.29,58315.01,747.54,2024-08-15 05:00:00
2334,58315.01,58390.0,57847.32,58101.44,1550.94,2024-08-15 06:00:00
2335,58101.44,58149.0,57713.88,58060.37,1156.57,2024-08-15 07:00:00
2336,58060.36,58390.21,57964.85,58378.3,1024.08,2024-08-15 08:00:00
2337,58378.3,58551.87,58305.14,58412.64,864.04,2024-08-15 09:00:00
2338,58412.64,58543.25,58298.6,58361.9,620.74,2024-08-15 10:00:00
2339,58361.9,58872.85,58354.53,58745.36,836.78,2024-08-15 11:00:00
2340,58745.36,59387.11,58607.86,58800.26,2158.36,2024-08-15 12:00:00
2341,58800.26,59477.0,58532.42,59451.34,1905.34,2024-08-15 13:00:00
2342,59451.33,59743.13,59210.48,59416.35,2073.1,2024-08-15 14:00:00
2343,59416.36,59787.37,59261.61,59682.84,1586.27,2024-08-15 15:00:00
2344,59682.85,59849.38,59428.57,59538.01,1358.44,2024-08-15 16:00:00
2345,59538.01,59547.96,58782.9,58875.1,1484.03,2024-08-15 17:00:00
2346,58875.1,58878.15,57524.56,57872.82,3577.74,2024-08-15 18:00:00
2347,57872.82,57963.04,56680.0,57047.46,4014.49,2024-08-15 19:00:00
2348,57046.34,57133.02,56078.54,56671.06,2541.62,2024-08-15 20:00:00
2349,56671.06,57632.34,56606.12,57622.21,1722.39,2024-08-15 21:00:00
2350,57622.21,57885.0,57382.9,57617.36,1824.13,2024-08-15 22:00:00
2351,57617.35,57824.46,57484.54,57541.06,951.61,2024-08-15 23:00:00
2352,57541.05,57673.8,57355.0,57469.99,1048.26,2024-08-16 00:00:00
2353,57469.99,57616.0,57098.62,57540.96,646.18,2024-08-16 01:00:00
2354,57540.97,58517.47,57336.0,58199.99,1557.26,2024-08-16 02:00:00
2355,58199.98,58237.31,57801.0,57890.0,894.94,2024-08-16 03:00:00
2356,57890.0,58313.16,57800.47,58309.99,894.62,2024-08-16 04:00:00
2357,58310.0,58350.45,58122.95,58196.01,402.71,2024-08-16 05:00:00
2358,58196.01,58666.77,58059.73,58527.59,1113.53,2024-08-16 06:00:00
2359,58528.7,58562.97,58325.1,58456.99,833.5,2024-08-16 07:00:00
2360,58456.99,58600.0,58327.99,58360.0,495.82,2024-08-16 08:00:00
2361,58360.01,58683.47,58258.52,58672.51,789.21,2024-08-16 09:00:00
2362,58672.51,58672.76,58300.0,58433.95,502.54,2024-08-16 10:00:00
2363,58433.95,58625.56,58218.71,58400.0,663.19,2024-08-16 11:00:00
2364,58400.0,58509.95,57526.31,57868.13,1989.47,2024-08-16 12:00:00
2365,57868.8,58915.18,57750.0,58343.66,3043.1,2024-08-16 13:00:00
2366,58343.65,58472.87,57861.99,58018.86,2012.59,2024-08-16 14:00:00
2367,58018.85,58223.04,57647.05,58071.06,1203.27,2024-08-16 15:00:00
2368,58071.07,58728.39,58000.0,58563.18,1350.37,2024-08-16 16:00:00
2369,58563.18,59360.23,58385.13,59215.85,1703.01,2024-08-16 17:00:00
2370,59215.85,59570.01,59081.42,59467.0,2045.25,2024-08-16 18:00:00
2371,59467.01,59817.76,59410.25,59683.39,1865.32,2024-08-16 19:00:00
2372,59683.39,59715.69,59184.72,59257.06,936.41,2024-08-16 20:00:00
2373,59256.89,59314.91,58950.0,59023.98,560.6,2024-08-16 21:00:00
2374,59023.97,59178.21,58966.55,58966.56,422.91,2024-08-16 22:00:00
2375,58966.56,59047.21,58703.99,58874.6,636.81,2024-08-16 23:00:00
2376,58874.59,59259.9,58785.05,59187.25,629.17,2024-08-17 00:00:00
2377,59187.26,59389.18,59120.08,59248.49,520.91,2024-08-17 01:00:00
2378,59248.5,59339.72,59110.79,59146.36,300.26,2024-08-17 02:00:00
2379,59146.36,59178.0,59000.0,59158.37,319.62,2024-08-17 03:00:00
2380,59158.36,59263.47,59083.9,59216.74,332.94,2024-08-17 04:00:00
2381,59216.74,59247.03,59150.18,59163.17,231.19,2024-08-17 05:00:00
2382,59163.16,59220.2,59141.96,59158.18,194.97,2024-08-17 06:00:00
2383,59158.18,59261.21,59051.98,59248.0,347.75,2024-08-17 07:00:00
2384,59248.0,59287.85,59163.16,59279.08,292.69,2024-08-17 08:00:00
2385,59279.09,59477.16,59223.17,59326.34,441.97,2024-08-17 09:00:00
2386,59326.35,59346.33,59083.58,59106.4,332.3,2024-08-17 10:00:00
2387,59106.41,59189.43,59060.0,59137.12,260.06,2024-08-17 11:00:00
2388,59137.12,59267.79,59100.28,59230.07,216.65,2024-08-17 12:00:00
2389,59230.07,59442.89,59190.0,59324.28,459.6,2024-08-17 13:00:00
2390,59324.29,59571.99,59254.11,59535.37,355.44,2024-08-17 14:00:00
2391,59535.37,59654.9,59363.64,59388.11,459.17,2024-08-17 15:00:00
2392,59388.11,59700.0,59388.11,59610.1,355.95,2024-08-17 16:00:00
2393,59610.09,59669.95,59428.57,59428.57,381.31,2024-08-17 17:00:00
2394,59428.57,59471.18,59294.31,59417.67,245.58,2024-08-17 18:00:00
2395,59417.68,59541.93,59385.71,59473.19,174.17,2024-08-17 19:00:00
2396,59473.19,59500.0,59330.0,59397.12,179.65,2024-08-17 20:00:00
2397,59397.13,59429.79,59113.68,59303.8,293.07,2024-08-17 21:00:00
2398,59303.8,59348.38,59246.43,59314.19,164.33,2024-08-17 22:00:00
2399,59314.19,59492.0,59300.95,59491.99,232.99,2024-08-17 23:00:00
2400,59491.99,59747.77,59424.16,59678.93,421.68,2024-08-18 00:00:00
2401,59678.93,59690.99,59410.21,59435.95,230.17,2024-08-18 01:00:00
2402,59435.95,60259.01,59393.1,60126.0,1194.85,2024-08-18 02:00:00
2403,60125.99,60254.77,59300.0,59337.42,1003.96,2024-08-18 03:00:00
2404,59337.41,59499.99,59256.56,59456.0,496.05,2024-08-18 04:00:00
2405,59456.0,59698.0,59406.02,59490.0,429.45,2024-08-18 05:00:00
2406,59490.0,59623.97,59480.0,59595.99,227.13,2024-08-18 06:00:00
2407,59596.0,59678.4,59516.0,59573.39,368.76,2024-08-18 07:00:00
2408,59573.39,59717.89,59436.0,59706.02,341.49,2024-08-18 08:00:00
2409,59706.01,60125.99,59651.68,59880.0,625.31,2024-08-18 09:00:00
2410,59880.01,60200.0,59826.31,59870.73,1134.86,2024-08-18 10:00:00
2411,59870.72,60033.34,59759.04,60024.01,455.22,2024-08-18 11:00:00
2412,60024.0,60284.99,59892.98,59969.55,792.75,2024-08-18 12:00:00
2413,59969.56,60227.71,59826.31,59828.0,516.38,2024-08-18 13:00:00
2414,59828.01,59971.14,59669.85,59806.01,645.58,2024-08-18 14:00:00
2415,59806.0,59931.51,59700.67,59863.99,274.38,2024-08-18 15:00:00
2416,59863.99,59945.83,59766.3,59840.45,242.12,2024-08-18 16:00:00
2417,59840.45,59858.05,59377.14,59527.58,647.11,2024-08-18 17:00:00
2418,59527.58,59623.97,59468.19,59602.17,286.59,2024-08-18 18:00:00
2419,59602.18,59756.0,59511.79,59708.38,235.22,2024-08-18 19:00:00
2420,59708.38,59869.77,59682.63,59814.53,270.89,2024-08-18 20:00:00
2421,59814.53,59814.53,59311.14,59439.33,464.86,2024-08-18 21:00:00
2422,59439.33,59577.88,59350.0,59350.0,315.5,2024-08-18 22:00:00
2423,59350.0,59407.61,58408.92,58427.35,2014.56,2024-08-18 23:00:00
2424,58427.35,58710.0,58210.03,58346.03,2258.27,2024-08-19 00:00:00
2425,58346.03,58630.0,58216.33,58564.0,1674.86,2024-08-19 01:00:00
2426,58564.0,58748.0,58427.07,58670.51,571.96,2024-08-19 02:00:00
2427,58670.51,58763.83,58561.87,58736.85,481.88,2024-08-19 03:00:00
2428,58736.85,58746.0,58450.0,58582.0,446.6,2024-08-19 04:00:00
2429,58581.99,58612.0,58359.5,58475.18,597.59,2024-08-19 05:00:00
2430,58475.19,58660.84,58388.85,58570.0,470.29,2024-08-19 06:00:00
2431,58570.0,58745.82,58500.0,58502.19,563.15,2024-08-19 07:00:00
2432,58502.19,58660.85,58403.16,58608.27,556.0,2024-08-19 08:00:00
2433,58608.28,58671.38,57965.6,58006.59,1680.69,2024-08-19 09:00:00
2434,58006.6,58199.28,57787.3,58046.01,1538.44,2024-08-19 10:00:00
2435,58046.01,58520.21,57984.18,58396.95,968.94,2024-08-19 11:00:00
2436,58396.94,58520.13,58264.0,58412.0,536.52,2024-08-19 12:00:00
2437,58412.01,58970.0,58029.77,58199.99,2044.12,2024-08-19 13:00:00
2438,58200.0,58633.34,58075.49,58617.42,1293.05,2024-08-19 14:00:00
2439,58617.42,58777.0,58510.01,58539.24,754.64,2024-08-19 15:00:00
2440,58539.25,58716.11,58380.0,58705.99,651.88,2024-08-19 16:00:00
2441,58706.0,59290.0,58555.92,59021.61,1384.42,2024-08-19 17:00:00
2442,59021.61,59235.93,58732.0,59011.99,654.65,2024-08-19 18:00:00
2443,59012.0,59130.83,58873.87,58967.53,478.53,2024-08-19 19:00:00
2444,58967.54,59342.11,58914.0,59080.01,682.11,2024-08-19 20:00:00
2445,59080.02,59242.74,58967.53,58967.54,596.82,2024-08-19 21:00:00
2446,58967.54,59280.01,58967.54,59241.0,549.13,2024-08-19 22:00:00
2447,59240.99,59617.63,59089.95,59438.5,1374.8,2024-08-19 23:00:00
2448,59438.5,60643.51,59363.31,60482.78,3181.0,2024-08-20 00:00:00
2449,60482.77,60910.55,60378.02,60446.03,1770.46,2024-08-20 01:00:00
2450,60446.04,60552.64,60336.97,60528.83,792.76,2024-08-20 02:00:00
2451,60528.84,60619.19,60422.37,60619.18,648.12,2024-08-20 03:00:00
2452,60619.19,61000.0,60576.06,60865.61,1772.25,2024-08-20 04:00:00
2453,60865.61,61400.0,60860.01,61119.99,1810.14,2024-08-20 05:00:00
2454,61120.0,61144.02,60938.0,60960.84,799.15,2024-08-20 06:00:00
2455,60960.84,61020.74,60799.81,60924.33,894.39,2024-08-20 07:00:00
2456,60924.33,60947.4,60679.36,60765.13,998.77,2024-08-20 08:00:00
2457,60765.14,60975.0,60752.3,60856.04,630.87,2024-08-20 09:00:00
2458,60856.04,60878.01,60668.3,60716.01,492.57,2024-08-20 10:00:00
2459,60716.01,60734.91,60401.9,60518.82,1086.56,2024-08-20 11:00:00
2460,60518.83,60752.25,60502.83,60693.71,825.74,2024-08-20 12:00:00
2461,60693.72,60955.99,60324.33,60891.99,1511.43,2024-08-20 13:00:00
2462,60892.0,60904.0,59446.03,59461.8,4267.16,2024-08-20 14:00:00
2463,59461.81,59483.52,58680.01,58825.53,3840.53,2024-08-20 15:00:00
2464,58825.53,59046.76,58548.23,58801.15,1468.04,2024-08-20 16:00:00
2465,58801.15,59059.84,58681.4,59039.48,599.96,2024-08-20 17:00:00
2466,59039.47,59479.8,59000.0,59191.45,1065.48,2024-08-20 18:00:00
2467,59191.45,59597.28,59137.78,59511.99,544.57,2024-08-20 19:00:00
2468,59512.0,59722.72,59285.71,59317.57,724.22,2024-08-20 20:00:00
2469,59317.58,59331.01,58802.35,59296.94,901.44,2024-08-20 21:00:00
2470,59296.94,59545.51,59238.08,59368.0,461.99,2024-08-20 22:00:00
2471,59368.0,59402.64,58992.81,59013.8,389.86,2024-08-20 23:00:00
2472,59013.8,59279.96,58954.99,58989.0,612.38,2024-08-21 00:00:00
2473,58989.0,59281.58,58783.47,59281.58,659.71,2024-08-21 01:00:00
2474,59281.57,59519.99,59253.12,59363.32,648.06,2024-08-21 02:00:00
2475,59363.32,59419.49,59209.87,59320.0,444.35,2024-08-21 03:00:00
2476,59320.0,59406.21,59183.13,59358.0,296.08,2024-08-21 04:00:00
2477,59357.99,59404.97,59292.64,59379.99,373.89,2024-08-21 05:00:00
2478,59379.99,59739.52,59364.1,59627.32,813.3,2024-08-21 06:00:00
2479,59627.32,59735.99,59580.0,59712.0,534.0,2024-08-21 07:00:00
2480,59711.99,59924.13,59231.33,59443.0,1071.73,2024-08-21 08:00:00
2481,59443.0,59508.0,59085.88,59290.51,979.22,2024-08-21 09:00:00
2482,59290.51,59484.4,59210.48,59468.4,481.18,2024-08-21 10:00:00
2483,59468.4,59509.34,59254.47,59361.14,399.07,2024-08-21 11:00:00
2484,59361.14,59600.0,59265.77,59506.9,711.52,2024-08-21 12:00:00
2485,59506.9,60100.0,58850.0,59928.0,2610.71,2024-08-21 13:00:00
2486,59928.01,60201.98,59193.66,59410.41,3616.5,2024-08-21 14:00:00
2487,59410.41,59782.97,59300.99,59511.8,1069.52,2024-08-21 15:00:00
2488,59511.79,59947.36,59375.0,59885.58,1038.66,2024-08-21 16:00:00
2489,59885.58,60046.0,59708.04,59928.42,703.96,2024-08-21 17:00:00
2490,59928.42,60831.9,59843.23,60771.28,1989.87,2024-08-21 18:00:00
2491,60771.28,61625.2,60588.64,61570.0,3404.8,2024-08-21 19:00:00
2492,61570.0,61820.93,60902.13,61236.0,2736.96,2024-08-21 20:00:00
2493,61236.0,61499.93,60928.0,61235.97,1109.72,2024-08-21 21:00:00
2494,61235.97,61500.0,61173.51,61176.47,624.24,2024-08-21 22:00:00
2495,61176.47,61300.01,61002.17,61156.03,1054.21,2024-08-21 23:00:00
2496,61156.03,61229.0,60811.07,60818.15,697.77,2024-08-22 00:00:00
2497,60818.15,60995.96,60724.79,60970.0,664.61,2024-08-22 01:00:00
2498,60970.0,60970.01,59724.87,60186.48,1774.35,2024-08-22 02:00:00
2499,60186.49,60624.0,60074.0,60548.9,972.81,2024-08-22 03:00:00
2500,60548.9,60850.0,60459.98,60834.52,853.58,2024-08-22 04:00:00
2501,60834.53,60834.53,60602.45,60724.0,507.78,2024-08-22 05:00:00
2502,60724.01,60944.53,60682.41,60762.91,554.47,2024-08-22 06:00:00
2503,60762.92,61114.23,60708.69,60984.31,761.05,2024-08-22 07:00:00
2504,60984.31,61112.0,60859.79,60926.81,740.94,2024-08-22 08:00:00
2505,60926.81,60976.32,60802.38,60887.98,541.86,2024-08-22 09:00:00
2506,60887.99,61400.0,60827.12,61350.01,807.96,2024-08-22 10:00:00
2507,61350.02,61382.24,61097.59,61336.09,1008.84,2024-08-22 11:00:00
2508,61336.09,61398.18,60772.12,60879.19,1784.93,2024-08-22 12:00:00
2509,60879.19,60934.03,60394.64,60815.99,1767.73,2024-08-22 13:00:00
2510,60816.0,60854.28,60300.0,60510.48,1756.84,2024-08-22 14:00:00
2511,60510.48,60833.0,60100.0,60407.4,1539.82,2024-08-22 15:00:00
2512,60407.39,60600.2,60281.02,60329.7,791.09,2024-08-22 16:00:00
2513,60329.7,60512.01,60142.85,60164.7,622.63,2024-08-22 17:00:00
2514,60164.7,60566.51,60131.0,60331.16,609.79,2024-08-22 18:00:00
2515,60331.16,60439.11,60154.78,60308.0,640.16,2024-08-22 19:00:00
2516,60307.99,60691.2,60288.0,60680.01,824.1,2024-08-22 20:00:00
2517,60680.0,60707.88,60439.78,60545.47,388.5,2024-08-22 21:00:00
2518,60545.46,60609.8,60400.0,60435.05,324.0,2024-08-22 22:00:00
2519,60435.04,60462.56,60297.5,60375.84,305.6,2024-08-22 23:00:00
2520,60375.83,60968.24,60342.14,60726.16,824.58,2024-08-23 00:00:00
2521,60726.17,60855.77,60603.99,60768.45,491.12,2024-08-23 01:00:00
2522,60768.45,60806.74,60618.0,60625.7,502.99,2024-08-23 02:00:00
2523,60625.69,60689.4,60572.94,60593.31,365.69,2024-08-23 03:00:00
2524,60593.31,60742.85,60582.68,60707.51,537.66,2024-08-23 04:00:00
2525,60707.52,61089.6,60707.51,60856.26,825.62,2024-08-23 05:00:00
2526,60856.26,61367.74,60832.27,61189.58,963.68,2024-08-23 06:00:00
2527,61189.59,61259.93,60937.97,61069.27,610.29,2024-08-23 07:00:00
2528,61069.26,61322.66,61036.84,61321.4,594.03,2024-08-23 08:00:00
2529,61321.4,61337.57,61003.0,61022.13,593.43,2024-08-23 09:00:00
2530,61022.12,61166.01,61007.17,61060.75,372.0,2024-08-23 10:00:00
2531,61060.75,61079.04,60691.11,60741.68,754.07,2024-08-23 11:00:00
2532,60741.68,61217.39,60741.68,61146.58,750.19,2024-08-23 12:00:00
2533,61146.59,61175.6,60881.34,61119.99,1070.76,2024-08-23 13:00:00
2534,61119.99,62320.36,60802.36,60994.91,7401.52,2024-08-23 14:00:00
2535,60994.91,61778.76,60916.41,61533.05,2404.43,2024-08-23 15:00:00
2536,61533.04,61828.82,61349.99,61731.99,1071.22,2024-08-23 16:00:00
2537,61731.99,63015.99,61616.02,62999.89,3272.8,2024-08-23 17:00:00
2538,62999.88,63411.23,62659.09,63152.6,3836.82,2024-08-23 18:00:00
2539,63152.59,63819.16,63000.01,63628.84,3322.52,2024-08-23 19:00:00
2540,63628.84,63818.21,63484.18,63627.74,1175.41,2024-08-23 20:00:00
2541,63627.74,64777.0,63598.96,64392.58,2659.85,2024-08-23 21:00:00
2542,64392.58,64955.0,63850.0,64084.96,1980.79,2024-08-23 22:00:00
2543,64084.95,64318.93,63836.69,64037.24,1736.6,2024-08-23 23:00:00
2544,64037.24,64206.7,63816.05,63961.78,990.21,2024-08-24 00:00:00
2545,63961.79,64006.4,63626.58,63836.48,754.59,2024-08-24 01:00:00
2546,63836.49,64000.0,63788.8,63949.99,492.9,2024-08-24 02:00:00
2547,63949.99,63990.0,63759.01,63832.01,853.72,2024-08-24 03:00:00
2548,63832.0,63986.0,63822.0,63897.61,412.13,2024-08-24 04:00:00
2549,63897.61,64032.95,63860.61,63987.98,665.57,2024-08-24 05:00:00
2550,63987.98,64277.43,63924.56,64048.0,1078.41,2024-08-24 06:00:00
2551,64048.0,64332.0,64048.0,64315.0,687.09,2024-08-24 07:00:00
2552,64315.0,64450.63,64144.5,64416.0,551.69,2024-08-24 08:00:00
2553,64416.0,64494.5,64200.0,64328.66,530.49,2024-08-24 09:00:00
2554,64328.65,64382.36,64098.0,64117.76,571.0,2024-08-24 10:00:00
2555,64117.77,64186.67,63868.0,63905.01,704.72,2024-08-24 11:00:00
2556,63905.0,64180.0,63902.0,64086.99,673.82,2024-08-24 12:00:00
2557,64086.99,64244.0,63961.25,64221.49,613.02,2024-08-24 13:00:00
2558,64221.5,64228.89,64013.03,64171.84,435.57,2024-08-24 14:00:00
2559,64171.84,64171.84,63872.0,63976.0,571.56,2024-08-24 15:00:00
2560,63976.0,64413.01,63903.58,64298.01,1010.64,2024-08-24 16:00:00
2561,64298.01,64298.01,63951.97,64050.99,646.07,2024-08-24 17:00:00
2562,64051.0,64444.0,63938.0,64223.06,979.61,2024-08-24 18:00:00
2563,64223.06,64372.0,64210.6,64210.6,238.47,2024-08-24 19:00:00
2564,64210.6,64328.0,64123.77,64131.0,347.97,2024-08-24 20:00:00
2565,64131.0,64172.01,63531.0,63612.37,919.93,2024-08-24 21:00:00
2566,63612.36,64000.0,63570.0,63833.98,805.86,2024-08-24 22:00:00
2567,63833.98,64163.62,63796.41,64157.01,322.14,2024-08-24 23:00:00
2568,64157.02,64507.04,64107.16,64175.99,1152.62,2024-08-25 00:00:00
2569,64175.98,64376.69,64042.42,64150.08,597.68,2024-08-25 01:00:00
2570,64150.08,64269.0,64102.5,64137.0,342.76,2024-08-25 02:00:00
2571,64137.0,64170.0,64000.0,64101.01,530.18,2024-08-25 03:00:00
2572,64101.01,64161.0,64000.0,64150.99,320.06,2024-08-25 04:00:00
2573,64151.0,64196.0,64100.01,64137.5,318.99,2024-08-25 05:00:00
2574,64137.5,64163.64,63976.82,63994.0,330.77,2024-08-25 06:00:00
2575,63994.0,64038.0,63785.76,63868.26,675.62,2024-08-25 07:00:00
2576,63868.27,64010.0,63806.0,63931.0,395.31,2024-08-25 08:00:00
2577,63931.0,63978.0,63773.27,63861.31,517.93,2024-08-25 09:00:00
2578,63861.3,63932.0,63787.5,63881.01,368.21,2024-08-25 10:00:00
2579,63881.02,64009.83,63870.73,63873.91,447.23,2024-08-25 11:00:00
2580,63873.92,63940.0,63805.0,63924.0,252.03,2024-08-25 12:00:00
2581,63923.99,64167.0,63851.34,64082.02,613.96,2024-08-25 13:00:00
2582,64082.03,64251.0,64082.02,64148.01,584.36,2024-08-25 14:00:00
2583,64148.0,64288.0,64086.0,64132.16,383.87,2024-08-25 15:00:00
2584,64132.17,64201.0,64000.0,64033.99,331.82,2024-08-25 16:00:00
2585,64033.99,64162.94,64024.0,64140.99,310.62,2024-08-25 17:00:00
2586,64141.0,64248.66,64065.25,64166.99,312.64,2024-08-25 18:00:00
2587,64166.99,64210.05,64145.13,64187.41,163.55,2024-08-25 19:00:00
2588,64187.42,64264.0,64122.49,64206.99,256.83,2024-08-25 20:00:00
2589,64207.0,64572.0,64206.99,64383.73,798.13,2024-08-25 21:00:00
2590,64383.73,64616.0,64279.12,64482.01,542.03,2024-08-25 22:00:00
2591,64482.0,65000.0,64200.0,64220.0,1758.27,2024-08-25 23:00:00
2592,64219.99,64481.0,63891.0,64111.01,947.63,2024-08-26 00:00:00
2593,64111.01,64196.0,63890.94,63939.98,628.24,2024-08-26 01:00:00
2594,63939.98,64071.6,63790.0,64070.0,539.5,2024-08-26 02:00:00
2595,64070.0,64121.0,64004.0,64114.99,362.07,2024-08-26 03:00:00
2596,64115.0,64205.31,63948.0,64019.0,325.84,2024-08-26 04:00:00
2597,64019.0,64050.0,63885.0,63950.01,423.64,2024-08-26 05:00:00
2598,63950.01,64012.92,63420.0,63728.44,1288.02,2024-08-26 06:00:00
2599,63728.43,63867.84,63575.0,63627.01,735.14,2024-08-26 07:00:00
2600,63627.01,63868.0,63595.39,63738.0,511.12,2024-08-26 08:00:00
2601,63737.99,63875.81,63220.95,63856.99,1076.08,2024-08-26 09:00:00
2602,63857.0,64039.2,63733.28,63780.0,811.06,2024-08-26 10:00:00
2603,63780.01,63996.77,63739.39,63859.0,484.09,2024-08-26 11:00:00
2604,63859.0,63958.95,63464.0,63633.0,679.77,2024-08-26 12:00:00
2605,63633.0,63873.0,63500.0,63766.0,1006.5,2024-08-26 13:00:00
2606,63766.0,63874.34,63125.53,63500.6,1976.78,2024-08-26 14:00:00
2607,63500.6,63635.0,63061.0,63532.53,1295.22,2024-08-26 15:00:00
2608,63532.54,63826.0,63412.06,63705.0,913.47,2024-08-26 16:00:00
2609,63705.0,63878.78,63204.0,63375.99,983.7,2024-08-26 17:00:00
2610,63376.0,63702.85,63192.04,63643.94,899.31,2024-08-26 18:00:00
2611,63643.94,63703.0,63252.01,63342.99,690.61,2024-08-26 19:00:00
2612,63342.99,63557.58,63202.71,63417.01,572.74,2024-08-26 20:00:00
2613,63417.0,63423.89,62838.0,63155.81,1226.03,2024-08-26 21:00:00
2614,63155.82,63280.0,62888.24,62973.01,510.57,2024-08-26 22:00:00
2615,62973.01,63168.0,62800.0,62834.0,582.93,2024-08-26 23:00:00
2616,62834.0,63050.0,62657.0,62722.0,1059.42,2024-08-27 00:00:00
2617,62722.0,63212.0,62688.15,62994.8,1116.55,2024-08-27 01:00:00
2618,62994.81,63193.94,62892.0,62900.07,461.81,2024-08-27 02:00:00
2619,62900.07,63009.91,62716.0,62970.0,930.74,2024-08-27 03:00:00
2620,62970.0,63099.69,62911.49,63038.99,693.64,2024-08-27 04:00:00
2621,63038.99,63200.0,63038.98,63150.02,604.41,2024-08-27 05:00:00
2622,63150.02,63151.26,62701.06,62761.0,1117.4,2024-08-27 06:00:00
2623,62761.0,62961.0,62750.19,62902.31,697.55,2024-08-27 07:00:00
2624,62902.32,63000.0,62700.0,62813.38,517.8,2024-08-27 08:00:00
2625,62813.38,62952.41,62566.0,62679.99,1288.24,2024-08-27 09:00:00
2626,62679.99,62679.99,62244.37,62332.05,1546.52,2024-08-27 10:00:00
2627,62332.06,62545.0,62230.0,62417.0,837.01,2024-08-27 11:00:00
2628,62416.99,62475.0,62132.0,62419.56,1252.13,2024-08-27 12:00:00
2629,62419.57,62495.0,62128.24,62232.64,1653.76,2024-08-27 13:00:00
2630,62232.65,62293.0,61801.01,61851.01,2802.72,2024-08-27 14:00:00
2631,61851.01,61981.82,61473.03,61709.13,2549.55,2024-08-27 15:00:00
2632,61709.13,61989.9,61534.6,61560.12,1222.28,2024-08-27 16:00:00
2633,61560.13,61933.32,61518.74,61933.32,677.07,2024-08-27 17:00:00
2634,61933.31,62142.84,61885.3,62096.01,688.16,2024-08-27 18:00:00
2635,62096.01,62196.75,61884.98,62102.01,456.28,2024-08-27 19:00:00
2636,62102.0,62102.01,61846.33,61859.0,407.89,2024-08-27 20:00:00
2637,61858.99,61956.17,60000.0,60419.99,3799.5,2024-08-27 21:00:00
2638,60419.99,60420.0,58034.01,59506.94,6854.73,2024-08-27 22:00:00
2639,59506.94,59780.0,59150.0,59415.0,1900.78,2024-08-27 23:00:00
2640,59415.0,59448.96,59000.0,59088.94,2123.34,2024-08-28 00:00:00
2641,59088.94,59459.45,58917.12,59383.63,1700.8,2024-08-28 01:00:00
2642,59383.63,59424.0,59190.75,59336.02,895.47,2024-08-28 02:00:00
2643,59336.02,59650.0,59304.92,59629.01,832.35,2024-08-28 03:00:00
2644,59629.01,59661.0,59275.87,59325.33,1316.2,2024-08-28 04:00:00
2645,59325.33,59486.54,59250.42,59287.94,753.81,2024-08-28 05:00:00
2646,59287.93,59356.66,59126.21,59186.91,774.03,2024-08-28 06:00:00
2647,59186.91,59271.82,58516.0,58600.98,1770.51,2024-08-28 07:00:00
2648,58600.98,59296.92,58534.35,59223.99,1573.32,2024-08-28 08:00:00
2649,59224.0,60231.0,59136.18,60200.12,2553.6,2024-08-28 09:00:00
2650,60200.11,60234.98,59700.0,59756.99,1403.93,2024-08-28 10:00:00
2651,59757.0,60099.99,59680.03,59935.0,874.92,2024-08-28 11:00:00
2652,59934.99,60160.0,59886.01,59946.22,796.69,2024-08-28 12:00:00
2653,59946.23,60004.96,59310.16,59334.0,2032.68,2024-08-28 13:00:00
2654,59334.0,59942.0,58926.0,59195.26,2777.71,2024-08-28 14:00:00
2655,59195.26,59195.26,58443.07,59000.0,2674.48,2024-08-28 15:00:00
2656,59000.0,59218.38,57860.0,59198.01,3914.3,2024-08-28 16:00:00
2657,59198.01,59255.0,58636.47,58650.0,1326.76,2024-08-28 17:00:00
2658,58650.0,59510.0,58597.66,59487.0,1479.06,2024-08-28 18:00:00
2659,59487.0,59849.99,58815.0,58898.85,1583.16,2024-08-28 19:00:00
2660,58898.85,59602.0,58623.01,59312.01,1863.1,2024-08-28 20:00:00
2661,59312.0,59483.88,59077.86,59113.91,754.13,2024-08-28 21:00:00
2662,59113.91,59255.41,58844.59,59195.43,706.1,2024-08-28 22:00:00
2663,59195.43,59197.14,58989.0,59034.9,388.11,2024-08-28 23:00:00
2664,59034.9,59237.0,58917.83,59205.83,631.47,2024-08-29 00:00:00
2665,59205.83,59320.0,58878.46,58997.99,624.55,2024-08-29 01:00:00
2666,58998.0,59187.5,58919.99,59137.0,607.16,2024-08-29 02:00:00
2667,59137.01,59200.0,59032.48,59141.1,325.53,2024-08-29 03:00:00
2668,59141.11,59226.22,59049.79,59197.96,533.5,2024-08-29 04:00:00
2669,59197.96,59460.0,59146.33,59436.17,681.06,2024-08-29 05:00:00
2670,59436.17,59764.0,59370.0,59570.65,1102.14,2024-08-29 06:00:00
2671,59570.65,59685.99,59499.63,59583.88,560.33,2024-08-29 07:00:00
2672,59583.88,59635.66,59374.0,59551.97,654.01,2024-08-29 08:00:00
2673,59551.97,59773.75,59551.2,59586.0,788.63,2024-08-29 09:00:00
2674,59586.0,59841.66,59575.04,59673.01,725.43,2024-08-29 10:00:00
2675,59673.01,60477.0,59614.86,60067.06,1945.68,2024-08-29 11:00:00
2676,60067.06,60498.0,59990.0,60322.0,1495.85,2024-08-29 12:00:00
2677,60321.99,60664.0,60170.01,60626.01,2607.65,2024-08-29 13:00:00
2678,60626.99,60949.0,60452.0,60814.99,1881.46,2024-08-29 14:00:00
2679,60815.0,61166.99,60741.93,60779.99,1639.54,2024-08-29 15:00:00
2680,60779.99,60960.0,60220.22,60295.0,1640.14,2024-08-29 16:00:00
2681,60294.99,60585.63,60174.2,60533.0,901.55,2024-08-29 17:00:00
2682,60533.0,60548.99,58915.01,59161.0,2929.67,2024-08-29 18:00:00
2683,59161.01,59703.77,58951.1,59258.0,1701.15,2024-08-29 19:00:00
2684,59257.99,59529.0,59234.0,59529.0,654.1,2024-08-29 20:00:00
2685,59529.0,59638.37,59423.77,59496.0,472.84,2024-08-29 21:00:00
2686,59496.0,59496.01,58713.09,59211.99,1440.5,2024-08-29 22:00:00
2687,59211.99,59397.0,59145.1,59359.01,476.94,2024-08-29 23:00:00
2688,59359.0,59487.64,59132.0,59204.01,594.15,2024-08-30 00:00:00
2689,59204.01,59300.95,58953.7,59217.0,856.07,2024-08-30 01:00:00
2690,59217.0,59341.0,59062.52,59202.51,390.62,2024-08-30 02:00:00
2691,59202.5,59206.0,58899.7,59032.01,902.86,2024-08-30 03:00:00
2692,59032.0,59156.0,59001.11,59013.01,486.07,2024-08-30 04:00:00
2693,59013.01,59023.85,58685.0,58784.0,1317.81,2024-08-30 05:00:00
2694,58783.99,59373.0,58705.01,59361.0,1057.28,2024-08-30 06:00:00
2695,59361.01,59582.86,59226.84,59271.1,1283.14,2024-08-30 07:00:00
2696,59271.11,59587.12,59271.0,59445.0,764.08,2024-08-30 08:00:00
2697,59445.0,59669.96,59421.1,59580.64,817.95,2024-08-30 09:00:00
2698,59580.65,59674.42,59426.5,59581.13,651.91,2024-08-30 10:00:00
2699,59581.13,59650.0,59318.0,59396.0,942.65,2024-08-30 11:00:00
2700,59396.0,59944.07,59375.0,59539.0,1560.98,2024-08-30 12:00:00
2701,59538.99,59668.0,58901.0,59653.0,1636.2,2024-08-30 13:00:00
2702,59653.0,59830.0,58441.31,58462.89,3132.81,2024-08-30 14:00:00
2703,58462.89,58675.01,57946.01,58094.99,4035.99,2024-08-30 15:00:00
2704,58095.0,58600.0,57701.1,58551.11,2484.77,2024-08-30 16:00:00
2705,58551.1,58811.04,58406.0,58630.91,1172.01,2024-08-30 17:00:00
2706,58630.91,59371.0,58625.0,59370.99,1799.52,2024-08-30 18:00:00
2707,59371.0,59371.0,58700.01,58700.02,961.28,2024-08-30 19:00:00
2708,58700.02,59048.0,58700.0,59048.0,529.06,2024-08-30 20:00:00
2709,59048.0,59155.0,58975.4,59055.99,402.28,2024-08-30 21:00:00
2710,59056.0,59298.89,59051.1,59237.5,458.92,2024-08-30 22:00:00
2711,59237.5,59275.78,59088.01,59123.99,280.89,2024-08-30 23:00:00
2712,59123.99,59462.38,59070.4,59246.01,963.75,2024-08-31 00:00:00
2713,59246.0,59335.0,59180.94,59285.0,240.33,2024-08-31 01:00:00
2714,59285.0,59293.0,59119.01,59196.5,240.22,2024-08-31 02:00:00
2715,59196.5,59254.0,59129.33,59232.01,203.5,2024-08-31 03:00:00
2716,59232.01,59350.0,59215.0,59350.0,242.6,2024-08-31 04:00:00
2717,59350.0,59350.0,59211.88,59212.0,326.54,2024-08-31 05:00:00
2718,59212.01,59264.95,59151.8,59154.01,282.17,2024-08-31 06:00:00
2719,59154.02,59188.99,59043.12,59095.0,379.36,2024-08-31 07:00:00
2720,59095.01,59130.0,58981.1,58985.01,314.66,2024-08-31 08:00:00
2721,58985.01,59023.0,58831.88,58905.01,523.54,2024-08-31 09:00:00
2722,58905.01,59170.4,58872.0,59136.99,384.11,2024-08-31 10:00:00
2723,59136.99,59188.9,59103.54,59120.99,181.78,2024-08-31 11:00:00
2724,59120.99,59244.04,59071.1,59192.26,383.94,2024-08-31 12:00:00
2725,59192.26,59244.04,58929.96,58954.99,375.76,2024-08-31 13:00:00
2726,58955.0,59170.11,58892.15,59126.0,491.94,2024-08-31 14:00:00
2727,59126.01,59155.0,58954.81,59006.54,523.35,2024-08-31 15:00:00
2728,59006.54,59032.12,58854.0,58971.55,341.62,2024-08-31 16:00:00
2729,58971.55,59034.84,58744.0,59013.16,481.82,2024-08-31 17:00:00
2730,59013.17,59140.01,58868.22,58920.52,536.83,2024-08-31 18:00:00
2731,58920.53,58941.29,58823.73,58856.0,276.99,2024-08-31 19:00:00
2732,58856.0,58971.56,58763.29,58951.08,262.63,2024-08-31 20:00:00
2733,58951.09,59130.0,58900.0,59061.01,354.03,2024-08-31 21:00:00
2734,59061.0,59141.72,59006.0,59024.0,203.36,2024-08-31 22:00:00
2735,59023.99,59056.0,58927.0,58973.99,283.57,2024-08-31 23:00:00
2736,58974.0,59076.59,58900.0,58930.0,289.13,2024-09-01 00:00:00
2737,58929.99,58957.0,58819.78,58828.01,330.22,2024-09-01 01:00:00
2738,58828.0,58851.65,58276.01,58540.25,1256.78,2024-09-01 02:00:00
2739,58540.25,58672.01,58399.01,58524.21,437.88,2024-09-01 03:00:00
2740,58524.21,58599.98,58355.0,58442.0,359.59,2024-09-01 04:00:00
2741,58442.01,58468.0,57777.0,57986.0,2028.37,2024-09-01 05:00:00
2742,57986.0,58298.0,57952.0,58201.1,470.79,2024-09-01 06:00:00
2743,58201.11,58500.0,58131.12,58478.64,507.41,2024-09-01 07:00:00
2744,58478.64,58504.81,58200.51,58233.99,388.38,2024-09-01 08:00:00
2745,58234.0,58400.0,58126.98,58205.0,479.14,2024-09-01 09:00:00
2746,58205.0,58222.0,57896.01,57931.0,715.77,2024-09-01 10:00:00
2747,57931.0,58250.21,57840.0,58240.52,937.32,2024-09-01 11:00:00
2748,58240.51,58320.15,57912.3,58020.0,632.17,2024-09-01 12:00:00
2749,58020.01,58215.0,57710.0,58175.01,1244.46,2024-09-01 13:00:00
2750,58175.0,58179.0,57201.0,57879.99,2863.16,2024-09-01 14:00:00
2751,57879.99,58360.38,57714.35,58217.0,1171.61,2024-09-01 15:00:00
2752,58217.0,58350.0,58090.01,58132.06,522.63,2024-09-01 16:00:00
2753,58132.07,58201.0,57864.3,58127.98,571.34,2024-09-01 17:00:00
2754,58127.98,58788.93,58122.0,58541.1,942.53,2024-09-01 18:00:00
2755,58541.11,58775.0,58292.0,58514.0,632.25,2024-09-01 19:00:00
2756,58514.01,58656.77,58381.1,58431.1,334.87,2024-09-01 20:00:00
2757,58431.1,58431.1,58093.57,58351.11,337.48,2024-09-01 21:00:00
2758,58351.11,58414.0,57232.0,57309.01,1949.03,2024-09-01 22:00:00
2759,57309.0,57598.0,57205.0,57301.86,1302.87,2024-09-01 23:00:00
2760,57301.77,57650.0,57128.0,57467.24,1254.37,2024-09-02 00:00:00
2761,57467.25,57578.99,57242.0,57423.23,1069.89,2024-09-02 01:00:00
2762,57423.23,57721.0,57294.0,57509.01,1338.6,2024-09-02 02:00:00
2763,57509.01,57767.14,57502.05,57742.01,942.02,2024-09-02 03:00:00
2764,57742.0,57766.0,57445.91,57459.51,662.74,2024-09-02 04:00:00
2765,57459.51,57987.99,57449.75,57785.01,803.52,2024-09-02 05:00:00
2766,57785.0,57883.0,57662.01,57688.0,469.19,2024-09-02 06:00:00
2767,57688.0,57792.0,57362.06,57547.99,681.15,2024-09-02 07:00:00
2768,57548.0,58300.0,57520.12,58056.01,1815.85,2024-09-02 08:00:00
2769,58056.01,58462.0,57901.2,58402.35,1244.82,2024-09-02 09:00:00
2770,58402.0,58587.0,58293.0,58498.51,1034.97,2024-09-02 10:00:00
2771,58498.51,58680.76,58349.02,58422.01,976.69,2024-09-02 11:00:00
2772,58422.01,58509.0,58256.1,58393.94,616.47,2024-09-02 12:00:00
2773,58393.94,58489.0,58149.54,58181.22,720.24,2024-09-02 13:00:00
2774,58181.21,58808.0,58104.0,58597.0,1965.05,2024-09-02 14:00:00
2775,58597.0,58741.1,58480.9,58537.99,722.13,2024-09-02 15:00:00
2776,58537.99,58653.0,58293.12,58345.0,535.15,2024-09-02 16:00:00
2777,58345.0,58558.49,58301.0,58514.01,753.9,2024-09-02 17:00:00
2778,58514.01,58666.64,58318.33,58486.01,1025.89,2024-09-02 18:00:00
2779,58486.01,58559.0,58390.39,58439.99,541.54,2024-09-02 19:00:00
2780,58440.03,59243.0,58384.61,58992.0,1191.57,2024-09-02 20:00:00
2781,58992.01,59274.32,58875.03,59047.0,1326.68,2024-09-02 21:00:00
2782,59047.0,59350.0,59008.81,59349.99,637.62,2024-09-02 22:00:00
2783,59349.99,59425.69,59073.0,59132.13,564.97,2024-09-02 23:00:00
2784,59132.12,59258.0,59021.62,59257.99,502.76,2024-09-03 00:00:00
2785,59258.0,59406.57,59195.41,59388.01,518.72,2024-09-03 01:00:00
2786,59388.01,59809.65,59300.0,59311.01,1623.18,2024-09-03 02:00:00
2787,59311.01,59327.71,59041.86,59110.99,544.08,2024-09-03 03:00:00
2788,59111.0,59236.0,59003.99,59099.01,718.44,2024-09-03 04:00:00
2789,59099.0,59259.0,58988.0,59186.0,782.13,2024-09-03 05:00:00
2790,59186.0,59186.0,58872.0,58891.0,744.03,2024-09-03 06:00:00
2791,58891.01,59140.35,58880.57,59112.0,541.95,2024-09-03 07:00:00
2792,59112.01,59136.58,58717.0,58789.02,856.97,2024-09-03 08:00:00
2793,58789.01,58961.5,58783.0,58874.0,617.96,2024-09-03 09:00:00
2794,58874.01,59195.63,58836.87,59078.94,575.27,2024-09-03 10:00:00
2795,59078.94,59106.01,58951.0,59072.0,383.86,2024-09-03 11:00:00
2796,59072.01,59350.0,59057.34,59135.01,692.84,2024-09-03 12:00:00
2797,59135.01,59320.14,58198.28,58398.99,2496.48,2024-09-03 13:00:00
2798,58398.99,58398.99,57568.0,57672.84,3781.01,2024-09-03 14:00:00
2799,57672.84,58018.0,57630.0,57725.0,1219.72,2024-09-03 15:00:00
2800,57725.01,57924.0,57655.81,57708.0,1112.38,2024-09-03 16:00:00
2801,57707.99,58100.0,57680.0,57698.0,885.89,2024-09-03 17:00:00
2802,57698.0,58055.0,57589.01,57926.0,915.06,2024-09-03 18:00:00
2803,57925.99,58251.09,57852.0,58046.0,833.08,2024-09-03 19:00:00
2804,58045.99,58247.0,58045.99,58228.0,587.22,2024-09-03 20:00:00
2805,58228.01,58238.0,57957.5,58134.61,471.63,2024-09-03 21:00:00
2806,58134.61,58183.68,57863.99,57865.0,495.4,2024-09-03 22:00:00
2807,57865.0,57899.0,57415.0,57487.73,928.11,2024-09-03 23:00:00
2808,57487.74,57943.53,57100.0,57140.02,1476.45,2024-09-04 00:00:00
2809,57140.02,57161.06,55606.0,56784.01,6507.55,2024-09-04 01:00:00
2810,56784.01,56823.0,56520.35,56648.01,1131.29,2024-09-04 02:00:00
2811,56648.01,56850.0,56618.0,56653.98,893.26,2024-09-04 03:00:00
2812,56653.99,56728.0,56559.15,56694.0,517.99,2024-09-04 04:00:00
2813,56694.0,56694.0,56201.0,56252.01,1520.49,2024-09-04 05:00:00
2814,56252.01,56530.01,56209.99,56277.0,2018.11,2024-09-04 06:00:00
2815,56277.0,56881.0,56253.0,56746.0,1513.51,2024-09-04 07:00:00
2816,56746.0,56909.94,56668.28,56783.01,740.01,2024-09-04 08:00:00
2817,56783.01,56855.0,56570.0,56596.99,853.9,2024-09-04 09:00:00
2818,56596.99,56710.47,56453.0,56456.45,878.43,2024-09-04 10:00:00
2819,56456.46,56682.32,56454.73,56573.0,540.51,2024-09-04 11:00:00
2820,56573.0,56763.99,56479.95,56599.99,776.27,2024-09-04 12:00:00
2821,56600.0,56700.0,56319.41,56490.0,1446.03,2024-09-04 13:00:00
2822,56489.99,57581.4,56187.61,57511.1,3849.66,2024-09-04 14:00:00
2823,57511.11,58181.43,57365.0,58134.0,3831.98,2024-09-04 15:00:00
2824,58134.0,58519.0,58121.1,58406.07,2363.63,2024-09-04 16:00:00
2825,58406.06,58472.0,57821.79,57878.0,1365.95,2024-09-04 17:00:00
2826,57878.01,57997.99,57646.0,57684.01,805.59,2024-09-04 18:00:00
2827,57684.01,58165.0,57662.0,58058.01,749.56,2024-09-04 19:00:00
2828,58058.0,58181.0,57792.46,58048.01,598.9,2024-09-04 20:00:00
2829,58048.0,58120.0,57948.0,58100.0,300.28,2024-09-04 21:00:00
2830,58100.0,58390.0,58041.1,58130.99,465.3,2024-09-04 22:00:00
2831,58130.98,58232.0,57889.81,57970.9,416.16,2024-09-04 23:00:00
2832,57970.9,58327.07,57964.0,57997.75,935.44,2024-09-05 00:00:00
2833,57997.75,58249.0,57955.55,58021.99,499.19,2024-09-05 01:00:00
2834,58021.99,58063.99,57653.13,57692.99,783.11,2024-09-05 02:00:00
2835,57693.0,57693.0,56891.07,57135.42,2500.29,2024-09-05 03:00:00
2836,57135.42,57291.1,57076.01,57206.4,672.68,2024-09-05 04:00:00
2837,57206.4,57268.75,57029.0,57194.99,549.3,2024-09-05 05:00:00
2838,57195.0,57222.78,56541.68,56914.01,1323.86,2024-09-05 06:00:00
2839,56914.01,57245.03,56831.71,57155.1,791.72,2024-09-05 07:00:00
2840,57155.1,57232.0,56952.65,57004.0,627.53,2024-09-05 08:00:00
2841,57004.0,57012.0,56623.0,56797.0,1013.96,2024-09-05 09:00:00
2842,56797.0,56848.97,56654.31,56771.0,586.08,2024-09-05 10:00:00
2843,56771.0,56863.8,56663.0,56698.01,597.41,2024-09-05 11:00:00
2844,56698.01,56850.0,56318.0,56662.0,1962.33,2024-09-05 12:00:00
2845,56662.01,57158.81,56571.47,57028.62,1904.36,2024-09-05 13:00:00
2846,57028.62,57350.0,56479.36,56558.01,2734.65,2024-09-05 14:00:00
2847,56558.0,56674.83,55817.51,55976.01,3598.75,2024-09-05 15:00:00
2848,55976.01,56416.65,55960.0,56335.0,1223.32,2024-09-05 16:00:00
2849,56335.0,56614.0,56200.42,56602.99,893.08,2024-09-05 17:00:00
2850,56603.0,56710.0,56506.3,56548.99,602.6,2024-09-05 18:00:00
2851,56549.0,56568.0,55800.0,56060.01,1587.58,2024-09-05 19:00:00
2852,56060.0,56259.97,56010.0,56094.0,664.2,2024-09-05 20:00:00
2853,56094.0,56253.44,55643.65,56150.6,901.96,2024-09-05 21:00:00
2854,56150.59,56227.5,55783.0,56104.6,521.41,2024-09-05 22:00:00
2855,56104.99,56208.0,55993.45,56180.0,332.1,2024-09-05 23:00:00
2856,56180.0,56333.82,55989.0,56182.0,597.43,2024-09-06 00:00:00
2857,56182.01,56615.49,55993.0,56558.99,911.88,2024-09-06 01:00:00
2858,56559.0,56858.88,56499.87,56738.0,940.25,2024-09-06 02:00:00
2859,56738.0,56840.88,56532.0,56588.0,639.59,2024-09-06 03:00:00
2860,56588.01,56747.91,56585.29,56594.66,418.55,2024-09-06 04:00:00
2861,56594.67,56665.26,56295.49,56491.01,859.72,2024-09-06 05:00:00
2862,56491.01,56518.0,56278.57,56430.01,555.46,2024-09-06 06:00:00
2863,56430.01,56439.0,55280.0,55804.29,4110.12,2024-09-06 07:00:00
2864,55804.28,55938.42,55639.0,55783.01,1256.45,2024-09-06 08:00:00
2865,55783.01,55925.46,55676.72,55889.86,1042.62,2024-09-06 09:00:00
2866,55889.86,56262.11,55889.85,56178.01,890.38,2024-09-06 10:00:00
2867,56178.01,56252.0,55826.26,55999.09,926.81,2024-09-06 11:00:00
2868,55999.09,56944.59,55653.42,56873.99,5000.01,2024-09-06 12:00:00
2869,56873.99,57008.0,55849.8,55896.01,3481.5,2024-09-06 13:00:00
2870,55896.01,55936.0,54424.24,54733.24,7268.22,2024-09-06 14:00:00
2871,54734.0,55000.0,53808.0,54045.01,5387.24,2024-09-06 15:00:00
2872,54045.0,54256.0,53632.83,54074.0,3316.2,2024-09-06 16:00:00
2873,54074.0,54435.0,53705.78,53935.0,2443.31,2024-09-06 17:00:00
2874,53935.01,53995.0,53350.0,53352.67,2451.71,2024-09-06 18:00:00
2875,53352.67,53997.0,53267.54,53534.28,3103.28,2024-09-06 19:00:00
2876,53534.27,53800.0,52650.0,52887.99,4613.33,2024-09-06 20:00:00
2877,52888.0,53766.58,52550.0,53766.57,2677.79,2024-09-06 21:00:00
2878,53766.58,53856.82,53614.52,53644.01,858.29,2024-09-06 22:00:00
2879,53644.0,53969.99,53611.1,53962.97,697.62,2024-09-06 23:00:00
2880,53962.97,54095.65,53891.51,53914.0,800.06,2024-09-07 00:00:00
2881,53914.0,54000.11,53745.54,53813.37,690.47,2024-09-07 01:00:00
2882,53813.37,53945.42,53756.56,53802.0,418.47,2024-09-07 02:00:00
2883,53802.0,53873.81,53791.42,53818.91,374.19,2024-09-07 03:00:00
2884,53818.92,54061.1,53814.0,54060.59,413.17,2024-09-07 04:00:00
2885,54060.59,54381.1,54007.67,54185.01,1125.35,2024-09-07 05:00:00
2886,54185.01,54379.0,54028.22,54320.23,1117.41,2024-09-07 06:00:00
2887,54320.23,54405.37,54183.31,54286.0,1554.89,2024-09-07 07:00:00
2888,54286.0,54393.48,54189.6,54370.99,795.86,2024-09-07 08:00:00
2889,54371.0,54419.38,54168.23,54251.11,528.55,2024-09-07 09:00:00
2890,54251.11,54454.8,54247.0,54346.01,489.08,2024-09-07 10:00:00
2891,54346.01,54492.98,54264.54,54326.0,476.37,2024-09-07 11:00:00
2892,54326.01,54663.0,54326.0,54578.71,562.26,2024-09-07 12:00:00
2893,54578.72,54665.94,54404.0,54546.99,686.74,2024-09-07 13:00:00
2894,54547.0,54691.1,54488.41,54632.17,529.51,2024-09-07 14:00:00
2895,54632.17,54829.0,54600.0,54780.0,732.36,2024-09-07 15:00:00
2896,54780.0,54850.0,54434.84,54465.97,810.18,2024-09-07 16:00:00
2897,54465.97,54535.72,54000.0,54134.0,976.36,2024-09-07 17:00:00
2898,54134.0,54396.88,54037.0,54291.1,814.89,2024-09-07 18:00:00
2899,54291.1,54457.82,54231.1,54404.01,536.35,2024-09-07 19:00:00
2900,54404.01,54437.97,54166.0,54166.01,392.25,2024-09-07 20:00:00
2901,54166.01,54188.0,53867.0,53926.99,874.49,2024-09-07 21:00:00
2902,53927.0,54082.89,53868.0,53954.0,364.4,2024-09-07 22:00:00
2903,53954.0,54196.64,53814.01,54160.86,630.36,2024-09-07 23:00:00
2904,54160.86,54190.17,53964.0,54137.5,497.48,2024-09-08 00:00:00
2905,54137.5,54365.44,54136.0,54275.0,423.05,2024-09-08 01:00:00
2906,54274.99,54509.0,54274.99,54337.43,668.69,2024-09-08 02:00:00
2907,54337.44,54405.01,54266.88,54402.99,390.28,2024-09-08 03:00:00
2908,54402.98,54575.0,54371.1,54491.99,374.73,2024-09-08 04:00:00
2909,54492.0,54518.75,54327.52,54344.01,365.62,2024-09-08 05:00:00
2910,54344.01,54419.99,54261.1,54292.01,445.27,2024-09-08 06:00:00
2911,54292.01,54525.0,54292.0,54436.25,536.62,2024-09-08 07:00:00
2912,54436.25,54500.01,54356.0,54480.0,304.76,2024-09-08 08:00:00
2913,54480.0,54722.85,54456.01,54456.02,793.53,2024-09-08 09:00:00
2914,54456.02,54643.2,54440.0,54608.01,375.09,2024-09-08 10:00:00
2915,54608.01,54669.6,54517.39,54556.08,292.36,2024-09-08 11:00:00
2916,54556.08,54567.0,54095.52,54194.7,792.46,2024-09-08 12:00:00
2917,54194.71,54399.0,54072.01,54399.0,630.64,2024-09-08 13:00:00
2918,54398.99,54444.0,54041.61,54149.5,632.85,2024-09-08 14:00:00
2919,54149.51,54189.99,53640.0,53687.0,1444.46,2024-09-08 15:00:00
2920,53686.99,54024.56,53629.01,53907.18,781.01,2024-09-08 16:00:00
2921,53907.18,54519.3,53907.17,54510.01,810.9,2024-09-08 17:00:00
2922,54510.0,54531.1,54277.0,54412.01,433.05,2024-09-08 18:00:00
2923,54412.01,54475.0,54317.0,54337.01,264.25,2024-09-08 19:00:00
2924,54337.02,54384.0,54184.0,54379.02,364.27,2024-09-08 20:00:00
2925,54379.01,54619.84,54299.89,54464.0,663.07,2024-09-08 21:00:00
2926,54463.99,55318.0,54367.5,54530.0,2894.91,2024-09-08 22:00:00
2927,54530.0,54975.0,54424.75,54869.95,1094.8,2024-09-08 23:00:00
2928,54869.95,55210.0,54688.69,55045.0,1414.8,2024-09-09 00:00:00
2929,55045.01,55370.23,54901.1,55103.99,1831.56,2024-09-09 01:00:00
2930,55104.0,55137.0,54851.1,55113.0,623.14,2024-09-09 02:00:00
2931,55113.01,55215.74,54764.68,55115.0,1030.09,2024-09-09 03:00:00
2932,55115.0,55150.0,54849.64,54849.65,1034.9,2024-09-09 04:00:00
2933,54849.65,54935.39,54591.96,54668.0,745.99,2024-09-09 05:00:00
2934,54668.0,54971.1,54644.01,54898.0,593.89,2024-09-09 06:00:00
2935,54898.0,55010.87,54730.0,54974.01,716.38,2024-09-09 07:00:00
2936,54974.01,55341.78,54960.0,55244.0,1100.18,2024-09-09 08:00:00
2937,55244.0,55555.0,55102.0,55152.0,988.11,2024-09-09 09:00:00
2938,55152.0,55457.51,55100.0,55364.0,816.93,2024-09-09 10:00:00
2939,55364.0,55386.0,55159.91,55264.87,523.96,2024-09-09 11:00:00
2940,55264.87,55356.0,54965.71,55341.1,801.66,2024-09-09 12:00:00
2941,55341.1,55799.0,55252.0,55686.92,1851.55,2024-09-09 13:00:00
2942,55686.93,55750.0,54804.0,54840.01,2380.62,2024-09-09 14:00:00
2943,54840.0,55470.0,54828.0,55386.0,1508.65,2024-09-09 15:00:00
2944,55385.99,56525.14,55348.54,56430.11,3509.03,2024-09-09 16:00:00
2945,56430.11,56775.24,56339.51,56514.0,1860.61,2024-09-09 17:00:00
2946,56514.0,56650.0,56264.0,56530.0,1814.75,2024-09-09 18:00:00
2947,56529.99,57177.0,56482.0,57089.54,1869.54,2024-09-09 19:00:00
2948,57089.53,57128.0,56810.0,57007.98,788.17,2024-09-09 20:00:00
2949,57007.98,58088.0,57002.93,57454.27,2977.37,2024-09-09 21:00:00
2950,57454.27,57620.0,57184.32,57216.0,786.56,2024-09-09 22:00:00
2951,57216.01,57265.13,56998.19,57042.0,816.08,2024-09-09 23:00:00
2952,57042.01,57065.34,56624.5,56982.01,1449.29,2024-09-10 00:00:00
2953,56982.01,57050.72,56709.16,56900.0,849.87,2024-09-10 01:00:00
2954,56900.0,56911.09,56635.8,56775.28,612.5,2024-09-10 02:00:00
2955,56775.27,56802.0,56522.86,56524.74,677.61,2024-09-10 03:00:00
2956,56524.74,56739.4,56386.4,56609.99,816.28,2024-09-10 04:00:00
2957,56610.0,56966.0,56591.1,56945.45,611.35,2024-09-10 05:00:00
2958,56945.45,56945.45,56771.1,56825.99,466.45,2024-09-10 06:00:00
2959,56826.0,57290.0,56773.43,57218.57,1075.9,2024-09-10 07:00:00
2960,57218.56,57378.0,56990.0,57046.99,1189.37,2024-09-10 08:00:00
2961,57046.99,57273.52,56878.65,57086.01,1085.5,2024-09-10 09:00:00
2962,57086.01,57184.22,56947.13,57170.0,558.16,2024-09-10 10:00:00
2963,57170.0,57260.0,57018.0,57228.0,690.72,2024-09-10 11:00:00
2964,57228.01,57468.98,57162.0,57203.19,870.92,2024-09-10 12:00:00
2965,57203.2,57204.0,56630.56,56741.09,1992.91,2024-09-10 13:00:00
2966,56741.1,57165.99,56502.31,56941.09,1919.83,2024-09-10 14:00:00
2967,56941.09,57210.0,56596.0,56596.0,1353.38,2024-09-10 15:00:00
2968,56596.01,56945.94,56566.0,56819.6,788.18,2024-09-10 16:00:00
2969,56819.59,57380.0,56795.05,57175.96,1100.36,2024-09-10 17:00:00
2970,57175.96,57978.41,57175.96,57581.99,1752.37,2024-09-10 18:00:00
2971,57581.99,58044.36,57334.01,57952.01,1395.6,2024-09-10 19:00:00
2972,57952.01,57975.99,57545.02,57567.89,763.19,2024-09-10 20:00:00
2973,57567.89,57754.0,57455.72,57507.99,537.19,2024-09-10 21:00:00
2974,57508.0,57677.64,57453.0,57615.85,374.58,2024-09-10 22:00:00
2975,57615.86,57870.0,57581.05,57635.99,695.3,2024-09-10 23:00:00
2976,57635.99,57687.71,57438.34,57640.5,455.1,2024-09-11 00:00:00
2977,57640.51,57750.0,56681.32,56717.99,2058.26,2024-09-11 01:00:00
2978,56717.99,57180.98,56696.93,56921.1,1296.57,2024-09-11 02:00:00
2979,56921.11,56971.1,56688.4,56819.55,825.16,2024-09-11 03:00:00
2980,56819.56,56819.56,56252.0,56530.5,1669.12,2024-09-11 04:00:00
2981,56530.51,56539.99,56100.0,56244.0,925.68,2024-09-11 05:00:00
2982,56244.0,56578.0,56174.0,56460.0,842.41,2024-09-11 06:00:00
2983,56460.0,56783.1,56460.0,56712.0,923.93,2024-09-11 07:00:00
2984,56712.01,56716.13,56325.7,56398.0,771.51,2024-09-11 08:00:00
2985,56398.01,56741.24,56381.67,56677.99,797.08,2024-09-11 09:00:00
2986,56678.0,56700.0,56328.26,56510.0,1570.35,2024-09-11 10:00:00
2987,56510.0,56895.82,56507.39,56797.99,1155.7,2024-09-11 11:00:00
2988,56798.0,56915.66,56279.42,56748.01,2511.7,2024-09-11 12:00:00
2989,56748.0,57166.66,55710.7,55740.0,3577.28,2024-09-11 13:00:00
2990,55740.01,56024.0,55545.19,55974.0,2432.25,2024-09-11 14:00:00
2991,55974.0,57003.99,55852.0,56701.23,2304.22,2024-09-11 15:00:00
2992,56701.22,57514.47,56646.0,57312.0,2083.09,2024-09-11 16:00:00
2993,57311.99,57868.47,57254.0,57694.0,2295.98,2024-09-11 17:00:00
2994,57694.0,57981.71,57377.5,57500.0,2079.81,2024-09-11 18:00:00
2995,57499.99,57776.32,57325.38,57585.5,853.91,2024-09-11 19:00:00
2996,57585.5,57676.83,57438.0,57486.0,457.01,2024-09-11 20:00:00
2997,57486.01,57558.0,57252.0,57352.0,369.42,2024-09-11 21:00:00
2998,57352.0,57468.0,57211.1,57467.99,413.39,2024-09-11 22:00:00
2999,57468.0,57508.0,57310.97,57338.0,357.66,2024-09-11 23:00:00
3000,57338.0,57907.9,57324.0,57626.01,1283.2,2024-09-12 00:00:00
3001,57626.01,58275.0,57597.8,58137.74,1210.69,2024-09-12 01:00:00
3002,58137.74,58470.01,57827.61,57946.28,1728.57,2024-09-12 02:00:00
3003,57946.29,58335.53,57946.28,58232.72,702.64,2024-09-12 03:00:00
3004,58232.73,58430.56,58160.0,58181.98,777.7,2024-09-12 04:00:00
3005,58181.99,58181.99,57909.92,57968.01,1279.38,2024-09-12 05:00:00
3006,57968.01,58100.11,57836.28,57947.99,1070.23,2024-09-12 06:00:00
3007,57948.0,58148.0,57876.0,58138.16,677.88,2024-09-12 07:00:00
3008,58138.15,58350.0,58100.0,58171.06,1100.65,2024-09-12 08:00:00
3009,58171.06,58250.0,57980.0,58022.0,578.59,2024-09-12 09:00:00
3010,58022.0,58098.0,57929.07,57930.41,804.75,2024-09-12 10:00:00
3011,57930.41,58146.17,57894.0,58057.99,919.42,2024-09-12 11:00:00
3012,58058.0,58162.11,57583.29,57691.56,1845.09,2024-09-12 12:00:00
3013,57691.55,57875.99,57345.23,57627.99,2310.28,2024-09-12 13:00:00
3014,57628.0,58588.0,57541.29,57541.29,3152.1,2024-09-12 14:00:00
3015,57541.3,57878.77,57408.41,57512.03,1840.15,2024-09-12 15:00:00
3016,57512.03,58125.0,57494.01,58065.99,894.01,2024-09-12 16:00:00
3017,58065.99,58410.0,58007.56,58389.1,1014.58,2024-09-12 17:00:00
3018,58389.11,58450.99,57949.18,58181.99,1519.67,2024-09-12 18:00:00
3019,58181.99,58442.86,58129.13,58388.0,2503.13,2024-09-12 19:00:00
3020,58388.0,58388.0,58085.09,58199.99,1796.88,2024-09-12 20:00:00
3021,58199.99,58385.81,57781.1,57921.11,1313.07,2024-09-12 21:00:00
3022,57921.1,58260.0,57904.18,58143.34,416.63,2024-09-12 22:00:00
3023,58143.33,58190.38,58031.0,58132.32,335.13,2024-09-12 23:00:00
3024,58132.31,58244.0,57999.9,58031.14,460.24,2024-09-13 00:00:00
3025,58031.14,58290.4,57876.9,58129.99,802.88,2024-09-13 01:00:00
3026,58129.98,58170.0,57974.0,58050.8,414.95,2024-09-13 02:00:00
3027,58050.8,58070.0,57798.49,57845.97,671.11,2024-09-13 03:00:00
3028,57845.97,57985.99,57804.01,57844.0,324.13,2024-09-13 04:00:00
3029,57844.0,58024.89,57833.97,57946.0,539.69,2024-09-13 05:00:00
3030,57946.01,57952.0,57742.0,57767.01,553.36,2024-09-13 06:00:00
3031,57767.0,58137.68,57767.0,58109.31,626.44,2024-09-13 07:00:00
3032,58109.31,58150.0,57898.56,57953.64,551.15,2024-09-13 08:00:00
3033,57953.63,58146.84,57924.0,58058.6,555.03,2024-09-13 09:00:00
3034,58058.6,58350.0,58031.11,58343.99,603.14,2024-09-13 10:00:00
3035,58343.99,58343.99,57815.0,57871.1,933.49,2024-09-13 11:00:00
3036,57871.1,57951.1,57632.62,57910.0,1463.01,2024-09-13 12:00:00
3037,57910.01,58157.12,57686.67,58056.01,1359.26,2024-09-13 13:00:00
3038,58056.0,58553.01,57833.38,58456.89,2473.05,2024-09-13 14:00:00
3039,58456.89,59723.97,58362.0,59667.38,4934.87,2024-09-13 15:00:00
3040,59666.01,59796.7,59312.01,59452.31,2444.84,2024-09-13 16:00:00
3041,59452.31,59971.17,59444.04,59584.0,1593.31,2024-09-13 17:00:00
3042,59584.0,59900.0,59478.0,59752.17,1119.08,2024-09-13 18:00:00
3043,59752.17,59999.0,59652.72,59743.99,1281.67,2024-09-13 19:00:00
3044,59743.99,59956.0,59633.4,59838.52,643.71,2024-09-13 20:00:00
3045,59838.52,60358.0,59822.0,60283.86,2104.72,2024-09-13 21:00:00
3046,60283.85,60625.0,60240.0,60608.0,2041.22,2024-09-13 22:00:00
3047,60608.0,60623.48,60169.0,60498.0,1330.88,2024-09-13 23:00:00
3048,60497.99,60610.45,60372.77,60414.39,753.37,2024-09-14 00:00:00
3049,60414.39,60595.7,60406.06,60406.06,590.93,2024-09-14 01:00:00
3050,60406.06,60496.0,60285.55,60287.99,465.88,2024-09-14 02:00:00
3051,60288.0,60431.98,60287.99,60329.37,465.89,2024-09-14 03:00:00
3052,60329.38,60348.24,60184.86,60213.05,480.76,2024-09-14 04:00:00
3053,60213.06,60242.47,59900.32,59926.0,1113.75,2024-09-14 05:00:00
3054,59926.0,60079.36,59900.0,60046.0,484.88,2024-09-14 06:00:00
3055,60046.01,60174.0,59998.01,60138.14,440.82,2024-09-14 07:00:00
3056,60138.14,60156.0,59933.94,59973.99,480.78,2024-09-14 08:00:00
3057,59973.99,60070.21,59858.58,60070.2,651.32,2024-09-14 09:00:00
3058,60070.2,60070.21,59789.32,59851.09,515.52,2024-09-14 10:00:00
3059,59851.1,59851.1,59605.98,59706.39,556.28,2024-09-14 11:00:00
3060,59706.4,59851.27,59626.01,59794.03,405.89,2024-09-14 12:00:00
3061,59794.03,59794.03,59646.0,59769.11,348.57,2024-09-14 13:00:00
3062,59769.11,60010.0,59706.0,59914.0,646.74,2024-09-14 14:00:00
3063,59914.0,59949.11,59828.07,59876.0,303.1,2024-09-14 15:00:00
3064,59875.99,59982.0,59838.22,59981.99,298.04,2024-09-14 16:00:00
3065,59982.0,59983.39,59854.32,59885.26,222.91,2024-09-14 17:00:00
3066,59885.26,59897.79,59400.0,59786.0,1444.65,2024-09-14 18:00:00
3067,59786.01,59903.56,59735.16,59810.0,168.4,2024-09-14 19:00:00
3068,59810.01,60134.13,59774.0,60024.01,575.12,2024-09-14 20:00:00
3069,60024.02,60056.71,59950.21,60036.0,259.37,2024-09-14 21:00:00
3070,60036.01,60125.0,59940.0,60006.97,279.17,2024-09-14 22:00:00
3071,60006.97,60050.0,59936.91,59993.03,185.78,2024-09-14 23:00:00
3072,59993.02,60119.42,59986.01,60025.95,194.47,2024-09-15 00:00:00
3073,60025.95,60280.06,60025.95,60235.22,503.55,2024-09-15 01:00:00
3074,60235.22,60267.86,60116.0,60238.01,363.74,2024-09-15 02:00:00
3075,60238.01,60238.57,60134.0,60155.93,174.36,2024-09-15 03:00:00
3076,60155.93,60216.0,60032.9,60117.99,443.84,2024-09-15 04:00:00
3077,60118.0,60214.89,60117.99,60160.0,199.5,2024-09-15 05:00:00
3078,60160.0,60183.02,60144.17,60164.01,164.77,2024-09-15 06:00:00
3079,60164.01,60214.34,60129.93,60196.0,213.49,2024-09-15 07:00:00
3080,60195.99,60204.0,60044.0,60069.99,270.79,2024-09-15 08:00:00
3081,60069.99,60105.74,60009.96,60016.0,215.67,2024-09-15 09:00:00
3082,60016.01,60042.0,59880.0,59991.3,349.4,2024-09-15 10:00:00
3083,59991.31,60034.0,59894.0,60000.51,327.68,2024-09-15 11:00:00
3084,60000.51,60118.0,59949.99,60104.39,326.54,2024-09-15 12:00:00
3085,60104.39,60350.98,60085.62,60189.98,716.19,2024-09-15 13:00:00
3086,60189.99,60280.0,59871.0,60279.52,542.27,2024-09-15 14:00:00
3087,60279.51,60395.8,60170.75,60335.41,527.8,2024-09-15 15:00:00
3088,60335.41,60352.65,59934.54,59950.05,949.54,2024-09-15 16:00:00
3089,59950.05,60042.63,59707.08,59814.07,965.11,2024-09-15 17:00:00
3090,59814.07,60181.8,59746.0,59971.09,854.94,2024-09-15 18:00:00
3091,59971.09,60140.0,59812.0,59878.22,476.16,2024-09-15 19:00:00
3092,59878.23,59939.1,59691.1,59795.99,498.99,2024-09-15 20:00:00
3093,59796.0,59797.15,59479.06,59651.69,751.06,2024-09-15 21:00:00
3094,59651.7,59670.15,59392.0,59430.31,654.83,2024-09-15 22:00:00
3095,59430.3,59456.0,58691.05,59132.0,3073.22,2024-09-15 23:00:00
3096,59132.0,59210.7,58606.3,58666.36,1563.35,2024-09-16 00:00:00
3097,58666.36,58798.0,58420.0,58607.07,1323.61,2024-09-16 01:00:00
3098,58607.07,58670.62,58112.0,58263.99,1538.51,2024-09-16 02:00:00
3099,58263.99,58606.0,58218.0,58575.09,945.37,2024-09-16 03:00:00
3100,58575.09,58592.0,58312.54,58352.0,895.94,2024-09-16 04:00:00
3101,58351.99,58670.01,58343.7,58670.0,966.19,2024-09-16 05:00:00
3102,58670.0,58863.86,58628.0,58707.43,937.81,2024-09-16 06:00:00
3103,58707.43,58970.0,58668.89,58911.1,633.5,2024-09-16 07:00:00
3104,58911.1,59179.35,58854.86,58924.98,833.5,2024-09-16 08:00:00
3105,58924.98,59032.2,58579.27,58636.54,1072.98,2024-09-16 09:00:00
3106,58636.54,58750.0,58506.0,58749.99,681.17,2024-09-16 10:00:00
3107,58749.99,58835.84,58652.0,58663.99,682.69,2024-09-16 11:00:00
3108,58664.0,58789.93,58419.91,58527.99,802.53,2024-09-16 12:00:00
3109,58527.99,58610.1,58021.0,58497.1,2094.22,2024-09-16 13:00:00
3110,58497.11,58560.44,57555.0,57604.0,2696.19,2024-09-16 14:00:00
3111,57604.0,58000.0,57553.38,57881.69,1357.33,2024-09-16 15:00:00
3112,57881.7,57951.86,57676.93,57809.98,1124.44,2024-09-16 16:00:00
3113,57809.98,58263.84,57493.3,58176.01,1913.78,2024-09-16 17:00:00
3114,58176.0,58192.0,57701.56,57896.0,1221.41,2024-09-16 18:00:00
3115,57896.0,58030.0,57797.56,57943.99,668.26,2024-09-16 19:00:00
3116,57943.99,58172.5,57642.0,57687.99,741.16,2024-09-16 20:00:00
3117,57688.0,57995.5,57608.0,57995.5,834.61,2024-09-16 21:00:00
3118,57995.5,58037.62,57842.0,57970.01,360.27,2024-09-16 22:00:00
3119,57970.01,58410.0,57970.01,58213.99,588.7,2024-09-16 23:00:00
3120,58213.99,58343.99,57610.01,57630.01,875.34,2024-09-17 00:00:00
3121,57630.01,57960.0,57622.0,57896.0,525.19,2024-09-17 01:00:00
3122,57896.0,58211.1,57837.17,58115.52,590.36,2024-09-17 02:00:00
3123,58115.53,58148.84,58011.1,58060.0,408.8,2024-09-17 03:00:00
3124,58060.0,58350.03,58028.0,58246.01,584.36,2024-09-17 04:00:00
3125,58246.0,58779.08,58232.87,58642.76,613.92,2024-09-17 05:00:00
3126,58642.62,58670.0,58450.0,58488.0,412.52,2024-09-17 06:00:00
3127,58488.0,58711.1,58452.78,58695.39,790.9,2024-09-17 07:00:00
3128,58695.39,58863.0,58636.36,58792.0,734.11,2024-09-17 08:00:00
3129,58792.0,59079.99,58702.01,58966.48,818.34,2024-09-17 09:00:00
3130,58966.47,59275.0,58898.37,59236.0,1000.87,2024-09-17 10:00:00
3131,59235.99,59300.0,59032.66,59080.99,849.73,2024-09-17 11:00:00
3132,59080.99,59445.76,59044.06,59381.1,1419.69,2024-09-17 12:00:00
3133,59381.1,59416.0,58872.02,58966.0,1805.66,2024-09-17 13:00:00
3134,58966.0,60406.18,58940.0,60265.17,5356.28,2024-09-17 14:00:00
3135,60265.99,61320.0,60220.9,61135.5,5936.89,2024-09-17 15:00:00
3136,61135.49,61261.0,60725.11,60873.86,2324.36,2024-09-17 16:00:00
3137,60873.86,60999.0,60686.36,60958.37,1409.47,2024-09-17 17:00:00
3138,60958.37,61075.39,60363.81,60540.17,1305.77,2024-09-17 18:00:00
3139,60540.17,60696.48,59618.26,59967.99,2112.05,2024-09-17 19:00:00
3140,59967.98,60342.85,59715.42,60120.0,1665.06,2024-09-17 20:00:00
3141,60119.99,60424.25,60105.01,60334.07,662.69,2024-09-17 21:00:00
3142,60334.07,60343.99,60122.5,60240.01,424.38,2024-09-17 22:00:00
3143,60240.01,60324.0,60005.31,60313.99,489.53,2024-09-17 23:00:00
3144,60313.99,60334.0,59854.6,60240.0,1066.36,2024-09-18 00:00:00
3145,60240.01,60330.05,59988.41,60114.0,650.41,2024-09-18 01:00:00
3146,60114.0,60361.0,60073.09,60352.0,455.15,2024-09-18 02:00:00
3147,60352.0,60769.0,60348.51,60509.99,1819.92,2024-09-18 03:00:00
3148,60510.0,60689.62,60318.0,60429.99,604.5,2024-09-18 04:00:00
3149,60429.99,60429.99,60199.68,60241.07,421.02,2024-09-18 05:00:00
3150,60241.07,60488.96,60204.0,60453.99,379.01,2024-09-18 06:00:00
3151,60453.99,60541.65,60334.0,60428.01,428.78,2024-09-18 07:00:00
3152,60428.01,60428.01,60086.54,60198.05,630.97,2024-09-18 08:00:00
3153,60198.05,60198.06,59654.77,59654.77,1334.23,2024-09-18 09:00:00
3154,59654.76,59924.0,59348.88,59907.49,2111.04,2024-09-18 10:00:00
3155,59907.5,60000.0,59821.81,59846.0,451.89,2024-09-18 11:00:00
3156,59846.0,60000.0,59689.57,59978.24,829.15,2024-09-18 12:00:00
3157,59978.24,60160.0,59308.61,59508.5,1920.78,2024-09-18 13:00:00
3158,59508.5,59776.0,59340.0,59487.6,1376.14,2024-09-18 14:00:00
3159,59487.61,59757.06,59320.0,59429.18,991.84,2024-09-18 15:00:00
3160,59429.19,59954.0,59174.8,59915.26,1247.0,2024-09-18 16:00:00
3161,59915.26,60247.69,59485.45,60013.01,1472.53,2024-09-18 17:00:00
3162,60013.02,61318.6,59759.84,60629.79,8768.75,2024-09-18 18:00:00
3163,60629.79,60745.99,59987.25,60057.99,3156.75,2024-09-18 19:00:00
3164,60057.99,60320.0,59473.68,60230.01,2083.48,2024-09-18 20:00:00
3165,60230.01,60496.95,60168.04,60199.46,808.61,2024-09-18 21:00:00
3166,60199.46,60700.0,60194.0,60684.78,732.26,2024-09-18 22:00:00
3167,60684.78,61786.24,60680.0,61759.99,2346.43,2024-09-18 23:00:00
3168,61759.98,62589.52,61704.02,62226.0,4317.11,2024-09-19 00:00:00
3169,62226.0,62316.0,61555.0,62005.99,1884.01,2024-09-19 01:00:00
3170,62006.0,62329.0,61799.9,62204.32,1425.98,2024-09-19 02:00:00
3171,62204.32,62278.0,61998.29,62117.99,717.19,2024-09-19 03:00:00
3172,62117.98,62150.0,61892.1,62082.0,600.48,2024-09-19 04:00:00
3173,62082.0,62179.99,61902.0,61990.42,730.33,2024-09-19 05:00:00
3174,61990.42,62124.0,61814.0,62020.6,758.56,2024-09-19 06:00:00
3175,62020.6,62176.21,61923.45,62093.99,1270.88,2024-09-19 07:00:00
3176,62094.0,62197.39,61888.18,61932.0,668.5,2024-09-19 08:00:00
3177,61932.01,62349.0,61892.0,62272.01,905.48,2024-09-19 09:00:00
3178,62272.01,62727.52,62272.0,62320.01,1169.12,2024-09-19 10:00:00
3179,62320.0,62708.0,62242.0,62645.44,942.56,2024-09-19 11:00:00
3180,62645.44,63200.0,62582.14,62924.07,3495.58,2024-09-19 12:00:00
3181,62924.06,63370.5,62690.0,63035.98,2426.98,2024-09-19 13:00:00
3182,63035.98,63500.84,62888.0,62935.83,2941.04,2024-09-19 14:00:00
3183,62935.84,63355.0,62810.68,63154.04,1302.94,2024-09-19 15:00:00
3184,63154.03,63675.97,62940.0,63556.92,1836.99,2024-09-19 16:00:00
3185,63556.92,63850.0,63279.35,63709.22,2038.38,2024-09-19 17:00:00
3186,63709.22,63776.99,63490.0,63628.0,1122.13,2024-09-19 18:00:00
3187,63628.01,63639.69,63149.44,63251.99,1057.34,2024-09-19 19:00:00
3188,63251.99,63254.14,62961.2,63016.74,664.19,2024-09-19 20:00:00
3189,63016.75,63168.75,62879.76,62879.76,655.96,2024-09-19 21:00:00
3190,62879.76,63086.01,62650.0,62940.01,1048.49,2024-09-19 22:00:00
3191,62940.01,63070.0,62900.01,62947.99,352.3,2024-09-19 23:00:00
3192,62948.0,63010.0,62663.72,62756.4,804.41,2024-09-20 00:00:00
3193,62756.39,63184.54,62606.0,63037.99,1034.87,2024-09-20 01:00:00
3194,63037.99,63125.01,62819.85,63125.01,602.69,2024-09-20 02:00:00
3195,63125.01,63750.0,63086.95,63742.16,1179.84,2024-09-20 03:00:00
3196,63742.15,64133.32,63670.3,63843.81,2897.89,2024-09-20 04:00:00
3197,63843.81,64033.99,63608.81,63809.99,1264.43,2024-09-20 05:00:00
3198,63810.0,63925.32,63636.0,63795.33,977.44,2024-09-20 06:00:00
3199,63795.34,63795.34,63390.32,63524.8,1498.6,2024-09-20 07:00:00
3200,63524.81,63530.0,63090.43,63298.91,1303.94,2024-09-20 08:00:00
3201,63298.91,63554.99,63264.01,63468.0,760.64,2024-09-20 09:00:00
3202,63468.0,63677.99,63350.93,63664.0,642.71,2024-09-20 10:00:00
3203,63664.01,63700.0,63344.0,63440.0,1036.45,2024-09-20 11:00:00
3204,63440.01,63544.37,63332.89,63417.45,666.53,2024-09-20 12:00:00
3205,63417.45,63450.0,62676.9,62836.46,2118.71,2024-09-20 13:00:00
3206,62836.46,63506.0,62553.9,63037.53,2317.76,2024-09-20 14:00:00
3207,63037.53,63359.99,62703.0,63153.99,1486.93,2024-09-20 15:00:00
3208,63153.99,63282.0,62810.46,62872.5,801.73,2024-09-20 16:00:00
3209,62872.51,62987.5,62622.01,62704.0,810.02,2024-09-20 17:00:00
3210,62704.01,62979.07,62350.0,62865.45,1069.46,2024-09-20 18:00:00
3211,62865.45,63030.01,62786.8,62809.13,712.38,2024-09-20 19:00:00
3212,62809.13,62947.72,62709.3,62814.0,285.67,2024-09-20 20:00:00
3213,62814.0,63300.0,62809.68,63116.03,678.45,2024-09-20 21:00:00
3214,63116.04,63273.21,63116.03,63180.24,257.09,2024-09-20 22:00:00
3215,63180.23,63212.0,63072.0,63201.05,257.73,2024-09-20 23:00:00
3216,63201.05,63310.37,63040.0,63174.0,584.51,2024-09-21 00:00:00
3217,63174.01,63200.0,62832.6,62836.98,596.03,2024-09-21 01:00:00
3218,62836.98,62991.89,62816.47,62917.11,259.34,2024-09-21 02:00:00
3219,62917.11,63000.0,62876.0,62889.57,201.11,2024-09-21 03:00:00
3220,62889.58,62930.0,62820.0,62860.0,313.15,2024-09-21 04:00:00
3221,62860.01,62946.0,62758.0,62908.82,295.45,2024-09-21 05:00:00
3222,62908.82,63091.69,62890.0,62999.98,299.21,2024-09-21 06:00:00
3223,62999.99,63134.0,62974.0,63091.02,302.17,2024-09-21 07:00:00
3224,63091.02,63120.0,63000.0,63028.0,364.88,2024-09-21 08:00:00
3225,63028.01,63136.0,63003.84,63115.99,247.35,2024-09-21 09:00:00
3226,63116.0,63118.98,62966.01,62979.05,146.86,2024-09-21 10:00:00
3227,62979.06,63105.01,62972.0,63089.77,276.04,2024-09-21 11:00:00
3228,63089.76,63160.0,63040.0,63151.98,263.41,2024-09-21 12:00:00
3229,63151.98,63225.0,63036.92,63188.0,445.95,2024-09-21 13:00:00
3230,63188.0,63300.0,63138.54,63300.0,389.67,2024-09-21 14:00:00
3231,63300.0,63306.0,63061.97,63167.98,504.25,2024-09-21 15:00:00
3232,63167.98,63232.0,63086.0,63215.13,838.79,2024-09-21 16:00:00
3233,63215.13,63400.0,63176.41,63279.99,490.01,2024-09-21 17:00:00
3234,63279.99,63302.99,63233.69,63267.99,148.1,2024-09-21 18:00:00
3235,63267.99,63340.0,63170.0,63203.59,310.79,2024-09-21 19:00:00
3236,63203.59,63215.97,63132.3,63139.99,125.56,2024-09-21 20:00:00
3237,63139.99,63150.0,63059.0,63088.0,192.23,2024-09-21 21:00:00
3238,63087.99,63233.99,63058.0,63230.32,136.1,2024-09-21 22:00:00
3239,63230.32,63559.9,63153.23,63348.96,644.4,2024-09-21 23:00:00
3240,63348.97,63450.0,63110.0,63230.93,586.79,2024-09-22 00:00:00
3241,63230.92,63294.0,63018.6,63046.0,300.58,2024-09-22 01:00:00
3242,63046.01,63103.2,62830.01,62957.31,592.28,2024-09-22 02:00:00
3243,62957.31,63208.82,62924.0,63106.0,384.09,2024-09-22 03:00:00
3244,63106.0,63200.0,63077.69,63080.01,133.94,2024-09-22 04:00:00
3245,63080.01,63083.99,62910.05,62938.51,273.1,2024-09-22 05:00:00
3246,62938.52,63044.63,62838.0,62876.24,350.1,2024-09-22 06:00:00
3247,62876.24,62973.99,62876.23,62936.0,210.78,2024-09-22 07:00:00
3248,62936.0,63034.99,62900.0,63025.35,285.71,2024-09-22 08:00:00
3249,63025.35,63025.35,62659.96,62702.94,634.37,2024-09-22 09:00:00
3250,62702.93,62776.75,62544.94,62655.99,454.48,2024-09-22 10:00:00
3251,62655.99,62842.0,62552.0,62784.0,466.38,2024-09-22 11:00:00
3252,62784.0,62930.0,62749.53,62781.99,384.73,2024-09-22 12:00:00
3253,62781.99,62835.67,62566.0,62589.99,661.07,2024-09-22 13:00:00
3254,62590.0,62711.84,62429.16,62668.0,809.5,2024-09-22 14:00:00
3255,62668.0,62813.36,62579.2,62652.12,416.05,2024-09-22 15:00:00
3256,62652.12,62848.0,62468.01,62776.03,679.57,2024-09-22 16:00:00
3257,62776.03,63134.0,62776.03,63062.66,696.24,2024-09-22 17:00:00
3258,63062.66,63068.0,62835.2,62955.99,434.96,2024-09-22 18:00:00
3259,62956.0,63229.5,62806.24,63160.0,451.57,2024-09-22 19:00:00
3260,63160.0,63315.99,63106.54,63208.0,510.92,2024-09-22 20:00:00
3261,63208.0,63329.19,62750.22,62779.99,704.13,2024-09-22 21:00:00
3262,62780.0,64000.0,62357.93,63881.51,2778.18,2024-09-22 22:00:00
3263,63881.5,63970.0,63424.46,63578.76,1042.69,2024-09-22 23:00:00
3264,63578.76,63762.7,62538.75,63577.88,2347.49,2024-09-23 00:00:00
3265,63577.87,63966.0,63486.0,63826.8,1173.06,2024-09-23 01:00:00
3266,63826.8,63985.0,63675.75,63940.47,554.68,2024-09-23 02:00:00
3267,63940.47,64745.88,63921.37,64354.0,3065.1,2024-09-23 03:00:00
3268,64354.0,64455.13,63787.68,63912.3,1086.21,2024-09-23 04:00:00
3269,63912.31,63937.97,63668.98,63754.0,688.04,2024-09-23 05:00:00
3270,63754.0,63774.4,63524.36,63671.42,747.95,2024-09-23 06:00:00
3271,63671.42,63671.42,63400.0,63548.82,921.49,2024-09-23 07:00:00
3272,63548.83,63630.27,63300.0,63492.01,972.72,2024-09-23 08:00:00
3273,63492.0,63710.0,63482.76,63635.69,703.27,2024-09-23 09:00:00
3274,63635.69,63642.17,63415.08,63496.96,671.29,2024-09-23 10:00:00
3275,63496.96,63550.02,63374.14,63435.04,579.96,2024-09-23 11:00:00
3276,63435.03,63540.0,63236.98,63315.8,962.19,2024-09-23 12:00:00
3277,63315.81,63420.0,63059.93,63185.21,1584.04,2024-09-23 13:00:00
3278,63185.21,63806.0,63059.93,63394.5,1966.64,2024-09-23 14:00:00
3279,63394.5,63772.3,63099.99,63618.0,1170.27,2024-09-23 15:00:00
3280,63617.99,63825.96,63200.0,63227.55,1345.43,2024-09-23 16:00:00
3281,63227.55,63341.67,63098.97,63318.01,490.76,2024-09-23 17:00:00
3282,63318.01,63559.08,63280.72,63430.19,519.72,2024-09-23 18:00:00
3283,63430.18,63489.0,63256.0,63298.56,695.99,2024-09-23 19:00:00
3284,63300.01,63438.0,63260.09,63308.0,292.77,2024-09-23 20:00:00
3285,63308.0,63489.0,63088.69,63380.0,688.2,2024-09-23 21:00:00
3286,63380.0,63380.0,63193.39,63219.0,289.83,2024-09-23 22:00:00
3287,63219.0,63418.87,63186.0,63339.99,560.97,2024-09-23 23:00:00
3288,63339.99,63401.21,62800.49,62906.0,1501.94,2024-09-24 00:00:00
3289,62906.01,63270.1,62800.0,62942.01,1090.7,2024-09-24 01:00:00
3290,62942.0,63160.0,62700.0,63123.99,855.71,2024-09-24 02:00:00
3291,63124.0,63190.37,62898.3,63124.0,914.02,2024-09-24 03:00:00
3292,63124.01,63140.0,62900.0,63088.0,660.87,2024-09-24 04:00:00
3293,63088.0,63226.33,63045.94,63215.99,489.78,2024-09-24 05:00:00
3294,63216.0,63394.0,63215.99,63305.43,426.79,2024-09-24 06:00:00
3295,63305.43,63569.99,63300.0,63559.92,717.7,2024-09-24 07:00:00
3296,63559.93,63948.0,63540.0,63851.05,995.91,2024-09-24 08:00:00
3297,63851.05,63893.51,63484.0,63524.5,729.49,2024-09-24 09:00:00
3298,63524.5,63883.0,63504.1,63526.0,618.45,2024-09-24 10:00:00
3299,63526.01,63600.0,63380.0,63478.34,591.19,2024-09-24 11:00:00
3300,63478.35,63663.57,63412.0,63446.01,672.15,2024-09-24 12:00:00
3301,63446.01,63768.0,63402.5,63519.85,932.32,2024-09-24 13:00:00
3302,63519.86,63551.81,62731.1,63194.89,3165.5,2024-09-24 14:00:00
3303,63194.89,63370.09,62999.9,63159.99,980.12,2024-09-24 15:00:00
3304,63159.99,63372.45,63088.02,63262.0,524.88,2024-09-24 16:00:00
3305,63262.01,64000.0,63241.75,63775.86,1504.89,2024-09-24 17:00:00
3306,63775.54,63886.0,63540.48,63727.58,804.95,2024-09-24 18:00:00
3307,63727.58,64375.0,63682.93,64292.34,1316.46,2024-09-24 19:00:00
3308,64292.35,64596.53,64093.15,64215.01,1610.3,2024-09-24 20:00:00
3309,64215.02,64285.59,63966.66,64030.0,504.42,2024-09-24 21:00:00
3310,64030.0,64688.0,64030.0,64579.9,943.69,2024-09-24 22:00:00
3311,64579.91,64626.0,64249.91,64262.7,632.81,2024-09-24 23:00:00
3312,64262.7,64444.0,63990.41,64126.93,1049.52,2024-09-25 00:00:00
3313,64126.94,64817.99,64090.5,64390.01,1312.23,2024-09-25 01:00:00
3314,64390.0,64564.26,64287.49,64422.52,570.9,2024-09-25 02:00:00
3315,64422.52,64461.95,64224.37,64460.0,380.98,2024-09-25 03:00:00
3316,64460.01,64460.23,64172.84,64172.85,403.03,2024-09-25 04:00:00
3317,64172.84,64274.7,64140.12,64170.63,344.56,2024-09-25 05:00:00
3318,64170.63,64170.63,63700.0,63806.0,1192.61,2024-09-25 06:00:00
3319,63806.01,63867.99,63645.49,63843.33,553.54,2024-09-25 07:00:00
3320,63843.34,63915.07,63743.93,63819.1,403.71,2024-09-25 08:00:00
3321,63819.09,63873.5,63600.0,63609.89,555.06,2024-09-25 09:00:00
3322,63609.89,63750.01,63407.7,63630.45,1082.96,2024-09-25 10:00:00
3323,63630.44,63857.41,63500.02,63838.01,630.03,2024-09-25 11:00:00
3324,63838.01,63841.02,63600.0,63600.01,423.01,2024-09-25 12:00:00
3325,63600.01,63766.0,63283.37,63761.34,1255.58,2024-09-25 13:00:00
3326,63761.33,63946.0,63648.0,63936.5,934.57,2024-09-25 14:00:00
3327,63936.51,63999.0,63450.01,63495.66,1070.13,2024-09-25 15:00:00
3328,63495.66,63670.0,63440.0,63463.88,794.38,2024-09-25 16:00:00
3329,63463.87,63550.0,63000.0,63168.0,1383.14,2024-09-25 17:00:00
3330,63168.01,63393.86,63128.97,63351.0,639.69,2024-09-25 18:00:00
3331,63351.0,63468.0,63138.12,63181.5,603.93,2024-09-25 19:00:00
3332,63181.51,63548.24,63176.0,63505.78,486.38,2024-09-25 20:00:00
3333,63505.78,63551.81,63410.0,63437.99,312.52,2024-09-25 21:00:00
3334,63438.0,63508.69,63053.5,63261.99,658.36,2024-09-25 22:00:00
3335,63262.0,63270.0,62947.08,63152.01,772.29,2024-09-25 23:00:00
3336,63152.01,63285.85,62829.4,62946.01,814.41,2024-09-26 00:00:00
3337,62946.01,63154.74,62670.0,63154.74,1333.29,2024-09-26 01:00:00
3338,63154.73,63400.0,63104.0,63353.99,567.36,2024-09-26 02:00:00
3339,63353.99,63544.0,63304.54,63514.34,467.79,2024-09-26 03:00:00
3340,63514.35,63532.15,63340.0,63427.51,302.3,2024-09-26 04:00:00
3341,63427.51,63724.45,63362.0,63594.0,502.63,2024-09-26 05:00:00
3342,63593.99,63780.0,63590.23,63721.48,627.19,2024-09-26 06:00:00
3343,63721.49,63874.41,63661.5,63852.07,546.53,2024-09-26 07:00:00
3344,63852.07,63892.59,63696.5,63709.5,630.29,2024-09-26 08:00:00
3345,63709.5,63979.89,63595.67,63798.0,705.51,2024-09-26 09:00:00
3346,63798.0,64464.0,63766.08,64391.99,1912.06,2024-09-26 10:00:00
3347,64391.99,64500.0,64295.77,64393.99,1017.67,2024-09-26 11:00:00
3348,64393.98,64720.0,64321.42,64481.82,1565.84,2024-09-26 12:00:00
3349,64481.82,64550.78,64150.0,64428.21,1417.18,2024-09-26 13:00:00
3350,64428.34,65200.0,64374.76,64426.64,4644.14,2024-09-26 14:00:00
3351,64426.64,65550.0,64319.9,65229.03,3345.43,2024-09-26 15:00:00
3352,65229.03,65571.25,65104.0,65338.0,1495.21,2024-09-26 16:00:00
3353,65338.0,65839.0,65122.0,65132.54,1926.78,2024-09-26 17:00:00
3354,65132.54,65308.0,64950.0,65285.52,950.04,2024-09-26 18:00:00
3355,65285.53,65298.0,64693.26,64711.06,1049.19,2024-09-26 19:00:00
3356,64711.07,64869.85,64646.84,64664.26,745.58,2024-09-26 20:00:00
3357,64664.26,65200.0,64633.52,65052.0,734.42,2024-09-26 21:00:00
3358,65052.0,65244.0,64967.22,65086.33,517.23,2024-09-26 22:00:00
3359,65086.32,65174.0,64732.37,65173.99,555.24,2024-09-26 23:00:00
3360,65173.99,65296.53,64995.47,65241.98,629.17,2024-09-27 00:00:00
3361,65241.99,65349.65,65014.0,65119.9,563.53,2024-09-27 01:00:00
3362,65119.91,65200.0,64833.33,64878.12,554.41,2024-09-27 02:00:00
3363,64878.13,65425.0,64819.9,65366.01,765.05,2024-09-27 03:00:00
3364,65366.01,65459.74,65276.0,65303.96,548.98,2024-09-27 04:00:00
3365,65303.96,65378.37,65099.99,65354.58,532.1,2024-09-27 05:00:00
3366,65354.59,65520.14,65228.0,65344.79,1019.29,2024-09-27 06:00:00
3367,65344.78,65550.0,65265.65,65460.02,1354.66,2024-09-27 07:00:00
3368,65460.02,65795.63,65414.0,65725.99,1095.96,2024-09-27 08:00:00
3369,65726.0,65986.0,65668.78,65754.01,1317.66,2024-09-27 09:00:00
3370,65754.0,65779.07,65490.0,65490.01,871.87,2024-09-27 10:00:00
3371,65490.02,65611.99,65342.78,65437.35,608.7,2024-09-27 11:00:00
3372,65437.36,65890.0,65314.31,65741.19,1485.8,2024-09-27 12:00:00
3373,65741.19,65791.95,65361.11,65678.01,1050.76,2024-09-27 13:00:00
3374,65678.02,66498.0,65576.01,66242.66,3355.19,2024-09-27 14:00:00
3375,66242.65,66422.79,66006.0,66006.01,1353.19,2024-09-27 15:00:00
3376,66006.01,66360.0,65888.01,66303.03,1230.1,2024-09-27 16:00:00
3377,66303.03,66347.56,65698.0,65915.61,1162.16,2024-09-27 17:00:00
3378,65915.61,65929.02,65524.0,65876.42,612.44,2024-09-27 18:00:00
3379,65876.42,65968.74,65636.0,65657.99,576.68,2024-09-27 19:00:00
3380,65657.99,65920.0,65625.0,65804.87,437.32,2024-09-27 20:00:00
3381,65804.87,65880.0,65766.03,65816.62,299.69,2024-09-27 21:00:00
3382,65816.62,65962.0,65766.0,65870.0,294.37,2024-09-27 22:00:00
3383,65870.0,65910.0,65683.01,65769.95,329.72,2024-09-27 23:00:00
3384,65769.95,65900.0,65720.0,65899.1,331.32,2024-09-28 00:00:00
3385,65899.1,66000.0,65793.0,65994.0,406.92,2024-09-28 01:00:00
3386,65994.0,66198.72,65906.0,66168.74,471.86,2024-09-28 02:00:00
3387,66168.74,66260.0,65984.96,66063.76,456.94,2024-09-28 03:00:00
3388,66063.76,66087.0,65970.0,66006.5,250.73,2024-09-28 04:00:00
3389,66006.51,66026.0,65912.75,65953.8,294.89,2024-09-28 05:00:00
3390,65953.81,65955.24,65738.0,65800.0,459.06,2024-09-28 06:00:00
3391,65799.99,65898.33,65753.73,65824.01,257.33,2024-09-28 07:00:00
3392,65824.01,65824.01,65578.22,65635.9,446.74,2024-09-28 08:00:00
3393,65635.9,65635.91,65453.0,65628.2,699.0,2024-09-28 09:00:00
3394,65628.5,65779.06,65580.53,65764.01,268.15,2024-09-28 10:00:00
3395,65764.01,65800.0,65702.0,65798.01,244.63,2024-09-28 11:00:00
3396,65798.01,65798.01,65430.46,65548.12,464.64,2024-09-28 12:00:00
3397,65548.12,65602.0,65422.23,65528.03,383.42,2024-09-28 13:00:00
3398,65528.04,65816.0,65528.03,65720.74,449.05,2024-09-28 14:00:00
3399,65720.73,65722.7,65618.57,65619.13,316.69,2024-09-28 15:00:00
3400,65619.14,65667.14,65492.59,65516.0,317.16,2024-09-28 16:00:00
3401,65516.0,65718.69,65506.0,65633.2,362.82,2024-09-28 17:00:00
3402,65633.2,65823.08,65633.2,65715.01,706.88,2024-09-28 18:00:00
3403,65715.01,65776.0,65700.38,65724.0,357.64,2024-09-28 19:00:00
3404,65724.0,65769.96,65640.72,65645.99,238.36,2024-09-28 20:00:00
3405,65646.0,65692.0,65432.0,65692.0,341.46,2024-09-28 21:00:00
3406,65692.0,65775.0,65582.51,65680.01,242.23,2024-09-28 22:00:00
3407,65680.01,65982.16,65617.42,65858.0,359.32,2024-09-28 23:00:00
3408,65858.0,65984.0,65647.28,65687.1,393.6,2024-09-29 00:00:00
3409,65687.1,65872.91,65665.96,65872.9,321.49,2024-09-29 01:00:00
3410,65872.9,65936.0,65820.47,65824.0,281.95,2024-09-29 02:00:00
3411,65824.0,65827.99,65728.0,65815.92,178.78,2024-09-29 03:00:00
3412,65815.93,65815.93,65688.31,65741.99,162.33,2024-09-29 04:00:00
3413,65742.0,65750.0,65518.0,65594.01,367.47,2024-09-29 05:00:00
3414,65594.0,65620.0,65489.93,65499.99,384.39,2024-09-29 06:00:00
3415,65500.0,65566.01,65432.0,65477.01,369.94,2024-09-29 07:00:00
3416,65477.01,65602.55,65433.0,65559.91,383.02,2024-09-29 08:00:00
3417,65559.91,65665.18,65559.9,65579.91,181.76,2024-09-29 09:00:00
3418,65579.91,65582.0,65470.67,65571.99,189.64,2024-09-29 10:00:00
3419,65572.0,65720.0,65571.99,65691.92,287.05,2024-09-29 11:00:00
3420,65691.92,65759.5,65616.8,65631.68,285.55,2024-09-29 12:00:00
3421,65631.68,65850.0,65576.21,65817.98,715.78,2024-09-29 13:00:00
3422,65817.98,65824.0,65661.17,65694.07,357.89,2024-09-29 14:00:00
3423,65694.07,65807.81,65584.71,65751.34,565.46,2024-09-29 15:00:00
3424,65751.34,65791.95,65654.01,65764.99,287.06,2024-09-29 16:00:00
3425,65765.0,65960.01,65764.99,65818.01,426.5,2024-09-29 17:00:00
3426,65818.01,65855.99,65750.0,65789.45,192.05,2024-09-29 18:00:00
3427,65789.44,65972.17,65786.0,65958.82,229.04,2024-09-29 19:00:00
3428,65958.81,66076.12,65800.02,65812.0,527.68,2024-09-29 20:00:00
3429,65812.01,65973.16,65800.0,65868.6,206.24,2024-09-29 21:00:00
3430,65868.6,65948.86,65578.66,65674.42,593.42,2024-09-29 22:00:00
3431,65674.42,65731.55,65528.0,65602.01,449.67,2024-09-29 23:00:00
3432,65602.01,65618.8,65094.0,65463.85,1154.5,2024-09-30 00:00:00
3433,65463.86,65544.0,64699.98,64769.99,1424.06,2024-09-30 01:00:00
3434,64769.99,64810.0,64335.36,64376.01,1652.44,2024-09-30 02:00:00
3435,64376.01,64580.34,64190.0,64553.68,1817.79,2024-09-30 03:00:00
3436,64553.68,64553.68,64310.0,64441.7,546.5,2024-09-30 04:00:00
3437,64441.69,64532.0,64394.0,64525.99,678.85,2024-09-30 05:00:00
3438,64526.0,64750.01,64356.0,64356.0,1282.93,2024-09-30 06:00:00
3439,64356.0,64689.36,64350.0,64562.01,700.93,2024-09-30 07:00:00
3440,64562.01,64576.01,64000.0,64311.58,1608.81,2024-09-30 08:00:00
3441,64311.58,64311.59,63541.0,63541.01,2221.8,2024-09-30 09:00:00
3442,63541.0,63665.6,63249.68,63645.99,2401.13,2024-09-30 10:00:00
3443,63645.98,63870.0,63520.0,63819.44,1055.45,2024-09-30 11:00:00
3444,63819.45,64132.0,63760.83,64048.0,957.73,2024-09-30 12:00:00
3445,64048.01,64161.08,63799.81,63874.54,1133.94,2024-09-30 13:00:00
3446,63874.54,64010.07,63571.28,63740.72,1521.78,2024-09-30 14:00:00
3447,63740.72,63999.5,63508.0,63561.41,1232.08,2024-09-30 15:00:00
3448,63561.42,63732.0,63462.59,63486.98,786.1,2024-09-30 16:00:00
3449,63486.98,63711.61,63372.69,63696.0,1657.22,2024-09-30 17:00:00
3450,63696.0,63738.25,63056.0,63330.55,1516.3,2024-09-30 18:00:00
3451,63330.56,63634.72,63282.0,63488.0,1528.28,2024-09-30 19:00:00
3452,63488.0,63860.0,63456.0,63809.99,857.73,2024-09-30 20:00:00
3453,63810.0,63831.63,63640.0,63706.93,319.89,2024-09-30 21:00:00
3454,63706.93,63771.11,63480.0,63481.98,406.68,2024-09-30 22:00:00
3455,63481.99,63617.45,62856.3,63327.59,1548.16,2024-09-30 23:00:00
3456,63327.6,63606.0,63006.7,63531.99,1336.93,2024-10-01 00:00:00
3457,63532.0,63639.86,63370.01,63458.0,1004.09,2024-10-01 01:00:00
3458,63458.0,63458.0,63180.0,63443.76,716.12,2024-10-01 02:00:00
3459,63443.76,63744.0,63430.0,63723.48,822.21,2024-10-01 03:00:00
3460,63723.47,63879.81,63652.06,63868.94,778.75,2024-10-01 04:00:00
3461,63868.93,63899.99,63674.49,63749.99,816.29,2024-10-01 05:00:00
3462,63750.0,64097.03,63750.0,64033.98,778.17,2024-10-01 06:00:00
3463,64033.99,64130.63,63920.0,64045.92,1142.18,2024-10-01 07:00:00
3464,64045.92,64096.0,63839.0,63956.0,974.16,2024-10-01 08:00:00
3465,63955.99,64118.0,63864.46,63864.46,1152.07,2024-10-01 09:00:00
3466,63864.47,63942.0,63707.89,63910.12,603.44,2024-10-01 10:00:00
3467,63910.11,63989.58,63723.4,63734.0,500.68,2024-10-01 11:00:00
3468,63734.01,63809.97,63559.63,63668.21,535.44,2024-10-01 12:00:00
3469,63668.21,63688.0,62522.0,62866.8,3513.0,2024-10-01 13:00:00
3470,62866.8,63084.0,62448.01,62598.0,3649.62,2024-10-01 14:00:00
3471,62598.0,62821.76,61814.01,62628.85,4931.8,2024-10-01 15:00:00
3472,62628.85,62778.73,61906.04,62448.0,3426.5,2024-10-01 16:00:00
3473,62448.0,62448.0,61092.0,62151.99,5545.71,2024-10-01 17:00:00
3474,62152.0,62440.0,61859.57,61987.99,1708.28,2024-10-01 18:00:00
3475,61987.98,62091.29,61610.71,61755.99,1598.41,2024-10-01 19:00:00
3476,61755.99,61760.74,60164.0,60809.02,4855.59,2024-10-01 20:00:00
3477,60809.03,61214.73,60656.77,61142.01,1253.06,2024-10-01 21:00:00
3478,61142.0,61142.01,60630.01,60767.99,1093.24,2024-10-01 22:00:00
3479,60768.0,61033.71,60652.0,60805.78,935.73,2024-10-01 23:00:00
3480,60804.92,61208.49,60733.81,61046.26,1228.12,2024-10-02 00:00:00
3481,61046.27,61536.16,61000.0,61522.89,941.09,2024-10-02 01:00:00
3482,61522.89,61822.62,61433.49,61782.89,1174.7,2024-10-02 02:00:00
3483,61782.89,61883.0,61662.65,61750.47,944.98,2024-10-02 03:00:00
3484,61750.46,61750.47,61440.0,61495.79,704.31,2024-10-02 04:00:00
3485,61495.78,61609.3,61350.0,61489.71,661.77,2024-10-02 05:00:00
3486,61489.71,61788.4,61359.9,61700.01,760.11,2024-10-02 06:00:00
3487,61700.01,61940.0,61588.78,61727.4,698.17,2024-10-02 07:00:00
3488,61727.39,61914.34,61603.49,61806.01,535.24,2024-10-02 08:00:00
3489,61806.01,61817.76,61130.0,61271.25,1082.07,2024-10-02 09:00:00
3490,61271.24,61555.0,61151.04,61188.28,1006.0,2024-10-02 10:00:00
3491,61188.27,61380.0,60888.88,61164.01,1204.29,2024-10-02 11:00:00
3492,61164.01,61220.0,60696.4,60798.8,1274.81,2024-10-02 12:00:00
3493,60798.8,61460.0,60524.21,61350.0,2508.39,2024-10-02 13:00:00
3494,61350.0,61672.0,61047.16,61077.78,2267.56,2024-10-02 14:00:00
3495,61077.77,61926.9,61059.9,61874.01,1514.52,2024-10-02 15:00:00
3496,61874.01,62390.31,61779.87,61800.0,1555.82,2024-10-02 16:00:00
3497,61800.01,61835.99,61242.0,61628.01,1115.92,2024-10-02 17:00:00
3498,61628.01,61691.0,60762.09,60762.09,1403.72,2024-10-02 18:00:00
3499,60762.1,60926.0,60000.0,60190.01,3854.06,2024-10-02 19:00:00
3500,60190.01,60999.24,60128.0,60924.0,3301.59,2024-10-02 20:00:00
3501,60923.99,60952.0,60656.0,60831.99,607.84,2024-10-02 21:00:00
3502,60832.0,60851.75,60438.0,60851.74,678.66,2024-10-02 22:00:00
3503,60851.74,60869.56,60622.0,60649.28,510.98,2024-10-02 23:00:00
3504,60649.27,61105.0,60536.0,60988.01,1646.42,2024-10-03 00:00:00
3505,60988.01,61183.76,60919.9,61024.0,834.87,2024-10-03 01:00:00
3506,61024.0,61274.0,60987.0,61185.17,502.79,2024-10-03 02:00:00
3507,61185.18,61464.0,61092.0,61463.99,673.23,2024-10-03 03:00:00
3508,61464.0,61477.19,61276.31,61326.0,571.46,2024-10-03 04:00:00
3509,61326.0,61360.0,61100.0,61176.01,702.22,2024-10-03 05:00:00
3510,61176.0,61418.42,61106.01,61334.01,618.19,2024-10-03 06:00:00
3511,61334.0,61424.25,60814.12,60926.0,1459.32,2024-10-03 07:00:00
3512,60926.0,60978.0,60138.0,60354.0,1805.59,2024-10-03 08:00:00
3513,60354.0,60765.33,60126.56,60720.48,984.32,2024-10-03 09:00:00
3514,60720.48,61036.0,60648.0,61025.98,738.08,2024-10-03 10:00:00
3515,61025.98,61070.47,60594.0,60764.74,879.13,2024-10-03 11:00:00
3516,60764.73,60770.0,60372.12,60469.95,1231.76,2024-10-03 12:00:00
3517,60469.95,60583.99,59828.11,60382.05,2876.6,2024-10-03 13:00:00
3518,60382.06,60900.0,60100.0,60172.01,2862.28,2024-10-03 14:00:00
3519,60172.01,60690.0,60044.0,60641.5,1601.39,2024-10-03 15:00:00
3520,60641.5,60781.53,60084.0,60168.0,1306.79,2024-10-03 16:00:00
3521,60167.99,60723.68,59917.02,60632.0,1556.13,2024-10-03 17:00:00
3522,60632.0,60858.31,60531.85,60722.31,684.54,2024-10-03 18:00:00
3523,60722.31,61058.0,60544.33,61036.0,861.39,2024-10-03 19:00:00
3524,61036.0,61100.0,60668.0,60773.99,610.82,2024-10-03 20:00:00
3525,60774.0,60950.0,60596.4,60807.13,437.8,2024-10-03 21:00:00
3526,60807.13,60978.26,60714.0,60895.27,420.2,2024-10-03 22:00:00
3527,60895.27,60984.0,60700.49,60752.71,356.1,2024-10-03 23:00:00
3528,60752.72,60812.0,60459.9,60504.01,660.08,2024-10-04 00:00:00
3529,60504.01,61256.47,60488.0,61218.0,1068.07,2024-10-04 01:00:00
3530,61218.0,61272.73,60939.75,61036.14,410.02,2024-10-04 02:00:00
3531,61036.15,61065.36,60890.0,60951.99,235.43,2024-10-04 03:00:00
3532,60951.99,61200.0,60936.66,61001.44,423.25,2024-10-04 04:00:00
3533,61001.45,61238.0,60982.7,61224.34,365.05,2024-10-04 05:00:00
3534,61224.34,61343.75,61100.0,61119.99,575.69,2024-10-04 06:00:00
3535,61120.0,61544.98,61068.0,61443.64,1090.01,2024-10-04 07:00:00
3536,61443.64,61646.27,61340.22,61449.73,807.34,2024-10-04 08:00:00
3537,61449.73,61586.0,61302.42,61339.43,582.65,2024-10-04 09:00:00
3538,61339.43,61432.64,61266.42,61284.01,367.21,2024-10-04 10:00:00
3539,61284.01,61483.02,61274.0,61449.84,586.46,2024-10-04 11:00:00
3540,61449.84,61936.0,61211.92,61932.24,2563.18,2024-10-04 12:00:00
3541,61932.24,62004.48,61488.1,61580.02,2047.99,2024-10-04 13:00:00
3542,61580.02,61584.0,60753.97,61239.99,2316.23,2024-10-04 14:00:00
3543,61240.0,61873.04,61224.0,61873.04,1573.59,2024-10-04 15:00:00
3544,61873.05,62294.87,61644.01,62244.0,1683.63,2024-10-04 16:00:00
3545,62243.99,62340.0,61843.0,61983.32,909.38,2024-10-04 17:00:00
3546,61983.32,62360.0,61909.09,62345.0,616.86,2024-10-04 18:00:00
3547,62344.99,62468.0,62254.37,62368.0,821.28,2024-10-04 19:00:00
3548,62368.0,62484.85,62171.33,62407.69,523.81,2024-10-04 20:00:00
3549,62407.7,62463.54,62274.45,62274.45,263.95,2024-10-04 21:00:00
3550,62274.46,62350.0,62193.18,62213.14,404.2,2024-10-04 22:00:00
3551,62213.15,62213.15,61965.14,62086.0,399.3,2024-10-04 23:00:00
3552,62086.0,62214.0,62045.97,62170.0,435.38,2024-10-05 00:00:00
3553,62170.0,62200.0,61990.01,62069.99,323.65,2024-10-05 01:00:00
3554,62069.99,62070.0,61794.62,61812.0,332.22,2024-10-05 02:00:00
3555,61812.01,61971.93,61689.26,61861.99,399.57,2024-10-05 03:00:00
3556,61861.99,62020.0,61824.01,61950.01,226.26,2024-10-05 04:00:00
3557,61950.01,62157.14,61944.01,62149.47,264.66,2024-10-05 05:00:00
3558,62149.48,62246.11,62076.19,62224.0,302.04,2024-10-05 06:00:00
3559,62224.0,62268.28,62076.19,62076.19,259.63,2024-10-05 07:00:00
3560,62076.2,62198.87,62076.19,62151.52,287.52,2024-10-05 08:00:00
3561,62151.52,62326.48,62146.16,62252.0,906.6,2024-10-05 09:00:00
3562,62252.01,62269.13,62202.53,62213.84,167.45,2024-10-05 10:00:00
3563,62213.85,62233.09,62169.53,62180.0,161.28,2024-10-05 11:00:00
3564,62179.99,62304.0,62179.99,62302.03,230.69,2024-10-05 12:00:00
3565,62302.02,62370.56,62100.0,62153.35,469.52,2024-10-05 13:00:00
3566,62153.35,62239.09,62100.07,62196.01,391.87,2024-10-05 14:00:00
3567,62196.0,62220.0,62119.2,62167.66,225.57,2024-10-05 15:00:00
3568,62167.65,62180.0,61958.39,61958.39,558.6,2024-10-05 16:00:00
3569,61958.4,62030.0,61908.0,62016.01,222.18,2024-10-05 17:00:00
3570,62016.01,62050.0,61840.01,61864.0,274.26,2024-10-05 18:00:00
3571,61864.0,61900.0,61790.0,61848.48,353.76,2024-10-05 19:00:00
3572,61848.48,61848.49,61700.0,61723.38,359.52,2024-10-05 20:00:00
3573,61723.39,61939.4,61706.0,61857.64,250.49,2024-10-05 21:00:00
3574,61857.65,62089.99,61850.29,62039.52,231.52,2024-10-05 22:00:00
3575,62039.52,62100.0,61980.33,62058.0,173.21,2024-10-05 23:00:00
3576,62058.01,62088.17,61888.46,61920.0,191.3,2024-10-06 00:00:00
3577,61919.99,62150.0,61919.99,62081.01,247.54,2024-10-06 01:00:00
3578,62081.01,62115.99,61940.11,61966.01,199.51,2024-10-06 02:00:00
3579,61966.01,62020.0,61876.0,61878.66,244.29,2024-10-06 03:00:00
3580,61878.66,61966.25,61798.97,61878.03,273.75,2024-10-06 04:00:00
3581,61878.03,61974.69,61845.07,61938.51,150.79,2024-10-06 05:00:00
3582,61938.51,62010.0,61879.92,61961.99,390.35,2024-10-06 06:00:00
3583,61962.0,62001.99,61948.02,61949.01,92.17,2024-10-06 07:00:00
3584,61949.01,62070.0,61922.0,61989.81,243.41,2024-10-06 08:00:00
3585,61989.81,62176.75,61976.52,62066.38,280.81,2024-10-06 09:00:00
3586,62066.38,62079.0,62006.55,62023.83,218.64,2024-10-06 10:00:00
3587,62023.84,62145.0,62012.0,62101.92,193.91,2024-10-06 11:00:00
3588,62101.92,62230.0,62065.31,62222.0,499.06,2024-10-06 12:00:00
3589,62221.99,62371.05,62221.99,62257.73,684.22,2024-10-06 13:00:00
3590,62257.73,62777.0,62196.0,62715.99,968.7,2024-10-06 14:00:00
3591,62716.0,62766.22,62444.0,62720.01,911.02,2024-10-06 15:00:00
3592,62720.01,62927.87,62597.5,62602.0,709.17,2024-10-06 16:00:00
3593,62602.01,62760.01,62550.0,62591.2,364.36,2024-10-06 17:00:00
3594,62591.2,62765.0,62590.91,62718.36,250.01,2024-10-06 18:00:00
3595,62718.37,62975.0,62590.0,62631.38,358.18,2024-10-06 19:00:00
3596,62631.38,62753.86,62585.0,62620.62,219.43,2024-10-06 20:00:00
3597,62620.62,62658.23,62302.0,62303.03,433.4,2024-10-06 21:00:00
3598,62303.04,62624.03,62303.03,62618.85,231.96,2024-10-06 22:00:00
3599,62618.84,62912.33,62618.84,62819.91,550.84,2024-10-06 23:00:00
3600,62819.91,63718.84,62657.44,63677.98,1704.34,2024-10-07 00:00:00
3601,63677.98,63970.19,63660.0,63819.0,1335.97,2024-10-07 01:00:00
3602,63819.0,63948.46,63597.22,63637.29,773.41,2024-10-07 02:00:00
3603,63637.29,63769.84,63345.97,63530.51,642.29,2024-10-07 03:00:00
3604,63530.51,63670.0,63462.88,63466.66,309.55,2024-10-07 04:00:00
3605,63466.67,63628.0,63300.48,63380.01,485.62,2024-10-07 05:00:00
3606,63380.0,63753.91,63312.0,63706.0,653.6,2024-10-07 06:00:00
3607,63705.99,63710.56,63452.01,63531.99,666.27,2024-10-07 07:00:00
3608,63532.0,63706.0,63520.0,63554.62,529.85,2024-10-07 08:00:00
3609,63554.62,63554.63,63088.0,63210.83,1154.64,2024-10-07 09:00:00
3610,63210.82,63222.0,62865.09,62891.48,1095.23,2024-10-07 10:00:00
3611,62891.49,63179.99,62649.95,63135.44,1677.47,2024-10-07 11:00:00
3612,63135.45,63135.45,62834.03,62883.33,724.07,2024-10-07 12:00:00
3613,62883.32,63566.67,62825.37,63457.36,1393.04,2024-10-07 13:00:00
3614,63457.37,64478.19,63457.37,63991.89,3989.26,2024-10-07 14:00:00
3615,63991.89,63995.0,63525.0,63651.6,1496.14,2024-10-07 15:00:00
3616,63651.59,63874.65,63427.96,63819.9,793.58,2024-10-07 16:00:00
3617,63819.91,63906.57,63519.99,63819.99,751.05,2024-10-07 17:00:00
3618,63820.0,63822.49,62735.9,62848.0,1494.27,2024-10-07 18:00:00
3619,62848.0,63468.72,62848.0,63382.0,1055.61,2024-10-07 19:00:00
3620,63381.99,63410.0,62984.29,63020.0,457.18,2024-10-07 20:00:00
3621,63020.0,63374.0,63002.29,63373.99,399.72,2024-10-07 21:00:00
3622,63373.99,63374.0,62419.9,62471.08,1024.37,2024-10-07 22:00:00
3623,62471.08,62665.83,62128.0,62224.0,1359.67,2024-10-07 23:00:00
3624,62224.01,62585.06,62156.02,62552.98,795.16,2024-10-08 00:00:00
3625,62552.98,62737.84,62312.0,62630.01,699.78,2024-10-08 01:00:00
3626,62630.01,62789.65,62419.9,62785.78,790.25,2024-10-08 02:00:00
3627,62785.79,62820.0,62522.61,62629.8,473.99,2024-10-08 03:00:00
3628,62629.8,62778.04,62533.56,62694.9,567.32,2024-10-08 04:00:00
3629,62694.9,62723.69,62305.78,62517.35,719.32,2024-10-08 05:00:00
3630,62517.35,62531.52,62200.0,62509.42,580.02,2024-10-08 06:00:00
3631,62509.42,62509.42,62005.0,62319.99,722.21,2024-10-08 07:00:00
3632,62319.99,62439.32,62193.63,62409.46,824.82,2024-10-08 08:00:00
3633,62409.46,62590.0,62301.14,62537.38,524.51,2024-10-08 09:00:00
3634,62537.37,62589.86,62410.82,62519.78,406.81,2024-10-08 10:00:00
3635,62519.77,62670.16,62471.24,62624.01,484.82,2024-10-08 11:00:00
3636,62624.02,62670.0,62427.15,62440.0,463.54,2024-10-08 12:00:00
3637,62440.01,63058.43,62326.52,63035.27,1568.72,2024-10-08 13:00:00
3638,63035.27,63200.0,62157.46,62778.0,2396.82,2024-10-08 14:00:00
3639,62778.0,62850.24,61864.89,62288.01,2548.14,2024-10-08 15:00:00
3640,62288.01,62598.0,62023.42,62570.0,889.57,2024-10-08 16:00:00
3641,62569.99,62570.0,62071.31,62393.94,716.72,2024-10-08 17:00:00
3642,62393.94,62534.0,61930.34,62110.72,928.35,2024-10-08 18:00:00
3643,62110.71,62350.0,61860.31,62245.53,1051.15,2024-10-08 19:00:00
3644,62245.99,62400.02,62147.39,62400.02,411.44,2024-10-08 20:00:00
3645,62400.02,62565.95,62320.0,62443.74,354.91,2024-10-08 21:00:00
3646,62443.75,62453.14,62159.9,62175.01,390.36,2024-10-08 22:00:00
3647,62175.01,62281.21,62026.13,62160.49,393.5,2024-10-08 23:00:00
3648,62160.5,62266.0,62002.5,62154.0,696.0,2024-10-09 00:00:00
3649,62154.0,62494.0,62108.0,62414.55,719.2,2024-10-09 01:00:00
3650,62414.55,62420.01,62264.0,62264.01,298.93,2024-10-09 02:00:00
3651,62264.0,62460.0,62150.09,62394.07,504.44,2024-10-09 03:00:00
3652,62394.07,62433.37,62300.0,62347.78,438.36,2024-10-09 04:00:00
3653,62347.78,62542.06,62347.78,62524.09,698.96,2024-10-09 05:00:00
3654,62524.09,62543.75,62380.0,62430.0,411.04,2024-10-09 06:00:00
3655,62430.0,62430.0,62200.0,62276.78,493.56,2024-10-09 07:00:00
3656,62276.79,62287.07,62046.69,62149.99,599.02,2024-10-09 08:00:00
3657,62150.0,62275.37,62102.0,62264.02,392.9,2024-10-09 09:00:00
3658,62264.02,62264.02,62051.27,62150.0,428.37,2024-10-09 10:00:00
3659,62149.99,62231.12,62104.35,62200.0,298.14,2024-10-09 11:00:00
3660,62199.99,62225.99,61766.0,61980.0,1296.22,2024-10-09 12:00:00
3661,61980.0,62094.77,61750.0,61800.99,1341.96,2024-10-09 13:00:00
3662,61801.0,62028.0,61634.61,61872.99,1156.06,2024-10-09 14:00:00
3663,61872.99,62412.09,61780.0,62316.0,1435.36,2024-10-09 15:00:00
3664,62316.0,62350.0,61686.0,61814.01,1304.67,2024-10-09 16:00:00
3665,61814.01,61906.28,61666.98,61748.0,634.05,2024-10-09 17:00:00
3666,61748.0,61818.19,61150.0,61196.01,1600.85,2024-10-09 18:00:00
3667,61196.0,61218.0,60835.0,61031.98,1531.82,2024-10-09 19:00:00
3668,61031.99,61122.53,60301.0,60420.01,1843.13,2024-10-09 20:00:00
3669,60420.01,60958.0,60362.01,60902.01,921.66,2024-10-09 21:00:00
3670,60902.01,60915.66,60699.9,60798.01,448.47,2024-10-09 22:00:00
3671,60798.01,60829.88,60610.0,60636.02,517.96,2024-10-09 23:00:00
3672,60636.01,60693.5,60355.0,60437.61,1064.59,2024-10-10 00:00:00
3673,60437.61,60860.87,60435.73,60803.02,706.81,2024-10-10 01:00:00
3674,60803.01,60937.99,60708.07,60882.08,579.74,2024-10-10 02:00:00
3675,60882.08,60956.0,60821.06,60865.29,376.44,2024-10-10 03:00:00
3676,60865.29,60957.41,60814.9,60865.9,279.67,2024-10-10 04:00:00
3677,60865.89,61052.0,60842.09,60941.48,381.8,2024-10-10 05:00:00
3678,60941.48,61149.58,60892.29,61143.85,566.91,2024-10-10 06:00:00
3679,61143.86,61145.99,60900.0,60900.0,399.0,2024-10-10 07:00:00
3680,60900.01,61073.42,60784.75,60815.7,595.19,2024-10-10 08:00:00
3681,60815.71,60988.92,60630.71,60935.15,908.5,2024-10-10 09:00:00
3682,60935.14,61211.99,60932.69,61075.56,473.82,2024-10-10 10:00:00
3683,61075.56,61321.68,61052.0,61262.0,582.17,2024-10-10 11:00:00
3684,61262.01,61320.0,60752.04,60962.0,1487.33,2024-10-10 12:00:00
3685,60962.01,61254.0,60617.05,60940.01,1121.41,2024-10-10 13:00:00
3686,60940.01,61055.99,60513.44,60593.95,1109.63,2024-10-10 14:00:00
3687,60593.95,60814.98,60444.99,60789.36,1509.55,2024-10-10 15:00:00
3688,60789.36,61030.31,60255.36,60298.12,1239.94,2024-10-10 16:00:00
3689,60298.12,60460.0,59561.51,59611.01,2434.69,2024-10-10 17:00:00
3690,59611.0,59611.01,58946.0,59502.01,3644.41,2024-10-10 18:00:00
3691,59502.0,59761.0,59360.0,59727.28,1198.92,2024-10-10 19:00:00
3692,59727.27,60026.08,59586.29,59799.83,1105.03,2024-10-10 20:00:00
3693,59799.83,60198.78,59692.79,60198.77,969.22,2024-10-10 21:00:00
3694,60198.78,60250.0,59945.62,60148.01,752.22,2024-10-10 22:00:00
3695,60148.0,60329.27,60148.0,60326.39,480.96,2024-10-10 23:00:00
3696,60326.4,60360.0,60151.23,60194.01,709.7,2024-10-11 00:00:00
3697,60194.01,60768.64,60087.64,60578.55,903.57,2024-10-11 01:00:00
3698,60578.55,60649.99,60362.3,60553.31,432.1,2024-10-11 02:00:00
3699,60553.32,60710.21,60553.31,60614.0,369.82,2024-10-11 03:00:00
3700,60614.01,60720.03,60578.0,60699.99,320.68,2024-10-11 04:00:00
3701,60699.99,60770.0,60588.23,60600.0,350.73,2024-10-11 05:00:00
3702,60600.01,60925.16,60600.0,60800.0,557.93,2024-10-11 06:00:00
3703,60800.01,60919.83,60656.0,60674.69,804.72,2024-10-11 07:00:00
3704,60674.68,60810.89,60650.44,60669.39,404.79,2024-10-11 08:00:00
3705,60669.39,61118.19,60654.05,61086.0,903.89,2024-10-11 09:00:00
3706,61086.0,61263.4,61002.49,61160.0,994.24,2024-10-11 10:00:00
3707,61160.01,61260.0,61079.9,61174.87,452.08,2024-10-11 11:00:00
3708,61174.88,61477.57,61129.72,61379.0,1031.17,2024-10-11 12:00:00
3709,61379.01,61848.0,61206.15,61676.0,1576.49,2024-10-11 13:00:00
3710,61675.99,61950.0,61634.41,61753.65,2246.33,2024-10-11 14:00:00
3711,61753.65,62450.0,61753.65,62259.05,2053.89,2024-10-11 15:00:00
3712,62259.04,62438.64,62123.0,62272.0,1576.09,2024-10-11 16:00:00
3713,62272.01,62934.8,62166.02,62918.0,1730.53,2024-10-11 17:00:00
3714,62918.0,62973.47,62714.0,62922.08,790.46,2024-10-11 18:00:00
3715,62922.07,63417.56,62819.47,63086.01,2353.8,2024-10-11 19:00:00
3716,63086.0,63087.5,62924.0,62993.68,625.88,2024-10-11 20:00:00
3717,62993.68,63160.0,62796.19,62848.48,1016.2,2024-10-11 21:00:00
3718,62848.48,62910.0,62374.13,62450.27,822.94,2024-10-11 22:00:00
3719,62450.27,62666.67,62357.7,62540.0,613.36,2024-10-11 23:00:00
3720,62539.99,62930.0,62500.0,62840.0,757.11,2024-10-12 00:00:00
3721,62840.01,63073.78,62684.67,62733.67,876.85,2024-10-12 01:00:00
3722,62733.67,62757.58,62505.64,62554.97,404.88,2024-10-12 02:00:00
3723,62554.98,62636.0,62487.23,62568.0,472.1,2024-10-12 03:00:00
3724,62568.0,62746.0,62565.51,62583.58,477.94,2024-10-12 04:00:00
3725,62583.58,62800.0,62579.0,62778.01,201.05,2024-10-12 05:00:00
3726,62778.0,62778.01,62670.65,62679.91,275.67,2024-10-12 06:00:00
3727,62679.91,62774.0,62645.73,62767.57,244.01,2024-10-12 07:00:00
3728,62767.57,62783.06,62699.98,62725.58,219.3,2024-10-12 08:00:00
3729,62725.59,62843.33,62672.34,62843.32,222.24,2024-10-12 09:00:00
3730,62843.32,63049.0,62815.03,63043.73,674.65,2024-10-12 10:00:00
3731,63043.73,63260.53,62914.65,62936.91,882.96,2024-10-12 11:00:00
3732,62936.91,63062.0,62824.03,63056.26,568.09,2024-10-12 12:00:00
3733,63056.26,63151.52,62975.0,63072.12,464.98,2024-10-12 13:00:00
3734,63072.12,63400.0,63014.0,63234.99,646.32,2024-10-12 14:00:00
3735,63235.0,63480.0,63057.0,63157.49,1011.09,2024-10-12 15:00:00
3736,63157.5,63400.0,63063.4,63064.06,491.73,2024-10-12 16:00:00
3737,63064.06,63260.0,63048.0,63103.47,321.79,2024-10-12 17:00:00
3738,63103.46,63177.64,62936.0,62936.01,371.62,2024-10-12 18:00:00
3739,62936.01,63075.61,62911.0,63000.01,352.6,2024-10-12 19:00:00
3740,63000.01,63113.21,63000.0,63043.29,207.96,2024-10-12 20:00:00
3741,63043.29,63225.24,63043.28,63221.16,172.8,2024-10-12 21:00:00
3742,63221.16,63324.0,63140.0,63296.63,208.14,2024-10-12 22:00:00
3743,63296.63,63388.0,63169.82,63206.22,385.41,2024-10-12 23:00:00
3744,63206.23,63285.72,63035.0,63190.23,392.74,2024-10-13 00:00:00
3745,63190.24,63190.24,62818.0,62879.26,906.09,2024-10-13 01:00:00
3746,62879.26,62920.0,62700.0,62867.2,408.56,2024-10-13 02:00:00
3747,62867.2,62900.0,62654.91,62712.31,271.48,2024-10-13 03:00:00
3748,62712.31,62860.0,62707.21,62814.0,199.62,2024-10-13 04:00:00
3749,62814.0,62964.0,62813.99,62853.92,184.13,2024-10-13 05:00:00
3750,62853.91,62990.0,62853.91,62867.29,211.17,2024-10-13 06:00:00
3751,62867.29,62912.92,62729.81,62843.48,382.02,2024-10-13 07:00:00
3752,62843.48,62962.0,62797.93,62809.99,495.85,2024-10-13 08:00:00
3753,62809.99,62867.57,62770.61,62830.0,473.76,2024-10-13 09:00:00
3754,62830.0,62830.01,62688.01,62700.99,419.56,2024-10-13 10:00:00
3755,62700.99,62776.0,62520.18,62561.33,683.1,2024-10-13 11:00:00
3756,62561.34,62728.37,62546.0,62664.01,337.56,2024-10-13 12:00:00
3757,62664.01,62818.0,62624.75,62660.0,417.77,2024-10-13 13:00:00
3758,62660.0,62660.0,62200.0,62249.6,891.4,2024-10-13 14:00:00
3759,62249.6,62347.49,62050.0,62229.31,1235.55,2024-10-13 15:00:00
3760,62229.32,62712.5,62177.67,62629.1,666.47,2024-10-13 16:00:00
3761,62629.11,62887.78,62410.21,62515.59,805.68,2024-10-13 17:00:00
3762,62515.58,62623.12,62314.13,62414.0,366.45,2024-10-13 18:00:00
3763,62414.0,62740.0,62414.0,62734.32,347.63,2024-10-13 19:00:00
3764,62734.31,62762.92,62610.67,62762.91,264.85,2024-10-13 20:00:00
3765,62762.92,63010.0,62679.9,62895.11,659.18,2024-10-13 21:00:00
3766,62895.11,63125.0,62727.27,62837.99,617.63,2024-10-13 22:00:00
3767,62838.0,62895.9,62630.0,62870.02,270.98,2024-10-13 23:00:00
3768,62870.02,62898.43,62457.81,62520.18,498.83,2024-10-14 00:00:00
3769,62520.19,62850.0,62510.01,62631.83,500.36,2024-10-14 01:00:00
3770,62631.83,62634.17,62478.65,62614.0,267.08,2024-10-14 02:00:00
3771,62614.0,64392.49,62612.0,64299.99,3936.42,2024-10-14 03:00:00
3772,64300.0,64500.0,64082.37,64137.99,2574.71,2024-10-14 04:00:00
3773,64137.99,64160.0,63778.62,63941.54,1258.12,2024-10-14 05:00:00
3774,63941.54,64227.86,63801.89,64095.99,809.03,2024-10-14 06:00:00
3775,64096.0,64686.0,64028.99,64620.87,1898.35,2024-10-14 07:00:00
3776,64620.87,64860.0,64382.72,64427.99,1331.28,2024-10-14 08:00:00
3777,64427.99,64899.98,64340.98,64822.23,1190.87,2024-10-14 09:00:00
3778,64822.24,64999.0,64695.79,64860.18,1212.28,2024-10-14 10:00:00
3779,64860.18,65188.57,64800.01,64920.06,1604.4,2024-10-14 11:00:00
3780,64920.05,65000.0,64743.0,64868.05,1400.74,2024-10-14 12:00:00
3781,64868.06,65292.0,64660.56,65150.01,1898.6,2024-10-14 13:00:00
3782,65150.01,66299.93,65116.0,65922.0,5246.02,2024-10-14 14:00:00
3783,65922.0,66111.16,65800.0,65870.0,2620.6,2024-10-14 15:00:00
3784,65870.0,66014.0,65609.04,65703.99,2115.95,2024-10-14 16:00:00
3785,65703.99,65846.0,65459.0,65640.01,1061.54,2024-10-14 17:00:00
3786,65640.0,65960.0,65579.9,65769.59,978.39,2024-10-14 18:00:00
3787,65769.59,66072.3,65723.4,65939.4,1385.24,2024-10-14 19:00:00
3788,65939.41,66050.0,65815.56,65925.97,589.4,2024-10-14 20:00:00
3789,65925.98,65999.0,65730.0,65782.14,396.51,2024-10-14 21:00:00
3790,65782.14,66500.0,65770.0,66454.0,1948.67,2024-10-14 22:00:00
3791,66454.01,66500.0,66035.29,66083.99,946.56,2024-10-14 23:00:00
3792,66084.0,66330.0,65856.45,65929.99,1154.24,2024-10-15 00:00:00
3793,65930.0,66013.83,65733.39,65866.48,694.45,2024-10-15 01:00:00
3794,65866.48,65928.0,65706.01,65759.99,617.74,2024-10-15 02:00:00
3795,65759.99,65760.0,65324.4,65400.0,1108.4,2024-10-15 03:00:00
3796,65399.99,65691.21,65322.0,65599.99,567.45,2024-10-15 04:00:00
3797,65599.99,65600.0,65201.0,65363.24,822.81,2024-10-15 05:00:00
3798,65363.25,65612.17,65285.24,65564.98,735.53,2024-10-15 06:00:00
3799,65564.98,65846.0,65560.01,65638.74,1193.58,2024-10-15 07:00:00
3800,65638.74,65850.0,65615.57,65754.0,565.6,2024-10-15 08:00:00
3801,65753.99,65785.33,65602.68,65637.99,1081.37,2024-10-15 09:00:00
3802,65637.99,65750.0,65582.95,65679.94,642.13,2024-10-15 10:00:00
3803,65679.95,65720.0,65280.0,65399.69,1509.55,2024-10-15 11:00:00
3804,65399.68,65964.56,65383.5,65802.01,1376.79,2024-10-15 12:00:00
3805,65802.01,67767.66,65770.0,67658.0,4758.39,2024-10-15 13:00:00
3806,67658.0,67950.0,65150.01,65376.0,9039.37,2024-10-15 14:00:00
3807,65376.01,66300.0,64800.01,66022.0,5392.76,2024-10-15 15:00:00
3808,66022.01,67218.0,65982.55,66868.2,3418.14,2024-10-15 16:00:00
3809,66868.21,67059.33,66501.0,66808.01,1765.94,2024-10-15 17:00:00
3810,66808.0,67390.89,66754.0,66901.15,1591.99,2024-10-15 18:00:00
3811,66901.15,67051.99,66574.94,66970.18,1664.01,2024-10-15 19:00:00
3812,66970.18,67007.99,66391.65,66469.41,1318.02,2024-10-15 20:00:00
3813,66469.41,66614.0,66130.64,66432.0,1096.16,2024-10-15 21:00:00
3814,66432.01,66992.0,66409.42,66747.58,795.05,2024-10-15 22:00:00
3815,66747.59,67156.47,66675.06,67074.14,774.49,2024-10-15 23:00:00
3816,67074.14,67138.96,66759.01,66874.04,786.92,2024-10-16 00:00:00
3817,66874.04,67496.89,66750.49,67375.99,1155.9,2024-10-16 01:00:00
3818,67376.0,67561.04,67241.04,67280.01,855.22,2024-10-16 02:00:00
3819,67280.01,67293.99,67071.33,67095.98,710.37,2024-10-16 03:00:00
3820,67095.99,67236.0,66885.05,67000.0,694.89,2024-10-16 04:00:00
3821,67000.0,67361.41,66930.71,67218.74,776.16,2024-10-16 05:00:00
3822,67218.74,67300.0,66961.62,67050.0,772.9,2024-10-16 06:00:00
3823,67050.0,67050.01,66775.67,66972.53,826.47,2024-10-16 07:00:00
3824,66972.53,67270.15,66917.52,67129.82,1139.02,2024-10-16 08:00:00
3825,67129.82,67469.0,67087.26,67420.01,1155.95,2024-10-16 09:00:00
3826,67420.01,67799.0,67323.61,67733.54,2132.6,2024-10-16 10:00:00
3827,67733.55,68424.0,67602.05,67894.72,4243.53,2024-10-16 11:00:00
3828,67894.73,68058.0,67670.0,67832.0,2119.64,2024-10-16 12:00:00
3829,67832.0,67962.0,67117.18,67386.0,2383.91,2024-10-16 13:00:00
3830,67386.0,68308.91,67346.0,67671.91,3438.19,2024-10-16 14:00:00
3831,67671.91,68050.0,67391.01,67749.99,1400.47,2024-10-16 15:00:00
3832,67750.0,67929.99,67482.0,67823.88,1175.83,2024-10-16 16:00:00
3833,67823.88,68100.0,67686.0,67942.0,983.28,2024-10-16 17:00:00
3834,67942.0,68064.0,67780.32,67822.74,688.26,2024-10-16 18:00:00
3835,67822.73,67952.84,67643.24,67728.0,727.95,2024-10-16 19:00:00
3836,67728.01,67954.03,67630.0,67630.01,594.86,2024-10-16 20:00:00
3837,67630.01,67706.0,67500.0,67566.9,394.73,2024-10-16 21:00:00
3838,67566.9,67860.0,67563.84,67790.01,413.92,2024-10-16 22:00:00
3839,67790.0,67827.48,67602.34,67620.01,367.28,2024-10-16 23:00:00
3840,67620.0,67939.4,67580.0,67709.99,437.47,2024-10-17 00:00:00
3841,67709.99,67899.99,67406.99,67893.98,839.23,2024-10-17 01:00:00
3842,67893.98,67908.48,67408.0,67472.01,748.44,2024-10-17 02:00:00
3843,67472.01,67700.0,67438.0,67601.4,478.64,2024-10-17 03:00:00
3844,67601.4,67601.4,67260.0,67260.0,695.26,2024-10-17 04:00:00
3845,67260.01,67470.0,67260.0,67340.82,509.73,2024-10-17 05:00:00
3846,67340.81,67504.49,67104.18,67162.87,1233.27,2024-10-17 06:00:00
3847,67162.87,67317.17,67087.35,67303.18,1114.65,2024-10-17 07:00:00
3848,67303.18,67473.49,67200.0,67450.0,745.36,2024-10-17 08:00:00
3849,67450.0,67530.01,67185.16,67191.4,941.84,2024-10-17 09:00:00
3850,67191.41,67295.4,66818.96,67214.0,1208.74,2024-10-17 10:00:00
3851,67214.01,67285.0,66741.09,66872.43,1944.77,2024-10-17 11:00:00
3852,66872.44,67184.0,66799.9,67171.42,998.62,2024-10-17 12:00:00
3853,67171.42,67354.94,66669.0,67021.99,1702.17,2024-10-17 13:00:00
3854,67021.99,67293.94,66666.0,67123.8,2327.11,2024-10-17 14:00:00
3855,67123.8,67680.0,66925.06,67590.66,1616.11,2024-10-17 15:00:00
3856,67590.67,67590.67,67122.68,67384.42,1677.79,2024-10-17 16:00:00
3857,67384.42,67526.0,67156.7,67290.0,1220.04,2024-10-17 17:00:00
3858,67290.0,67308.82,66720.0,66938.01,1635.91,2024-10-17 18:00:00
3859,66938.01,67017.39,66780.0,66840.0,830.4,2024-10-17 19:00:00
3860,66840.0,67149.5,66827.68,66940.0,469.06,2024-10-17 20:00:00
3861,66940.0,67129.98,66940.0,67084.0,319.2,2024-10-17 21:00:00
3862,67084.01,67480.0,67084.01,67444.02,919.29,2024-10-17 22:00:00
3863,67444.02,67479.99,67288.01,67421.78,715.13,2024-10-17 23:00:00
3864,67421.78,67457.07,67192.36,67214.42,626.09,2024-10-18 00:00:00
3865,67214.41,68260.92,67194.0,68085.5,2138.14,2024-10-18 01:00:00
3866,68085.5,68142.0,67800.0,68103.99,1073.15,2024-10-18 02:00:00
3867,68104.0,68108.58,67522.0,67555.4,978.3,2024-10-18 03:00:00
3868,67555.41,67867.93,67544.0,67742.72,770.77,2024-10-18 04:00:00
3869,67742.71,68050.0,67640.0,68000.79,567.45,2024-10-18 05:00:00
3870,68000.79,68378.95,67925.98,68108.0,1482.29,2024-10-18 06:00:00
3871,68108.0,68194.0,67864.0,67969.7,1615.53,2024-10-18 07:00:00
3872,67969.69,68050.0,67830.0,67922.45,641.38,2024-10-18 08:00:00
3873,67922.44,68045.55,67763.26,67802.0,753.29,2024-10-18 09:00:00
3874,67802.0,67970.33,67776.43,67874.92,921.45,2024-10-18 10:00:00
3875,67874.92,68028.44,67674.98,67702.0,1288.34,2024-10-18 11:00:00
3876,67702.0,67820.66,67642.71,67662.0,574.2,2024-10-18 12:00:00
3877,67662.0,68196.0,67656.99,68196.0,1233.37,2024-10-18 13:00:00
3878,68195.99,68600.0,67936.18,68426.98,4002.87,2024-10-18 14:00:00
3879,68426.99,68870.68,68293.04,68735.35,3171.49,2024-10-18 15:00:00
3880,68735.34,68897.99,68360.0,68787.88,1754.84,2024-10-18 16:00:00
3881,68787.87,68908.05,68656.53,68710.14,1032.29,2024-10-18 17:00:00
3882,68710.13,69000.0,68560.0,68892.42,1227.27,2024-10-18 18:00:00
3883,68892.41,68974.0,68572.72,68608.01,1079.87,2024-10-18 19:00:00
3884,68608.01,68690.0,68400.0,68432.0,674.45,2024-10-18 20:00:00
3885,68431.99,68495.45,68230.0,68412.0,381.16,2024-10-18 21:00:00
3886,68412.0,68420.0,68204.1,68205.6,430.32,2024-10-18 22:00:00
3887,68205.59,68470.0,68205.59,68428.0,307.31,2024-10-18 23:00:00
3888,68427.99,68480.0,68303.03,68334.2,310.84,2024-10-19 00:00:00
3889,68334.21,68454.55,68330.0,68340.02,321.84,2024-10-19 01:00:00
3890,68340.02,68469.91,68334.0,68459.59,276.08,2024-10-19 02:00:00
3891,68459.58,68693.26,68435.96,68450.01,467.98,2024-10-19 03:00:00
3892,68450.0,68560.0,68334.0,68334.01,312.97,2024-10-19 04:00:00
3893,68334.0,68432.62,68326.0,68390.01,234.25,2024-10-19 05:00:00
3894,68390.01,68439.0,68335.83,68335.83,234.88,2024-10-19 06:00:00
3895,68335.84,68405.11,68302.31,68346.54,331.57,2024-10-19 07:00:00
3896,68346.54,68475.7,68346.54,68409.99,382.57,2024-10-19 08:00:00
3897,68410.0,68436.44,68352.0,68352.0,271.85,2024-10-19 09:00:00
3898,68352.0,68380.0,68242.0,68244.0,371.43,2024-10-19 10:00:00
3899,68244.01,68297.28,68090.3,68090.3,629.51,2024-10-19 11:00:00
3900,68090.3,68268.32,68088.0,68222.0,260.37,2024-10-19 12:00:00
3901,68222.0,68222.01,68114.69,68114.7,265.42,2024-10-19 13:00:00
3902,68114.71,68350.0,68114.7,68300.01,401.41,2024-10-19 14:00:00
3903,68300.0,68338.0,68159.9,68226.93,419.7,2024-10-19 15:00:00
3904,68226.94,68227.54,68041.02,68042.0,365.86,2024-10-19 16:00:00
3905,68042.0,68142.8,68010.0,68121.99,207.03,2024-10-19 17:00:00
3906,68121.99,68190.06,68094.4,68179.99,187.57,2024-10-19 18:00:00
3907,68179.99,68242.43,68154.31,68181.98,259.14,2024-10-19 19:00:00
3908,68181.98,68277.96,68168.45,68245.18,518.34,2024-10-19 20:00:00
3909,68245.18,68345.41,68222.43,68222.43,423.74,2024-10-19 21:00:00
3910,68222.43,68410.0,68203.18,68330.0,345.97,2024-10-19 22:00:00
3911,68330.0,68413.96,68304.0,68378.0,393.35,2024-10-19 23:00:00
3912,68377.99,68446.0,68231.23,68231.24,440.41,2024-10-20 00:00:00
3913,68231.24,68253.3,68155.0,68158.0,217.11,2024-10-20 01:00:00
3914,68158.0,68220.0,68114.43,68177.01,217.83,2024-10-20 02:00:00
3915,68177.01,68198.0,68100.0,68188.0,179.36,2024-10-20 03:00:00
3916,68188.01,68316.0,68184.96,68235.99,181.25,2024-10-20 04:00:00
3917,68236.0,68291.67,68180.99,68214.0,232.82,2024-10-20 05:00:00
3918,68213.99,68410.0,68176.26,68400.01,446.44,2024-10-20 06:00:00
3919,68400.01,68433.5,68364.1,68378.0,580.54,2024-10-20 07:00:00
3920,68378.01,68500.0,68355.01,68394.0,454.73,2024-10-20 08:00:00
3921,68393.99,68445.99,68355.0,68434.2,239.27,2024-10-20 09:00:00
3922,68434.2,68458.3,68376.04,68376.05,241.82,2024-10-20 10:00:00
3923,68376.05,68443.4,68374.01,68420.01,194.6,2024-10-20 11:00:00
3924,68420.01,68438.69,68259.9,68268.36,372.43,2024-10-20 12:00:00
3925,68268.37,68486.0,68198.22,68451.85,663.03,2024-10-20 13:00:00
3926,68451.85,68772.7,68451.84,68637.99,1336.44,2024-10-20 14:00:00
3927,68638.0,68687.99,68366.0,68625.99,653.09,2024-10-20 15:00:00
3928,68625.99,68660.0,68505.46,68505.47,342.64,2024-10-20 16:00:00
3929,68505.47,68608.0,68422.0,68562.0,319.61,2024-10-20 17:00:00
3930,68562.01,68653.5,68562.0,68604.0,218.86,2024-10-20 18:00:00
3931,68604.01,68604.01,68495.99,68508.29,256.27,2024-10-20 19:00:00
3932,68508.3,68900.0,68461.93,68781.98,482.78,2024-10-20 20:00:00
3933,68781.98,68870.0,68658.0,68770.0,463.65,2024-10-20 21:00:00
3934,68770.0,69400.0,68600.0,69137.28,2772.84,2024-10-20 22:00:00
3935,69137.28,69196.16,68923.32,69031.99,934.63,2024-10-20 23:00:00
3936,69032.0,69519.52,68972.56,69160.0,1511.99,2024-10-21 00:00:00
3937,69160.0,69480.0,69106.0,69210.89,726.67,2024-10-21 01:00:00
3938,69210.88,69266.64,68709.87,68710.0,1082.6,2024-10-21 02:00:00
3939,68709.99,68940.0,68588.51,68939.99,704.1,2024-10-21 03:00:00
3940,68940.0,69039.0,68795.75,69039.0,546.23,2024-10-21 04:00:00
3941,69039.0,69185.18,68951.27,68979.97,590.84,2024-10-21 05:00:00
3942,68979.96,69146.51,68639.9,68699.36,697.49,2024-10-21 06:00:00
3943,68699.36,68799.95,68488.33,68514.0,822.48,2024-10-21 07:00:00
3944,68513.99,68661.0,68290.04,68301.46,1026.85,2024-10-21 08:00:00
3945,68301.47,68426.0,68119.01,68378.0,1084.12,2024-10-21 09:00:00
3946,68377.99,68482.87,68261.61,68281.49,1318.07,2024-10-21 10:00:00
3947,68281.5,68434.0,68169.02,68238.01,815.17,2024-10-21 11:00:00
3948,68238.0,68328.68,68046.0,68207.27,885.71,2024-10-21 12:00:00
3949,68207.26,68242.0,67152.0,67312.0,5358.22,2024-10-21 13:00:00
3950,67312.01,67620.25,67020.0,67268.0,3713.86,2024-10-21 14:00:00
3951,67268.0,67347.96,66840.67,67341.02,2856.87,2024-10-21 15:00:00
3952,67341.02,67344.0,66894.0,67327.0,1382.94,2024-10-21 16:00:00
3953,67326.99,67669.62,67260.0,67526.01,1640.04,2024-10-21 17:00:00
3954,67526.0,67526.01,67035.04,67335.05,1278.0,2024-10-21 18:00:00
3955,67335.05,67941.17,67335.01,67763.0,1240.19,2024-10-21 19:00:00
3956,67763.99,67818.19,67624.18,67749.99,494.39,2024-10-21 20:00:00
3957,67750.0,67933.79,67688.14,67803.21,389.91,2024-10-21 21:00:00
3958,67803.21,67878.78,67602.84,67781.07,544.89,2024-10-21 22:00:00
3959,67781.07,67781.08,67366.66,67377.5,662.8,2024-10-21 23:00:00
3960,67377.5,67406.5,66571.42,67149.73,2276.06,2024-10-22 00:00:00
3961,67149.73,67538.0,67050.0,67508.29,826.67,2024-10-22 01:00:00
3962,67508.29,67694.92,67269.32,67317.23,876.24,2024-10-22 02:00:00
3963,67317.23,67553.34,67300.55,67390.02,551.26,2024-10-22 03:00:00
3964,67390.01,67493.35,67278.02,67493.34,386.14,2024-10-22 04:00:00
3965,67493.35,67642.23,67452.05,67579.99,605.66,2024-10-22 05:00:00
3966,67579.99,67800.0,67572.0,67572.01,992.83,2024-10-22 06:00:00
3967,67572.0,67696.97,67386.04,67402.0,598.07,2024-10-22 07:00:00
3968,67402.0,67402.14,66900.0,66934.07,1660.36,2024-10-22 08:00:00
3969,66934.08,67127.71,66740.0,66960.02,1798.41,2024-10-22 09:00:00
3970,66960.02,67240.0,66868.53,67184.56,1590.12,2024-10-22 10:00:00
3971,67184.56,67526.67,67166.95,67299.15,904.04,2024-10-22 11:00:00
3972,67299.15,67474.23,66860.0,66984.0,964.62,2024-10-22 12:00:00
3973,66984.0,67175.0,66644.18,66998.21,1827.65,2024-10-22 13:00:00
3974,66998.21,67686.67,66828.0,67559.03,2285.92,2024-10-22 14:00:00
3975,67559.03,67693.34,67105.65,67282.27,1155.4,2024-10-22 15:00:00
3976,67282.27,67282.28,66920.0,66966.07,968.43,2024-10-22 16:00:00
3977,66966.06,67435.0,66946.5,67331.58,952.92,2024-10-22 17:00:00
3978,67331.58,67534.19,67246.79,67385.0,1006.38,2024-10-22 18:00:00
3979,67385.0,67635.72,67343.81,67482.98,701.62,2024-10-22 19:00:00
3980,67482.99,67575.57,67422.12,67532.0,447.59,2024-10-22 20:00:00
3981,67532.0,67550.0,67415.3,67534.85,244.98,2024-10-22 21:00:00
3982,67534.85,67836.01,67491.05,67724.0,618.03,2024-10-22 22:00:00
3983,67724.0,67773.94,67292.0,67426.0,359.58,2024-10-22 23:00:00
3984,67426.01,67472.83,67130.43,67179.13,577.86,2024-10-23 00:00:00
3985,67179.13,67386.94,67179.13,67348.46,393.56,2024-10-23 01:00:00
3986,67348.46,67386.93,67068.28,67096.0,581.37,2024-10-23 02:00:00
3987,67095.99,67180.92,66890.0,67082.1,639.26,2024-10-23 03:00:00
3988,67082.1,67249.84,66999.99,67217.48,515.39,2024-10-23 04:00:00
3989,67217.48,67227.59,67042.44,67087.06,344.92,2024-10-23 05:00:00
3990,67087.06,67302.83,66904.18,66917.55,734.39,2024-10-23 06:00:00
3991,66917.55,67000.77,66800.0,66852.34,610.35,2024-10-23 07:00:00
3992,66852.33,67048.0,66415.62,66530.0,1433.79,2024-10-23 08:00:00
3993,66530.0,66602.35,66200.0,66516.0,1401.02,2024-10-23 09:00:00
3994,66515.99,66643.5,66397.37,66398.19,898.87,2024-10-23 10:00:00
3995,66398.18,66600.0,66276.04,66414.0,944.48,2024-10-23 11:00:00
3996,66414.0,66512.11,66105.0,66416.72,1715.79,2024-10-23 12:00:00
3997,66416.72,66910.15,66340.4,66800.0,1214.47,2024-10-23 13:00:00
3998,66799.99,66878.79,66433.0,66490.0,1221.13,2024-10-23 14:00:00
3999,66489.99,66492.0,65923.01,66223.44,2404.07,2024-10-23 15:00:00
4000,66223.45,66288.0,65801.0,65878.02,1896.32,2024-10-23 16:00:00
4001,65878.02,65989.97,65637.0,65723.32,1676.39,2024-10-23 17:00:00
4002,65723.31,66070.26,65260.0,66057.79,2506.25,2024-10-23 18:00:00
4003,66057.78,66573.58,65872.0,66472.0,1668.72,2024-10-23 19:00:00
4004,66472.0,66680.0,66338.99,66669.0,727.47,2024-10-23 20:00:00
4005,66668.99,66683.34,66362.15,66414.01,372.22,2024-10-23 21:00:00
4006,66414.0,66575.76,66351.58,66472.96,462.36,2024-10-23 22:00:00
4007,66472.95,66807.37,66460.0,66668.65,589.81,2024-10-23 23:00:00
4008,66668.65,67476.11,66510.0,67432.01,1333.57,2024-10-24 00:00:00
4009,67432.0,67612.12,67058.03,67268.17,1439.99,2024-10-24 01:00:00
4010,67268.17,67507.6,67157.09,67459.63,789.12,2024-10-24 02:00:00
4011,67459.63,67474.29,67213.15,67213.16,506.44,2024-10-24 03:00:00
4012,67213.16,67442.33,67210.26,67382.19,546.25,2024-10-24 04:00:00
4013,67382.2,67479.55,67353.14,67364.0,403.43,2024-10-24 05:00:00
4014,67364.01,67475.0,67117.78,67119.99,641.24,2024-10-24 06:00:00
4015,67119.99,67321.16,67068.75,67123.08,577.32,2024-10-24 07:00:00
4016,67123.09,67260.61,66850.0,66852.87,633.55,2024-10-24 08:00:00
4017,66852.88,67005.61,66700.0,66876.0,1136.79,2024-10-24 09:00:00
4018,66875.99,67123.0,66852.04,66999.99,1079.76,2024-10-24 10:00:00
4019,67000.0,67322.26,66989.92,67285.99,777.48,2024-10-24 11:00:00
4020,67286.0,67612.48,67262.0,67517.75,921.95,2024-10-24 12:00:00
4021,67517.76,67998.0,67450.0,67905.99,1900.54,2024-10-24 13:00:00
4022,67906.0,67980.0,67529.18,67786.27,1490.59,2024-10-24 14:00:00
4023,67786.27,67972.0,67600.0,67701.22,1243.6,2024-10-24 15:00:00
4024,67701.21,67793.34,67350.01,67574.14,888.58,2024-10-24 16:00:00
4025,67574.15,67859.5,67460.0,67653.44,789.37,2024-10-24 17:00:00
4026,67653.45,67958.0,67627.5,67832.0,687.8,2024-10-24 18:00:00
4027,67831.99,68323.0,67732.54,68309.79,1652.45,2024-10-24 19:00:00
4028,68309.79,68341.64,67978.04,68196.0,946.04,2024-10-24 20:00:00
4029,68196.0,68850.0,68196.0,68348.01,1198.62,2024-10-24 21:00:00
4030,68348.0,68557.99,68183.78,68183.78,563.33,2024-10-24 22:00:00
4031,68183.78,68264.97,68055.75,68198.28,442.0,2024-10-24 23:00:00
4032,68198.27,68286.56,67903.0,67989.27,603.33,2024-10-25 00:00:00
4033,67989.26,68010.01,67845.01,67969.7,508.34,2024-10-25 01:00:00
4034,67969.7,68080.0,67836.0,68066.99,478.05,2024-10-25 02:00:00
4035,68066.99,68234.34,67989.55,68008.0,513.75,2024-10-25 03:00:00
4036,68007.99,68045.36,67691.44,67744.0,757.85,2024-10-25 04:00:00
4037,67744.01,67875.08,67574.92,67757.21,688.27,2024-10-25 05:00:00
4038,67757.21,67860.0,67596.92,67646.21,555.06,2024-10-25 06:00:00
4039,67646.21,67727.3,67250.0,67531.97,1238.06,2024-10-25 07:00:00
4040,67531.96,67757.58,67286.28,67658.5,931.53,2024-10-25 08:00:00
4041,67658.49,67878.0,67524.91,67837.28,1010.31,2024-10-25 09:00:00
4042,67837.29,67878.76,67678.0,67855.23,456.56,2024-10-25 10:00:00
4043,67855.23,68183.78,67801.21,68105.79,1034.2,2024-10-25 11:00:00
4044,68105.79,68294.92,67959.68,68061.9,658.31,2024-10-25 12:00:00
4045,68061.89,68427.62,67737.61,68334.0,1218.6,2024-10-25 13:00:00
4046,68334.01,68771.49,68140.0,68311.31,2041.27,2024-10-25 14:00:00
4047,68311.3,68543.3,67429.87,67690.01,2145.61,2024-10-25 15:00:00
4048,67690.01,67890.52,67355.0,67670.0,1661.4,2024-10-25 16:00:00
4049,67669.99,67814.0,66770.7,66836.01,2503.52,2024-10-25 17:00:00
4050,66836.0,67585.87,66006.6,67026.61,6126.68,2024-10-25 18:00:00
4051,67026.62,67237.01,66618.58,66850.0,2527.97,2024-10-25 19:00:00
4052,66849.99,67034.36,66620.38,66937.99,1056.82,2024-10-25 20:00:00
4053,66938.0,67297.9,66938.0,67297.9,482.54,2024-10-25 21:00:00
4054,67297.89,67392.52,66618.01,66626.42,660.45,2024-10-25 22:00:00
4055,66626.43,66800.0,65596.29,66698.33,4621.22,2024-10-25 23:00:00
4056,66698.32,66859.76,66546.67,66736.0,1351.31,2024-10-26 00:00:00
4057,66736.0,66816.0,66543.46,66711.99,750.17,2024-10-26 01:00:00
4058,66711.99,67050.2,66439.9,66847.18,1008.27,2024-10-26 02:00:00
4059,66847.19,66988.0,66700.0,66914.0,575.25,2024-10-26 03:00:00
4060,66914.0,66994.31,66784.26,66948.07,396.35,2024-10-26 04:00:00
4061,66948.06,67223.92,66944.0,67132.0,545.65,2024-10-26 05:00:00
4062,67131.99,67240.02,67047.54,67170.03,336.92,2024-10-26 06:00:00
4063,67170.03,67186.0,66995.61,67007.99,349.95,2024-10-26 07:00:00
4064,67007.99,67175.31,66997.52,67134.65,218.43,2024-10-26 08:00:00
4065,67134.65,67264.34,67054.75,67054.75,343.51,2024-10-26 09:00:00
4066,67054.76,67177.38,66994.31,67053.96,434.19,2024-10-26 10:00:00
4067,67053.95,67162.81,66953.02,67138.0,495.74,2024-10-26 11:00:00
4068,67138.0,67180.0,67006.47,67034.11,279.6,2024-10-26 12:00:00
4069,67034.12,67118.0,66867.96,66894.0,987.3,2024-10-26 13:00:00
4070,66894.0,66953.28,66744.0,66797.99,703.64,2024-10-26 14:00:00
4071,66797.99,67010.0,66762.57,66886.49,640.24,2024-10-26 15:00:00
4072,66886.49,67053.61,66788.0,66979.99,625.33,2024-10-26 16:00:00
4073,66980.0,67140.0,66970.0,67062.0,272.94,2024-10-26 17:00:00
4074,67062.01,67143.64,67027.14,67042.0,202.36,2024-10-26 18:00:00
4075,67042.0,67181.82,67042.0,67177.99,217.67,2024-10-26 19:00:00
4076,67178.0,67454.55,67144.0,67265.46,470.55,2024-10-26 20:00:00
4077,67265.46,67272.0,67103.45,67176.82,264.94,2024-10-26 21:00:00
4078,67176.82,67235.69,67106.43,67132.0,179.61,2024-10-26 22:00:00
4079,67132.0,67149.53,67084.0,67092.76,192.98,2024-10-26 23:00:00
4080,67092.76,67118.12,66974.0,67014.85,210.48,2024-10-27 00:00:00
4081,67014.85,67127.49,66913.73,67074.94,281.57,2024-10-27 01:00:00
4082,67074.94,67116.44,67024.32,67054.0,143.15,2024-10-27 02:00:00
4083,67054.0,67325.46,67000.0,67289.57,350.84,2024-10-27 03:00:00
4084,67289.57,67317.78,67120.0,67160.0,182.16,2024-10-27 04:00:00
4085,67160.0,67213.99,67149.79,67181.82,217.69,2024-10-27 05:00:00
4086,67181.81,67186.0,67128.0,67186.0,110.33,2024-10-27 06:00:00
4087,67186.0,67230.67,67184.94,67204.01,158.78,2024-10-27 07:00:00
4088,67204.0,67266.49,67168.5,67226.0,205.48,2024-10-27 08:00:00
4089,67226.0,67226.0,67101.04,67149.45,309.31,2024-10-27 09:00:00
4090,67149.44,67194.0,67072.64,67088.0,279.45,2024-10-27 10:00:00
4091,67088.0,67185.03,67036.85,67128.04,295.2,2024-10-27 11:00:00
4092,67128.03,67500.0,67121.45,67400.0,568.2,2024-10-27 12:00:00
4093,67399.99,67776.99,67396.0,67616.0,702.21,2024-10-27 13:00:00
4094,67616.0,67750.0,67608.0,67695.99,354.2,2024-10-27 14:00:00
4095,67696.0,67858.0,67693.72,67791.99,436.88,2024-10-27 15:00:00
4096,67792.0,67878.79,67662.0,67828.0,421.73,2024-10-27 16:00:00
4097,67828.0,68000.0,67722.56,67759.7,559.96,2024-10-27 17:00:00
4098,67759.7,67771.51,67540.88,67560.0,381.73,2024-10-27 18:00:00
4099,67560.0,67850.0,67554.0,67850.0,273.27,2024-10-27 19:00:00
4100,67850.0,67921.26,67688.09,67762.01,281.51,2024-10-27 20:00:00
4101,67762.0,68195.11,67740.1,67930.01,545.92,2024-10-27 21:00:00
4102,67930.02,68332.05,67930.02,68124.0,969.57,2024-10-27 22:00:00
4103,68124.0,68290.0,67988.0,68021.7,413.61,2024-10-27 23:00:00
4104,68021.69,68116.78,67839.9,67859.91,555.36,2024-10-28 00:00:00
4105,67859.9,67907.2,67740.11,67751.89,304.91,2024-10-28 01:00:00
4106,67751.89,67860.0,67677.77,67803.99,438.33,2024-10-28 02:00:00
4107,67804.0,67991.28,67700.51,67727.59,449.92,2024-10-28 03:00:00
4108,67727.59,67800.0,67636.44,67744.29,490.57,2024-10-28 04:00:00
4109,67744.3,67964.1,67618.0,67909.85,354.12,2024-10-28 05:00:00
4110,67909.85,67959.15,67800.0,67959.15,467.51,2024-10-28 06:00:00
4111,67959.15,68680.0,67959.15,68415.52,1916.25,2024-10-28 07:00:00
4112,68415.52,68596.0,68328.0,68328.0,660.79,2024-10-28 08:00:00
4113,68328.0,68614.09,68238.81,68574.0,636.96,2024-10-28 09:00:00
4114,68573.99,68833.57,68548.0,68625.87,785.05,2024-10-28 10:00:00
4115,68625.86,68768.57,68490.0,68753.78,586.06,2024-10-28 11:00:00
4116,68753.78,69063.62,68590.0,68908.01,1872.44,2024-10-28 12:00:00
4117,68908.0,69280.0,68777.0,68819.99,2492.62,2024-10-28 13:00:00
4118,68820.0,69100.0,68688.0,68840.0,1777.85,2024-10-28 14:00:00
4119,68840.0,68853.27,68426.67,68494.2,1476.62,2024-10-28 15:00:00
4120,68494.2,68980.0,68452.54,68709.27,1074.24,2024-10-28 16:00:00
4121,68709.27,69208.43,68513.1,68984.0,1538.04,2024-10-28 17:00:00
4122,68984.0,69240.0,68846.0,69212.12,995.6,2024-10-28 18:00:00
4123,69212.12,69900.0,69150.01,69629.98,4352.02,2024-10-28 19:00:00
4124,69629.99,69719.59,69427.79,69644.56,838.75,2024-10-28 20:00:00
4125,69644.57,69797.99,69518.35,69791.0,637.09,2024-10-28 21:00:00
4126,69791.0,70270.0,69791.0,69961.65,3417.36,2024-10-28 22:00:00
4127,69961.64,70145.5,69733.3,69962.21,928.3,2024-10-28 23:00:00
4128,69962.21,70010.0,69760.0,69960.88,654.61,2024-10-29 00:00:00
4129,69960.89,70387.97,69840.24,70310.58,1101.99,2024-10-29 01:00:00
4130,70310.58,71587.88,70221.11,71190.05,5855.97,2024-10-29 02:00:00
4131,71190.05,71430.96,70885.02,70938.14,1648.12,2024-10-29 03:00:00
4132,70938.15,71139.22,70926.73,71088.01,1128.17,2024-10-29 04:00:00
4133,71088.0,71110.4,70886.59,71039.99,1131.78,2024-10-29 05:00:00
4134,71039.99,71370.0,71006.0,71248.45,1502.78,2024-10-29 06:00:00
4135,71248.46,71267.08,70837.83,71017.97,1627.99,2024-10-29 07:00:00
4136,71017.96,71219.72,70974.0,71134.01,881.19,2024-10-29 08:00:00
4137,71134.0,71344.0,71114.68,71301.42,968.22,2024-10-29 09:00:00
4138,71301.42,71344.0,71078.67,71171.32,827.37,2024-10-29 10:00:00
4139,71171.32,71578.95,71150.01,71452.01,1657.04,2024-10-29 11:00:00
4140,71452.02,71500.0,71102.02,71108.01,1144.0,2024-10-29 12:00:00
4141,71108.0,71825.75,70929.0,71804.0,2434.69,2024-10-29 13:00:00
4142,71803.99,71983.0,71327.67,71867.09,3600.0,2024-10-29 14:00:00
4143,71867.1,72429.99,71654.01,72402.01,4331.32,2024-10-29 15:00:00
4144,72402.0,72923.74,72350.7,72739.44,4607.25,2024-10-29 16:00:00
4145,72739.43,72990.0,72529.58,72721.5,2664.91,2024-10-29 17:00:00
4146,72721.49,73250.0,72666.32,73170.01,2532.22,2024-10-29 18:00:00
4147,73170.0,73620.12,72504.03,72536.16,4571.61,2024-10-29 19:00:00
4148,72536.38,72670.47,71864.65,72336.22,2515.06,2024-10-29 20:00:00
4149,72336.22,72612.27,72221.28,72289.98,749.14,2024-10-29 21:00:00
4150,72289.97,72978.9,72192.03,72660.0,1029.06,2024-10-29 22:00:00
4151,72659.99,72808.77,72516.56,72736.42,964.11,2024-10-29 23:00:00
4152,72736.41,72785.72,72113.78,72289.99,991.64,2024-10-30 00:00:00
4153,72289.99,72415.36,72000.01,72415.36,865.91,2024-10-30 01:00:00
4154,72415.36,72634.5,72330.0,72342.99,791.26,2024-10-30 02:00:00
4155,72342.99,72482.12,72171.47,72234.0,904.95,2024-10-30 03:00:00
4156,72234.0,72350.0,72187.55,72282.0,607.32,2024-10-30 04:00:00
4157,72281.99,72513.03,72268.0,72498.0,1032.61,2024-10-30 05:00:00
4158,72498.0,72610.0,72306.31,72306.31,781.28,2024-10-30 06:00:00
4159,72306.32,72445.63,72100.0,72227.99,644.66,2024-10-30 07:00:00
4160,72227.99,72542.2,72211.59,72241.35,766.37,2024-10-30 08:00:00
4161,72241.35,72588.0,72224.31,72576.01,669.47,2024-10-30 09:00:00
4162,72576.02,72604.97,72369.0,72378.02,806.78,2024-10-30 10:00:00
4163,72378.02,72378.02,71926.82,71983.99,1006.61,2024-10-30 11:00:00
4164,71984.0,72140.34,71750.04,71862.17,1946.32,2024-10-30 12:00:00
4165,71862.17,72100.0,71436.0,71966.0,2218.01,2024-10-30 13:00:00
4166,71966.0,72470.0,71932.0,72411.79,2024.37,2024-10-30 14:00:00
4167,72411.79,72440.0,71693.94,72061.34,1598.11,2024-10-30 15:00:00
4168,72061.34,72197.5,71800.0,72110.86,1098.11,2024-10-30 16:00:00
4169,72110.86,72126.0,71641.77,71894.72,699.55,2024-10-30 17:00:00
4170,71894.73,72150.0,71851.57,71974.75,699.0,2024-10-30 18:00:00
4171,71974.74,72060.0,71783.19,71822.01,805.16,2024-10-30 19:00:00
4172,71822.01,72857.15,71644.19,72857.14,3307.51,2024-10-30 20:00:00
4173,72857.14,72961.0,72112.7,72388.1,1305.52,2024-10-30 21:00:00
4174,72388.1,72675.53,72252.0,72397.4,706.7,2024-10-30 22:00:00
4175,72397.4,72700.0,72343.98,72344.74,608.77,2024-10-30 23:00:00
4176,72344.75,72413.99,72052.98,72165.99,1010.25,2024-10-31 00:00:00
4177,72165.99,72455.49,72030.08,72370.0,634.01,2024-10-31 01:00:00
4178,72370.01,72588.0,72189.0,72553.01,728.1,2024-10-31 02:00:00
4179,72553.01,72599.99,72293.01,72353.74,583.47,2024-10-31 03:00:00
4180,72353.75,72380.91,72224.38,72273.99,532.76,2024-10-31 04:00:00
4181,72273.99,72384.17,72207.85,72282.0,464.23,2024-10-31 05:00:00
4182,72282.01,72320.64,72152.0,72212.12,669.04,2024-10-31 06:00:00
4183,72212.13,72478.0,72150.0,72417.19,634.53,2024-10-31 07:00:00
4184,72417.19,72452.0,72149.79,72276.05,672.14,2024-10-31 08:00:00
4185,72276.06,72397.78,72253.55,72304.7,542.02,2024-10-31 09:00:00
4186,72304.7,72700.0,72222.77,72639.27,931.04,2024-10-31 10:00:00
4187,72639.28,72660.0,72222.0,72226.0,984.03,2024-10-31 11:00:00
4188,72226.0,72276.0,71966.0,72114.0,1326.92,2024-10-31 12:00:00
4189,72114.0,72178.6,71110.0,71308.0,2477.48,2024-10-31 13:00:00
4190,71308.0,71386.0,70624.01,70752.02,3934.51,2024-10-31 14:00:00
4191,70752.01,71060.0,70431.77,70620.0,2652.45,2024-10-31 15:00:00
4192,70620.01,70949.51,70355.93,70403.58,2149.23,2024-10-31 16:00:00
4193,70403.59,70803.12,70359.0,70785.28,1208.41,2024-10-31 17:00:00
4194,70785.28,70787.88,70106.2,70633.67,1423.95,2024-10-31 18:00:00
4195,70633.67,70750.0,70036.0,70092.07,1205.92,2024-10-31 19:00:00
4196,70092.07,70299.44,69685.76,70026.73,2110.54,2024-10-31 20:00:00
4197,70026.74,70541.52,69856.04,70442.39,924.5,2024-10-31 21:00:00
4198,70442.39,70543.98,70174.09,70480.0,702.79,2024-10-31 22:00:00
4199,70479.99,70654.76,70292.0,70292.01,849.78,2024-10-31 23:00:00
4200,70292.01,70470.0,70146.8,70173.73,840.45,2024-11-01 00:00:00
4201,70173.72,70360.0,69313.74,69402.01,2171.71,2024-11-01 01:00:00
4202,69402.0,69600.0,68830.0,69579.89,2802.1,2024-11-01 02:00:00
4203,69579.89,69714.45,69334.0,69369.99,921.81,2024-11-01 03:00:00
4204,69369.99,69623.99,69342.01,69592.0,670.41,2024-11-01 04:00:00
4205,69592.0,69670.9,69526.0,69609.29,441.9,2024-11-01 05:00:00
4206,69609.28,69699.14,69212.12,69212.13,1307.32,2024-11-01 06:00:00
4207,69212.13,69420.13,69080.0,69273.7,1420.5,2024-11-01 07:00:00
4208,69273.7,69538.0,69237.26,69376.1,882.42,2024-11-01 08:00:00
4209,69376.1,69588.0,69324.0,69534.9,486.1,2024-11-01 09:00:00
4210,69534.9,70156.0,69524.28,69989.65,1759.87,2024-11-01 10:00:00
4211,69989.64,70228.0,69987.77,70002.01,1130.24,2024-11-01 11:00:00
4212,70002.01,70467.65,69897.02,70354.87,1876.82,2024-11-01 12:00:00
4213,70354.86,71220.0,70142.0,71200.44,2985.26,2024-11-01 13:00:00
4214,71200.43,71632.95,70912.6,71271.17,3312.25,2024-11-01 14:00:00
4215,71271.17,71360.0,69044.0,69387.77,4408.93,2024-11-01 15:00:00
4216,69387.78,70515.16,69352.0,69920.73,2872.62,2024-11-01 16:00:00
4217,69920.72,70181.83,69475.0,69586.01,2260.12,2024-11-01 17:00:00
4218,69586.01,69636.37,69066.07,69151.66,1455.46,2024-11-01 18:00:00
4219,69151.66,69454.0,68820.14,69268.0,2134.07,2024-11-01 19:00:00
4220,69268.0,69460.0,69168.6,69248.95,722.65,2024-11-01 20:00:00
4221,69248.95,69358.77,68854.5,69263.99,702.32,2024-11-01 21:00:00
4222,69264.0,69455.95,69234.0,69440.01,381.97,2024-11-01 22:00:00
4223,69440.01,69627.0,69364.0,69496.01,354.57,2024-11-01 23:00:00
4224,69496.0,69675.92,69479.91,69665.99,598.8,2024-11-02 00:00:00
4225,69665.99,69696.97,69506.72,69668.1,366.29,2024-11-02 01:00:00
4226,69668.1,69914.37,69655.47,69661.96,612.7,2024-11-02 02:00:00
4227,69661.95,69787.74,69563.22,69599.99,311.2,2024-11-02 03:00:00
4228,69599.99,69627.9,69468.05,69568.0,320.14,2024-11-02 04:00:00
4229,69568.0,69727.28,69446.0,69710.0,291.01,2024-11-02 05:00:00
4230,69709.99,69748.16,69576.32,69744.86,275.28,2024-11-02 06:00:00
4231,69744.86,69823.94,69682.0,69813.91,411.72,2024-11-02 07:00:00
4232,69813.91,69838.62,69580.81,69630.95,301.05,2024-11-02 08:00:00
4233,69630.95,69670.0,69510.91,69558.86,348.42,2024-11-02 09:00:00
4234,69558.86,69628.0,69417.88,69623.63,359.12,2024-11-02 10:00:00
4235,69623.63,69701.68,69576.0,69608.0,271.01,2024-11-02 11:00:00
4236,69608.0,69680.0,69390.09,69459.05,484.75,2024-11-02 12:00:00
4237,69459.05,69711.59,69358.87,69365.99,916.03,2024-11-02 13:00:00
4238,69366.0,69437.85,69000.14,69263.48,1275.87,2024-11-02 14:00:00
4239,69263.49,69450.01,69139.9,69393.17,688.48,2024-11-02 15:00:00
4240,69393.18,69616.0,69321.99,69587.98,509.52,2024-11-02 16:00:00
4241,69587.98,69600.0,69340.0,69401.99,407.61,2024-11-02 17:00:00
4242,69401.99,69481.48,69215.0,69422.93,370.19,2024-11-02 18:00:00
4243,69422.94,69562.0,69384.0,69510.0,266.2,2024-11-02 19:00:00
4244,69510.0,69571.99,69462.29,69540.0,193.45,2024-11-02 20:00:00
4245,69539.99,69560.0,69442.0,69442.0,139.6,2024-11-02 21:00:00
4246,69442.01,69550.68,69363.08,69434.0,212.73,2024-11-02 22:00:00
4247,69434.0,69446.0,69149.0,69374.74,590.51,2024-11-02 23:00:00
4248,69374.74,69391.0,69159.76,69159.76,464.82,2024-11-03 00:00:00
4249,69159.77,69225.03,69000.21,69010.13,876.37,2024-11-03 01:00:00
4250,69010.14,69028.72,67864.16,68214.91,3555.87,2024-11-03 02:00:00
4251,68214.91,68454.55,68018.79,68379.89,949.35,2024-11-03 03:00:00
4252,68379.9,68696.97,68303.99,68592.01,650.52,2024-11-03 04:00:00
4253,68592.0,68693.99,68428.54,68432.0,438.35,2024-11-03 05:00:00
4254,68432.0,68771.58,68400.0,68569.99,421.9,2024-11-03 06:00:00
4255,68570.0,68703.68,68379.9,68397.42,450.88,2024-11-03 07:00:00
4256,68397.42,68603.58,68299.62,68480.01,714.31,2024-11-03 08:00:00
4257,68480.01,68527.78,68200.01,68242.43,552.7,2024-11-03 09:00:00
4258,68242.43,68571.94,68242.42,68441.99,734.03,2024-11-03 10:00:00
4259,68442.0,68589.5,68316.52,68358.86,459.76,2024-11-03 11:00:00
4260,68358.86,68560.0,68269.7,68486.05,553.73,2024-11-03 12:00:00
4261,68486.04,68504.92,67972.0,68048.13,1341.51,2024-11-03 13:00:00
4262,68048.13,68187.5,67588.61,67777.0,2264.76,2024-11-03 14:00:00
4263,67776.99,68222.0,67478.73,68090.9,1882.78,2024-11-03 15:00:00
4264,68090.91,68547.98,68054.0,68152.01,2124.01,2024-11-03 16:00:00
4265,68152.0,68482.0,68132.16,68359.98,734.6,2024-11-03 17:00:00
4266,68359.98,68446.0,67667.21,68018.0,1154.16,2024-11-03 18:00:00
4267,68018.0,68693.81,68000.0,68679.0,798.46,2024-11-03 19:00:00
4268,68679.0,68979.76,68499.9,68970.07,1066.33,2024-11-03 20:00:00
4269,68970.06,69358.0,68966.65,69145.35,1294.61,2024-11-03 21:00:00
4270,69145.35,69301.0,68784.1,68880.01,560.08,2024-11-03 22:00:00
4271,68880.0,68915.0,68492.82,68775.99,951.82,2024-11-03 23:00:00
4272,68775.99,68775.99,68240.61,68712.0,861.94,2024-11-04 00:00:00
4273,68712.0,69037.03,68568.0,68970.01,972.76,2024-11-04 01:00:00
4274,68970.0,69338.58,68882.0,69305.56,932.18,2024-11-04 02:00:00
4275,69305.55,69500.0,69004.0,69047.86,764.95,2024-11-04 03:00:00
4276,69047.86,69401.55,69047.85,69150.31,561.19,2024-11-04 04:00:00
4277,69150.3,69177.37,68699.9,68820.01,717.81,2024-11-04 05:00:00
4278,68820.01,69170.01,68820.0,69126.18,720.62,2024-11-04 06:00:00
4279,69126.18,69175.97,68618.0,68618.0,753.64,2024-11-04 07:00:00
4280,68618.0,68755.24,68470.0,68699.99,805.3,2024-11-04 08:00:00
4281,68699.98,68924.0,68480.01,68640.83,840.07,2024-11-04 09:00:00
4282,68640.83,68921.28,68602.0,68834.05,772.28,2024-11-04 10:00:00
4283,68834.04,69036.0,68700.0,68792.71,644.04,2024-11-04 11:00:00
4284,68792.72,69019.16,68739.9,68978.2,794.13,2024-11-04 12:00:00
4285,68978.19,69264.52,68650.0,68662.39,1434.9,2024-11-04 13:00:00
4286,68662.39,68722.0,68202.99,68394.01,2513.65,2024-11-04 14:00:00
4287,68394.01,68758.0,68234.0,68646.01,1760.22,2024-11-04 15:00:00
4288,68646.01,68814.32,67613.91,67756.0,2633.48,2024-11-04 16:00:00
4289,67756.0,67934.39,67251.5,67830.0,2315.77,2024-11-04 17:00:00
4290,67830.0,68098.05,67535.96,67651.81,1126.91,2024-11-04 18:00:00
4291,67651.81,68100.0,67642.07,67856.0,946.45,2024-11-04 19:00:00
4292,67856.01,67856.01,67316.0,67348.0,1313.59,2024-11-04 20:00:00
4293,67347.99,67622.0,66835.0,67120.57,2909.12,2024-11-04 21:00:00
4294,67120.56,68106.07,67059.9,67920.01,1854.74,2024-11-04 22:00:00
4295,67920.0,68030.0,67639.9,67850.01,850.68,2024-11-04 23:00:00
4296,67850.01,68180.0,67788.0,68030.0,1005.35,2024-11-05 00:00:00
4297,68030.0,68097.07,67476.63,67997.31,1419.81,2024-11-05 01:00:00
4298,67997.32,68075.48,67830.0,67880.77,561.13,2024-11-05 02:00:00
4299,67880.78,68255.0,67880.0,68243.0,645.01,2024-11-05 03:00:00
4300,68243.01,68500.0,68218.51,68323.01,779.42,2024-11-05 04:00:00
4301,68323.0,68796.88,68300.0,68741.5,926.42,2024-11-05 05:00:00
4302,68741.5,68803.04,68565.99,68779.9,765.15,2024-11-05 06:00:00
4303,68779.91,68976.0,68570.24,68893.99,1056.69,2024-11-05 07:00:00
4304,68894.0,69050.0,68786.0,69038.01,814.6,2024-11-05 08:00:00
4305,69038.0,69100.0,68741.36,68776.49,1051.96,2024-11-05 09:00:00
4306,68776.49,68855.5,68615.11,68764.29,677.28,2024-11-05 10:00:00
4307,68764.29,68964.0,68758.47,68810.03,561.3,2024-11-05 11:00:00
4308,68810.03,68948.0,68666.0,68865.09,746.12,2024-11-05 12:00:00
4309,68865.09,68914.02,68671.98,68820.0,768.66,2024-11-05 13:00:00
4310,68820.01,70325.06,68766.03,69964.0,4586.85,2024-11-05 14:00:00
4311,69964.01,70071.43,69216.5,69639.99,3172.2,2024-11-05 15:00:00
4312,69640.0,70577.91,69530.0,70191.98,2763.73,2024-11-05 16:00:00
4313,70191.98,70468.35,69890.0,69949.66,1673.51,2024-11-05 17:00:00
4314,69949.65,70260.0,69739.9,70229.99,1261.94,2024-11-05 18:00:00
4315,70229.99,70267.95,68732.77,68995.99,2552.71,2024-11-05 19:00:00
4316,68995.99,69663.01,68786.91,69445.99,2494.2,2024-11-05 20:00:00
4317,69446.0,69620.0,69085.26,69160.0,963.21,2024-11-05 21:00:00
4318,69160.0,69600.0,68888.88,69594.0,1070.15,2024-11-05 22:00:00
4319,69594.01,69898.02,69294.99,69372.01,1037.67,2024-11-05 23:00:00
4320,69372.01,71455.0,69298.0,71096.04,4435.56,2024-11-06 00:00:00
4321,71096.03,71412.03,70606.0,71128.81,4226.53,2024-11-06 01:00:00
4322,71128.81,73287.21,70950.22,73077.05,7183.7,2024-11-06 02:00:00
4323,73077.05,75000.0,73070.05,74348.53,13585.41,2024-11-06 03:00:00
4324,74348.53,74966.7,73912.0,74261.07,6021.95,2024-11-06 04:00:00
4325,74261.06,74850.0,73638.97,74768.38,4917.02,2024-11-06 05:00:00
4326,74768.38,75407.1,74200.01,74252.57,7948.7,2024-11-06 06:00:00
4327,74252.56,74659.99,72727.0,73370.89,7177.23,2024-11-06 07:00:00
4328,73370.89,73539.53,72656.31,73456.04,5507.1,2024-11-06 08:00:00
4329,73456.05,74083.01,73456.04,73756.34,3452.57,2024-11-06 09:00:00
4330,73756.35,73944.27,73314.85,73830.01,2489.42,2024-11-06 10:00:00
4331,73830.01,74475.47,73657.27,74272.01,2541.3,2024-11-06 11:00:00
4332,74272.0,74757.58,74166.21,74171.47,2353.67,2024-11-06 12:00:00
4333,74171.48,74271.99,73585.78,73987.05,2265.59,2024-11-06 13:00:00
4334,73987.06,74736.03,73488.0,73640.0,5206.2,2024-11-06 14:00:00
4335,73639.99,74499.0,73514.0,74298.0,4154.59,2024-11-06 15:00:00
4336,74297.99,74566.99,74150.0,74333.99,2437.22,2024-11-06 16:00:00
4337,74333.99,74666.0,74151.52,74452.01,1976.24,2024-11-06 17:00:00
4338,74452.0,75230.0,74404.57,75229.99,3088.91,2024-11-06 18:00:00
4339,75229.99,75850.0,75037.87,75823.55,3998.02,2024-11-06 19:00:00
4340,75823.55,76400.0,75507.1,76101.99,4735.95,2024-11-06 20:00:00
4341,76101.98,76170.13,75658.2,75890.0,2060.41,2024-11-06 21:00:00
4342,75890.0,76035.5,75519.94,75638.49,1348.02,2024-11-06 22:00:00
4343,75638.5,75837.47,75552.78,75571.99,1015.7,2024-11-06 23:00:00
4344,75571.99,75643.64,75050.0,75349.08,1516.93,2024-11-07 00:00:00
4345,75349.07,76022.79,75228.0,75386.0,2770.58,2024-11-07 01:00:00
4346,75386.0,75458.0,75141.51,75276.01,1461.71,2024-11-07 02:00:00
4347,75276.01,75392.67,75003.83,75048.01,1421.03,2024-11-07 03:00:00
4348,75048.01,75048.01,74611.5,74707.34,2079.79,2024-11-07 04:00:00
4349,74707.34,74889.5,74670.0,74755.49,891.78,2024-11-07 05:00:00
4350,74755.49,74831.07,74416.0,74768.27,1407.37,2024-11-07 06:00:00
4351,74768.28,74964.87,74673.67,74757.58,1056.17,2024-11-07 07:00:00
4352,74757.58,75150.0,74649.54,75150.0,1308.84,2024-11-07 08:00:00
4353,75149.99,75150.11,74809.63,74916.76,698.94,2024-11-07 09:00:00
4354,74916.76,75040.0,74766.0,75031.2,919.92,2024-11-07 10:00:00
4355,75031.2,75043.5,74691.74,74746.0,838.72,2024-11-07 11:00:00
4356,74745.99,75118.0,74726.0,74991.88,662.91,2024-11-07 12:00:00
4357,74991.88,75038.0,74601.63,74672.53,918.65,2024-11-07 13:00:00
4358,74672.54,75000.0,74512.19,74822.0,2268.51,2024-11-07 14:00:00
4359,74822.0,76059.69,74675.05,76059.69,3749.88,2024-11-07 15:00:00
4360,76059.68,76200.0,75555.17,75893.99,3155.37,2024-11-07 16:00:00
4361,75893.98,76466.48,75739.9,76257.89,3177.2,2024-11-07 17:00:00
4362,76257.9,76718.99,75671.09,76604.01,4375.3,2024-11-07 18:00:00
4363,76604.0,76612.0,75906.56,76530.39,3142.41,2024-11-07 19:00:00
4364,76530.4,76849.99,76268.52,76431.48,3091.91,2024-11-07 20:00:00
4365,76431.49,76572.0,75860.0,75876.49,1454.74,2024-11-07 21:00:00
4366,75876.49,75984.0,75494.0,75872.0,1284.07,2024-11-07 22:00:00
4367,75872.0,76079.8,75700.0,75857.89,1216.68,2024-11-07 23:00:00
4368,75857.89,76358.0,75844.99,76005.25,1567.31,2024-11-08 00:00:00
4369,76005.24,76329.63,75832.14,75983.91,1139.44,2024-11-08 01:00:00
4370,75983.91,76020.0,75652.65,75711.14,709.2,2024-11-08 02:00:00
4371,75711.15,75890.8,75555.0,75890.79,1000.64,2024-11-08 03:00:00
4372,75890.79,76026.0,75808.04,75832.14,693.63,2024-11-08 04:00:00
4373,75832.13,76139.83,75800.0,75975.32,1058.3,2024-11-08 05:00:00
4374,75975.32,76012.82,75830.0,75876.0,596.39,2024-11-08 06:00:00
4375,75876.0,76220.0,75686.0,76148.49,2653.04,2024-11-08 07:00:00
4376,76148.49,76164.0,75760.0,75802.0,1075.3,2024-11-08 08:00:00
4377,75802.0,76073.78,75777.16,75947.69,771.79,2024-11-08 09:00:00
4378,75947.68,76320.0,75780.7,76229.98,768.16,2024-11-08 10:00:00
4379,76229.97,76284.6,75924.0,75934.46,705.99,2024-11-08 11:00:00
4380,75934.47,76172.0,75934.46,76067.55,799.13,2024-11-08 12:00:00
4381,76067.56,76279.71,75846.09,76268.13,1261.45,2024-11-08 13:00:00
4382,76268.13,76309.13,75630.76,75752.0,3024.76,2024-11-08 14:00:00
4383,75752.01,76584.6,75636.36,76427.72,4176.03,2024-11-08 15:00:00
4384,76427.72,76514.99,75834.0,75919.3,2102.03,2024-11-08 16:00:00
4385,75919.3,76522.0,75822.07,76385.99,1917.73,2024-11-08 17:00:00
4386,76386.0,76999.0,76342.0,76812.0,2615.87,2024-11-08 18:00:00
4387,76812.0,77199.99,76699.05,76912.58,2811.24,2024-11-08 19:00:00
4388,76912.58,77097.0,76414.63,76591.33,2711.01,2024-11-08 20:00:00
4389,76591.33,76695.99,76379.36,76483.09,1104.62,2024-11-08 21:00:00
4390,76483.08,76622.7,76303.03,76369.12,670.15,2024-11-08 22:00:00
4391,76369.13,76530.03,76300.23,76509.78,587.9,2024-11-08 23:00:00
4392,76509.78,76639.84,76363.63,76430.0,810.04,2024-11-09 00:00:00
4393,76430.0,76541.65,76256.0,76310.0,583.19,2024-11-09 01:00:00
4394,76310.0,76430.44,76136.0,76422.98,669.82,2024-11-09 02:00:00
4395,76422.97,76440.0,76240.08,76341.47,435.25,2024-11-09 03:00:00
4396,76341.47,76406.12,76294.0,76377.99,329.63,2024-11-09 04:00:00
4397,76377.99,76657.13,76358.6,76552.0,786.14,2024-11-09 05:00:00
4398,76552.0,76795.69,76408.01,76510.0,1049.88,2024-11-09 06:00:00
4399,76510.01,76529.08,76354.0,76529.08,659.24,2024-11-09 07:00:00
4400,76529.07,76735.59,76436.0,76539.99,538.8,2024-11-09 08:00:00
4401,76539.99,76636.37,76506.9,76554.0,522.33,2024-11-09 09:00:00
4402,76554.0,76620.0,76415.89,76468.01,520.42,2024-11-09 10:00:00
4403,76468.01,76511.78,76358.91,76487.11,375.1,2024-11-09 11:00:00
4404,76487.11,76541.53,76280.0,76280.27,619.23,2024-11-09 12:00:00
4405,76280.26,76495.77,76280.26,76426.39,881.69,2024-11-09 13:00:00
4406,76426.4,76440.82,76272.72,76355.61,656.57,2024-11-09 14:00:00
4407,76355.61,76416.52,76300.0,76319.9,418.84,2024-11-09 15:00:00
4408,76319.91,76324.84,76058.0,76087.18,1200.71,2024-11-09 16:00:00
4409,76087.19,76238.77,75714.66,76238.77,978.18,2024-11-09 17:00:00
4410,76238.77,76387.19,76198.0,76356.53,530.21,2024-11-09 18:00:00
4411,76356.53,76700.0,76116.0,76204.92,1249.58,2024-11-09 19:00:00
4412,76204.91,76360.0,76179.0,76294.0,334.34,2024-11-09 20:00:00
4413,76293.99,76486.0,76227.52,76451.6,408.63,2024-11-09 21:00:00
4414,76451.61,76606.34,76365.25,76519.9,610.63,2024-11-09 22:00:00
4415,76519.9,76900.0,76474.0,76677.46,1773.63,2024-11-09 23:00:00
4416,76677.46,77100.0,76492.0,76884.01,1848.55,2024-11-10 00:00:00
4417,76884.01,76964.0,76679.36,76702.31,853.1,2024-11-10 01:00:00
4418,76702.31,77498.0,76661.4,77033.99,2512.98,2024-11-10 02:00:00
4419,77033.99,77426.68,76985.43,77205.96,1022.84,2024-11-10 03:00:00
4420,77205.97,79323.74,77138.0,79122.02,5557.68,2024-11-10 04:00:00
4421,79122.02,79788.96,78803.38,79064.16,6049.42,2024-11-10 05:00:00
4422,79064.16,79249.97,78612.0,78903.42,2379.85,2024-11-10 06:00:00
4423,78903.42,79148.94,78743.98,78832.37,1574.77,2024-11-10 07:00:00
4424,78832.36,79137.83,78832.36,79130.1,1049.79,2024-11-10 08:00:00
4425,79130.09,79494.67,79122.0,79368.0,1290.33,2024-11-10 09:00:00
4426,79367.99,79769.88,79280.0,79540.74,1738.34,2024-11-10 10:00:00
4427,79540.75,80040.0,79540.74,79844.01,3281.1,2024-11-10 11:00:00
4428,79844.0,80080.0,79268.15,79654.0,3270.28,2024-11-10 12:00:00
4429,79654.0,79899.9,79540.0,79728.01,1458.86,2024-11-10 13:00:00
4430,79728.01,79960.0,79200.0,79508.01,2759.5,2024-11-10 14:00:00
4431,79508.0,79758.88,79379.9,79694.03,1527.98,2024-11-10 15:00:00
4432,79694.03,79782.29,79486.01,79775.99,1313.89,2024-11-10 16:00:00
4433,79776.0,80703.1,79648.0,80333.01,3087.36,2024-11-10 17:00:00
4434,80333.01,81069.99,80333.01,80538.04,3698.36,2024-11-10 18:00:00
4435,80538.04,80845.19,79324.59,79748.99,3215.15,2024-11-10 19:00:00
4436,79748.99,79907.66,78940.77,78950.01,3517.83,2024-11-10 20:00:00
4437,78950.0,80004.09,78473.13,79873.97,2794.88,2024-11-10 21:00:00
4438,79873.98,81500.0,79788.01,80614.01,3744.27,2024-11-10 22:00:00
4439,80614.0,80700.0,79945.23,80370.01,2282.97,2024-11-10 23:00:00
4440,80370.01,80803.0,80216.01,80579.99,1518.2,2024-11-11 00:00:00
4441,80579.99,81730.0,80366.02,81214.0,2744.96,2024-11-11 01:00:00
4442,81213.99,81519.19,81032.0,81431.17,1858.45,2024-11-11 02:00:00
4443,81431.18,81846.71,80946.0,81612.23,1745.19,2024-11-11 03:00:00
4444,81612.23,81727.47,81116.53,81440.01,1226.04,2024-11-11 04:00:00
4445,81440.01,81581.65,80432.0,80731.99,1681.13,2024-11-11 05:00:00
4446,80731.99,81250.0,80590.98,80900.68,1864.07,2024-11-11 06:00:00
4447,80900.68,81205.99,80747.58,81109.1,1247.62,2024-11-11 07:00:00
4448,81109.11,81368.0,81023.29,81239.53,1638.37,2024-11-11 08:00:00
4449,81239.52,81766.56,81166.0,81695.33,1888.9,2024-11-11 09:00:00
4450,81695.34,82380.94,81668.73,81984.19,3031.72,2024-11-11 10:00:00
4451,81984.19,82244.67,81842.01,82134.0,1487.64,2024-11-11 11:00:00
4452,82133.99,82471.2,81719.21,82168.91,2599.32,2024-11-11 12:00:00
4453,82168.92,82222.13,81460.19,81835.74,2377.54,2024-11-11 13:00:00
4454,81835.73,82580.0,81500.01,82484.9,4581.23,2024-11-11 14:00:00
4455,82484.91,84263.51,82349.98,84059.54,7999.97,2024-11-11 15:00:00
4456,84059.53,84886.0,83831.84,84200.0,5612.39,2024-11-11 16:00:00
4457,84200.0,84880.03,84196.41,84603.99,3245.9,2024-11-11 17:00:00
4458,84603.99,85832.65,84208.77,85831.99,4435.91,2024-11-11 18:00:00
4459,85831.99,86650.0,85314.0,86102.21,5977.45,2024-11-11 19:00:00
4460,86102.21,87386.5,86052.0,86922.65,5360.2,2024-11-11 20:00:00
4461,86922.66,88378.0,86703.0,87900.01,5158.49,2024-11-11 21:00:00
4462,87900.0,88083.47,86372.31,87979.28,4668.04,2024-11-11 22:00:00
4463,87979.27,89530.54,87979.27,88647.99,8374.94,2024-11-11 23:00:00
4464,88648.0,89012.23,86561.35,88978.57,6202.58,2024-11-12 00:00:00
4465,88978.56,89470.0,88392.51,88542.51,5394.14,2024-11-12 01:00:00
4466,88542.51,88876.0,86928.68,87694.53,4470.78,2024-11-12 02:00:00
4467,87694.53,88206.93,87474.19,88047.46,3384.74,2024-11-12 03:00:00
4468,88047.45,88983.93,87700.0,88430.57,2860.49,2024-11-12 04:00:00
4469,88430.56,88798.93,88159.99,88378.46,2376.99,2024-11-12 05:00:00
4470,88378.46,89800.0,88160.01,89545.46,3887.84,2024-11-12 06:00:00
4471,89545.46,89940.0,88953.58,88983.35,4282.8,2024-11-12 07:00:00
4472,88983.35,89300.0,88720.91,89280.01,3007.81,2024-11-12 08:00:00
4473,89280.0,89372.0,87620.0,87630.89,4144.8,2024-11-12 09:00:00
4474,87630.89,88023.66,85229.0,86787.51,9748.05,2024-11-12 10:00:00
4475,86787.52,87860.75,86524.14,87155.55,4625.63,2024-11-12 11:00:00
4476,87155.55,87860.0,86203.83,86348.01,4534.67,2024-11-12 12:00:00
4477,86348.02,86521.95,85072.0,86330.52,6017.91,2024-11-12 13:00:00
4478,86330.52,87074.53,85208.2,87001.51,4368.49,2024-11-12 14:00:00
4479,87001.51,87493.37,86148.0,86632.0,4188.52,2024-11-12 15:00:00
4480,86632.0,87600.0,85730.35,87030.31,4206.01,2024-11-12 16:00:00
4481,87030.31,87878.0,86850.66,86966.07,2935.44,2024-11-12 17:00:00
4482,86966.07,88877.36,86907.26,88796.41,3326.61,2024-11-12 18:00:00
4483,88796.41,89764.38,88620.01,88704.28,4018.37,2024-11-12 19:00:00
4484,88704.28,89876.94,88672.0,89473.1,3121.08,2024-11-12 20:00:00
4485,89472.01,89683.65,88160.27,88240.32,2297.49,2024-11-12 21:00:00
4486,88240.32,88642.0,87612.0,88592.0,1621.46,2024-11-12 22:00:00
4487,88592.0,88592.0,87379.59,87952.01,2277.18,2024-11-12 23:00:00
4488,87952.0,88453.16,87604.0,88040.0,2506.14,2024-11-13 00:00:00
4489,88040.0,88562.94,87708.0,88253.53,2490.18,2024-11-13 01:00:00
4490,88253.54,88320.0,87004.0,87868.0,2120.82,2024-11-13 02:00:00
4491,87868.01,88150.0,87049.52,87136.0,2891.48,2024-11-13 03:00:00
4492,87136.0,87692.69,86226.15,87172.01,3319.44,2024-11-13 04:00:00
4493,87172.0,87436.67,86452.78,86545.99,1957.43,2024-11-13 05:00:00
4494,86545.99,86950.54,86127.99,86500.0,1697.27,2024-11-13 06:00:00
4495,86500.0,87492.3,86480.07,87356.0,2570.39,2024-11-13 07:00:00
4496,87356.01,87684.0,87100.0,87228.68,1541.49,2024-11-13 08:00:00
4497,87228.69,87550.0,87082.42,87400.02,1407.08,2024-11-13 09:00:00
4498,87400.03,87553.64,87124.92,87535.55,1322.67,2024-11-13 10:00:00
4499,87535.55,88083.0,87454.54,87669.39,1729.15,2024-11-13 11:00:00
4500,87669.4,87997.2,87502.49,87626.96,1420.46,2024-11-13 12:00:00
4501,87626.95,89696.97,87548.0,89152.01,5115.11,2024-11-13 13:00:00
4502,89152.0,91827.09,88623.64,91508.0,10520.73,2024-11-13 14:00:00
4503,91508.0,92690.0,90432.23,92540.01,8070.55,2024-11-13 15:00:00
4504,92540.0,93265.64,91467.9,92256.0,8454.24,2024-11-13 16:00:00
4505,92256.01,92803.0,91755.0,92218.87,3483.23,2024-11-13 17:00:00
4506,92218.87,93139.93,92050.07,92824.0,3464.86,2024-11-13 18:00:00
4507,92824.0,92892.98,89969.87,90193.51,7363.95,2024-11-13 19:00:00
4508,90193.5,91184.02,89292.0,89691.99,5146.59,2024-11-13 20:00:00
4509,89692.0,89796.21,87970.98,88539.77,4478.14,2024-11-13 21:00:00
4510,88539.77,89854.27,88350.0,89715.12,1736.16,2024-11-13 22:00:00
4511,89715.12,90518.89,89248.28,90375.2,1956.28,2024-11-13 23:00:00
4512,90375.21,90511.63,89685.1,90104.93,1980.13,2024-11-14 00:00:00
4513,90104.93,90444.0,89458.13,90372.01,2341.26,2024-11-14 01:00:00
4514,90372.0,90566.0,89664.0,90104.01,1526.15,2024-11-14 02:00:00
4515,90104.0,90220.0,89531.86,89937.02,1506.56,2024-11-14 03:00:00
4516,89937.03,90192.35,89320.37,90123.99,1549.9,2024-11-14 04:00:00
4517,90123.99,90123.99,89647.19,89957.22,1094.81,2024-11-14 05:00:00
4518,89957.23,90308.83,89283.5,89300.69,1465.14,2024-11-14 06:00:00
4519,89309.41,90850.0,89104.54,90769.42,2087.5,2024-11-14 07:00:00
4520,90769.42,91438.41,90329.8,90558.28,2547.27,2024-11-14 08:00:00
4521,90558.28,90918.18,90368.0,90909.01,1359.25,2024-11-14 09:00:00
4522,90909.01,91424.0,90840.01,91103.0,1937.65,2024-11-14 10:00:00
4523,91102.99,91657.77,90472.0,91491.86,2287.83,2024-11-14 11:00:00
4524,91491.85,91599.99,90945.0,91243.17,1587.33,2024-11-14 12:00:00
4525,91243.17,91380.0,90559.65,90754.42,2037.91,2024-11-14 13:00:00
4526,90754.42,91790.0,88639.76,88720.03,5271.46,2024-11-14 14:00:00
4527,88720.03,89638.5,87829.57,87947.99,6221.34,2024-11-14 15:00:00
4528,87947.99,89239.79,87526.74,89198.31,3863.1,2024-11-14 16:00:00
4529,89198.32,89449.49,88584.0,89239.35,1958.6,2024-11-14 17:00:00
4530,89239.35,89775.24,88916.8,89111.55,1486.62,2024-11-14 18:00:00
4531,89111.55,89664.19,89111.54,89463.99,1223.64,2024-11-14 19:00:00
4532,89463.99,89464.0,87565.01,87612.66,3373.06,2024-11-14 20:00:00
4533,87612.67,88280.91,87029.65,88227.22,3405.02,2024-11-14 21:00:00
4534,88227.23,88360.0,87050.0,87640.01,1875.13,2024-11-14 22:00:00
4535,87640.01,87771.85,86668.21,87325.59,2742.83,2024-11-14 23:00:00
4536,87325.59,88435.16,87252.0,87870.27,2102.35,2024-11-15 00:00:00
4537,87870.26,88168.63,87373.45,88098.99,1707.79,2024-11-15 01:00:00
4538,88098.99,88443.83,87736.0,88364.07,1227.36,2024-11-15 02:00:00
4539,88364.07,88473.7,88116.0,88218.21,995.02,2024-11-15 03:00:00
4540,88218.22,88242.43,87073.38,87454.57,2138.56,2024-11-15 04:00:00
4541,87454.58,87860.46,87276.01,87724.0,1229.78,2024-11-15 05:00:00
4542,87724.0,88182.69,87584.2,88182.67,1425.91,2024-11-15 06:00:00
4543,88182.68,88391.99,87588.0,87612.0,2089.73,2024-11-15 07:00:00
4544,87612.01,88165.91,87368.0,88082.96,1347.9,2024-11-15 08:00:00
4545,88082.96,89350.0,88024.4,89195.99,2296.3,2024-11-15 09:00:00
4546,89195.99,89458.13,88943.53,89354.55,1429.93,2024-11-15 10:00:00
4547,89354.54,89771.99,89138.94,89741.25,1566.33,2024-11-15 11:00:00
4548,89741.24,90709.74,89591.55,89753.84,2627.03,2024-11-15 12:00:00
4549,89753.84,90482.3,89241.57,90148.0,1904.87,2024-11-15 13:00:00
4550,90148.0,90200.0,88585.33,89107.98,3372.89,2024-11-15 14:00:00
4551,89107.97,89134.74,87754.45,88445.41,3999.03,2024-11-15 15:00:00
4552,88445.4,89768.41,88386.99,89375.99,2745.84,2024-11-15 16:00:00
4553,89376.0,89944.0,89191.47,89484.85,1835.7,2024-11-15 17:00:00
4554,89484.84,89810.0,89214.55,89387.99,1353.64,2024-11-15 18:00:00
4555,89388.0,90844.9,89260.0,90377.89,2737.65,2024-11-15 19:00:00
4556,90377.89,91461.01,90324.85,91447.98,3159.43,2024-11-15 20:00:00
4557,91447.99,91830.35,91067.6,91678.78,2173.05,2024-11-15 21:00:00
4558,91678.78,91850.0,91033.66,91208.0,1278.89,2024-11-15 22:00:00
4559,91208.0,91450.0,90866.72,91032.07,1182.97,2024-11-15 23:00:00
4560,91032.08,91348.5,90850.0,91000.0,1330.88,2024-11-16 00:00:00
4561,91000.0,91442.11,90942.42,91249.29,919.75,2024-11-16 01:00:00
4562,91249.3,91709.06,91151.51,91405.54,1116.54,2024-11-16 02:00:00
4563,91405.54,91597.08,91053.48,91252.03,882.78,2024-11-16 03:00:00
4564,91252.04,91400.0,91064.24,91269.69,674.33,2024-11-16 04:00:00
4565,91269.7,91779.66,91144.74,91350.34,837.02,2024-11-16 05:00:00
4566,91350.34,91447.74,91149.76,91192.0,799.84,2024-11-16 06:00:00
4567,91192.0,91388.45,91068.19,91117.53,717.08,2024-11-16 07:00:00
4568,91117.52,91430.0,91025.11,91425.98,991.05,2024-11-16 08:00:00
4569,91425.98,91428.0,91199.18,91235.24,724.0,2024-11-16 09:00:00
4570,91235.23,91598.13,91220.15,91393.93,1068.9,2024-11-16 10:00:00
4571,91393.94,91423.33,90993.15,91169.69,1188.76,2024-11-16 11:00:00
4572,91169.69,91320.0,90500.0,90894.74,1543.84,2024-11-16 12:00:00
4573,90894.75,91190.0,90684.21,90755.99,838.55,2024-11-16 13:00:00
4574,90756.0,91074.22,90608.8,90968.0,856.48,2024-11-16 14:00:00
4575,90968.01,91016.93,90056.17,90521.2,2183.32,2024-11-16 15:00:00
4576,90521.2,90865.48,90186.64,90612.65,1292.44,2024-11-16 16:00:00
4577,90612.64,91000.0,90505.39,90904.03,693.44,2024-11-16 17:00:00
4578,90904.02,91396.03,90840.0,91303.04,840.13,2024-11-16 18:00:00
4579,91303.04,91332.0,90949.61,91100.24,640.37,2024-11-16 19:00:00
4580,91100.23,91181.82,90670.6,90752.01,672.8,2024-11-16 20:00:00
4581,90752.01,91067.67,90702.0,90993.5,519.94,2024-11-16 21:00:00
4582,90993.49,91000.0,90300.0,90328.39,697.51,2024-11-16 22:00:00
4583,90328.39,90651.98,90328.0,90586.92,688.11,2024-11-16 23:00:00
4584,90587.98,90888.0,90576.0,90808.0,501.87,2024-11-17 00:00:00
4585,90808.0,90876.81,90001.0,90272.74,1256.21,2024-11-17 01:00:00
4586,90272.73,90272.74,89364.0,90024.01,2502.31,2024-11-17 02:00:00
4587,90024.02,90247.86,89775.37,90247.86,690.33,2024-11-17 03:00:00
4588,90247.86,90681.37,90158.56,90576.0,1106.2,2024-11-17 04:00:00
4589,90576.01,90888.0,90374.45,90470.13,676.9,2024-11-17 05:00:00
4590,90470.13,90769.99,90369.72,90645.44,518.75,2024-11-17 06:00:00
4591,90645.44,90666.67,90368.0,90550.8,672.27,2024-11-17 07:00:00
4592,90550.8,91050.01,90478.99,90985.11,1120.61,2024-11-17 08:00:00
4593,90985.11,91449.99,90968.8,91295.24,1069.22,2024-11-17 09:00:00
4594,91295.24,91330.88,90882.74,91056.0,541.79,2024-11-17 10:00:00
4595,91055.99,91076.0,90508.0,90684.19,1197.48,2024-11-17 11:00:00
4596,90684.19,91189.88,90632.0,91080.68,972.82,2024-11-17 12:00:00
4597,91080.68,91112.0,90310.0,90504.01,1124.65,2024-11-17 13:00:00
4598,90504.02,90765.96,89925.91,90310.91,1342.19,2024-11-17 14:00:00
4599,90310.92,90587.99,90114.5,90260.01,727.15,2024-11-17 15:00:00
4600,90260.01,90523.45,90076.29,90446.92,733.63,2024-11-17 16:00:00
4601,90446.91,90640.18,90150.23,90578.66,731.6,2024-11-17 17:00:00
4602,90578.66,90616.78,89832.44,89936.0,852.42,2024-11-17 18:00:00
4603,89936.0,90140.0,89664.34,90044.0,794.74,2024-11-17 19:00:00
4604,90044.0,90212.13,89500.0,89636.0,984.03,2024-11-17 20:00:00
4605,89636.0,89748.02,89002.08,89137.98,1208.84,2024-11-17 21:00:00
4606,89137.97,89647.84,88722.0,89556.0,1526.58,2024-11-17 22:00:00
4607,89556.0,89863.99,89316.98,89855.99,1014.96,2024-11-17 23:00:00
4608,89855.98,90120.74,89617.96,89940.0,744.6,2024-11-18 00:00:00
4609,89940.0,90935.44,89894.38,90747.57,1089.22,2024-11-18 01:00:00
4610,90747.57,90847.61,90405.01,90493.89,733.42,2024-11-18 02:00:00
4611,90493.88,90676.92,90300.0,90668.58,684.98,2024-11-18 03:00:00
4612,90668.58,90700.0,90438.85,90441.3,440.85,2024-11-18 04:00:00
4613,90441.3,90809.36,90441.29,90615.71,706.34,2024-11-18 05:00:00
4614,90615.72,92079.3,90615.71,92061.84,2850.17,2024-11-18 06:00:00
4615,92061.84,92300.0,91415.79,91719.9,2381.31,2024-11-18 07:00:00
4616,91719.9,92141.13,91555.54,91810.61,1210.88,2024-11-18 08:00:00
4617,91810.6,92211.99,91640.0,91710.6,1098.77,2024-11-18 09:00:00
4618,91710.59,92016.0,91680.0,91769.42,1099.19,2024-11-18 10:00:00
4619,91769.43,91816.01,90051.1,90275.13,3079.76,2024-11-18 11:00:00
4620,90275.13,90757.58,90100.5,90517.13,1724.96,2024-11-18 12:00:00
4621,90517.14,90595.98,89376.9,89502.23,2600.74,2024-11-18 13:00:00
4622,89502.23,91053.58,89436.29,90308.01,3049.73,2024-11-18 14:00:00
4623,90308.0,92594.0,90242.61,92309.51,5498.54,2024-11-18 15:00:00
4624,92309.51,92584.95,91121.23,91403.12,3213.19,2024-11-18 16:00:00
4625,91403.12,92149.85,90904.25,91564.69,2525.69,2024-11-18 17:00:00
4626,91564.69,91660.9,90100.0,90356.8,2030.63,2024-11-18 18:00:00
4627,90356.8,90640.0,89667.66,90608.26,2185.28,2024-11-18 19:00:00
4628,90608.26,91924.04,90412.0,91473.42,3550.13,2024-11-18 20:00:00
4629,91473.43,91980.0,91144.08,91276.33,1649.5,2024-11-18 21:00:00
4630,91276.33,91461.01,91001.0,91148.02,848.76,2024-11-18 22:00:00
4631,91148.02,91220.0,90224.02,90464.08,1548.39,2024-11-18 23:00:00
4632,90464.07,91228.58,90357.0,91042.94,1152.06,2024-11-19 00:00:00
4633,91042.95,91241.46,90616.0,90714.26,692.68,2024-11-19 01:00:00
4634,90714.27,91271.65,90702.73,91236.0,895.47,2024-11-19 02:00:00
4635,91236.0,91529.0,91163.9,91428.0,835.05,2024-11-19 03:00:00
4636,91428.0,91816.28,91248.01,91528.0,1005.55,2024-11-19 04:00:00
4637,91528.0,91891.8,91238.09,91877.0,968.01,2024-11-19 05:00:00
4638,91877.0,91980.0,91598.5,91959.11,951.71,2024-11-19 06:00:00
4639,91959.11,92000.0,91600.0,91620.01,968.54,2024-11-19 07:00:00
4640,91620.0,91781.0,91400.03,91780.99,766.04,2024-11-19 08:00:00
4641,91780.99,91950.0,91200.0,91694.38,1510.12,2024-11-19 09:00:00
4642,91694.37,91916.24,91485.04,91750.77,780.59,2024-11-19 10:00:00
4643,91750.78,91842.89,91524.0,91652.02,674.19,2024-11-19 11:00:00
4644,91652.01,92500.0,91652.01,92467.99,3004.42,2024-11-19 12:00:00
4645,92467.99,92788.0,91044.15,91142.28,4201.52,2024-11-19 13:00:00
4646,91142.27,92381.0,90975.8,91824.0,3721.67,2024-11-19 14:00:00
4647,91824.0,92446.0,91500.0,92391.99,2896.01,2024-11-19 15:00:00
4648,92391.99,92628.9,92147.12,92553.79,1569.19,2024-11-19 16:00:00
4649,92553.78,93265.8,92339.26,92853.76,3497.85,2024-11-19 17:00:00
4650,92853.75,93856.0,92711.5,93646.15,4048.38,2024-11-19 18:00:00
4651,93646.16,93905.51,93060.0,93227.87,2335.37,2024-11-19 19:00:00
4652,93227.87,93571.08,92165.05,92458.0,2443.66,2024-11-19 20:00:00
4653,92457.99,92748.0,91800.0,92196.82,2004.44,2024-11-19 21:00:00
4654,92196.82,92424.25,91320.0,91826.19,1602.6,2024-11-19 22:00:00
4655,91826.19,92333.77,91585.3,92310.79,1134.92,2024-11-19 23:00:00
4656,92310.8,92418.68,92000.0,92044.19,764.92,2024-11-20 00:00:00
4657,92044.18,92284.53,91720.0,91976.79,1087.89,2024-11-20 01:00:00
4658,91976.79,92028.74,91580.0,91748.0,902.7,2024-11-20 02:00:00
4659,91748.0,92066.66,91500.0,92039.99,1340.71,2024-11-20 03:00:00
4660,92039.99,92271.71,91850.0,92121.21,761.92,2024-11-20 04:00:00
4661,92121.21,92516.0,91958.56,92505.47,752.94,2024-11-20 05:00:00
4662,92505.47,92654.93,92352.59,92372.95,756.3,2024-11-20 06:00:00
4663,92372.95,92851.09,92300.0,92850.38,1206.02,2024-11-20 07:00:00
4664,92850.38,93333.33,92720.0,93200.0,1862.07,2024-11-20 08:00:00
4665,93200.0,93669.98,92970.0,93100.01,2098.05,2024-11-20 09:00:00
4666,93100.01,93520.0,93009.98,93278.5,1040.11,2024-11-20 10:00:00
4667,93278.5,93614.98,92808.0,93454.65,1216.52,2024-11-20 11:00:00
4668,93454.65,93750.0,93314.49,93531.95,1707.24,2024-11-20 12:00:00
4669,93531.95,94585.23,93531.94,94382.88,3912.45,2024-11-20 13:00:00
4670,94382.87,94750.0,93828.0,94627.41,3797.49,2024-11-20 14:00:00
4671,94627.41,94807.62,94050.0,94739.97,3285.36,2024-11-20 15:00:00
4672,94739.98,94831.97,93316.0,94048.0,4089.14,2024-11-20 16:00:00
4673,94048.0,94338.99,93594.31,93916.34,2014.91,2024-11-20 17:00:00
4674,93916.34,94272.35,93138.0,93684.0,3071.47,2024-11-20 18:00:00
4675,93684.0,94000.0,93240.12,94000.0,1585.59,2024-11-20 19:00:00
4676,94000.0,94599.98,93801.45,94271.99,2158.57,2024-11-20 20:00:00
4677,94271.99,94500.0,93900.01,94365.92,1238.87,2024-11-20 21:00:00
4678,94365.92,94490.0,93933.62,94160.55,783.68,2024-11-20 22:00:00
4679,94160.56,94286.56,93770.07,94286.56,768.28,2024-11-20 23:00:00
4680,94286.56,94925.66,94194.62,94709.61,1763.85,2024-11-21 00:00:00
4681,94709.62,94977.0,94596.0,94702.49,1081.3,2024-11-21 01:00:00
4682,94702.48,94757.57,94040.0,94404.13,1830.67,2024-11-21 02:00:00
4683,94404.14,95904.0,94400.0,95798.12,4663.24,2024-11-21 03:00:00
4684,95798.12,97662.36,95798.11,97554.22,6002.61,2024-11-21 04:00:00
4685,97554.22,97852.0,96692.0,97328.0,3455.11,2024-11-21 05:00:00
4686,97328.01,97400.0,96800.01,97004.02,2285.58,2024-11-21 06:00:00
4687,97004.03,97384.62,96912.0,96912.01,1476.88,2024-11-21 07:00:00
4688,96912.01,97155.01,96723.96,97107.99,1545.04,2024-11-21 08:00:00
4689,97107.99,97699.76,97024.0,97613.24,2081.15,2024-11-21 09:00:00
4690,97613.24,97787.49,97272.18,97756.0,2493.73,2024-11-21 10:00:00
4691,97756.0,98384.86,97729.77,97974.99,3928.97,2024-11-21 11:00:00
4692,97975.0,98250.0,97300.0,97317.93,3107.0,2024-11-21 12:00:00
4693,97317.93,97743.85,97019.94,97512.01,3423.76,2024-11-21 13:00:00
4694,97512.01,97681.43,96521.73,97042.86,4537.05,2024-11-21 14:00:00
4695,97042.85,97124.29,95600.0,96672.0,5782.3,2024-11-21 15:00:00
4696,96672.0,97400.0,96276.69,97147.99,3483.62,2024-11-21 16:00:00
4697,97147.99,98055.99,96927.42,98048.65,2134.4,2024-11-21 17:00:00
4698,98048.65,98437.5,97668.0,98280.01,3337.47,2024-11-21 18:00:00
4699,98280.02,98988.0,97721.96,97829.83,4054.29,2024-11-21 19:00:00
4700,97829.84,98686.86,97608.18,98118.16,2217.63,2024-11-21 20:00:00
4701,98118.16,98200.0,97533.18,97973.8,2003.48,2024-11-21 21:00:00
4702,97973.81,98430.23,97850.0,98356.0,1163.3,2024-11-21 22:00:00
4703,98355.99,98723.65,98305.34,98317.12,1375.92,2024-11-21 23:00:00
4704,98317.12,98516.0,97841.57,97987.57,1445.06,2024-11-22 00:00:00
4705,97987.56,98377.26,97840.0,98081.6,1287.82,2024-11-22 01:00:00
4706,98081.61,98779.62,98039.55,98617.46,1767.6,2024-11-22 02:00:00
4707,98617.46,99299.99,98422.33,98836.5,3032.0,2024-11-22 03:00:00
4708,98836.49,99100.0,98666.67,98797.21,1252.79,2024-11-22 04:00:00
4709,98797.21,98988.0,98517.21,98790.97,1249.93,2024-11-22 05:00:00
4710,98790.97,99030.31,98624.41,98999.99,1140.74,2024-11-22 06:00:00
4711,99000.0,99419.99,98875.82,99173.7,2989.41,2024-11-22 07:00:00
4712,99173.7,99267.19,98750.0,98815.79,1967.25,2024-11-22 08:00:00
4713,98815.79,98847.79,98358.0,98702.0,1915.69,2024-11-22 09:00:00
4714,98702.01,98768.0,98256.41,98400.0,1328.1,2024-11-22 10:00:00
4715,98400.0,98937.0,98219.84,98870.38,1079.72,2024-11-22 11:00:00
4716,98870.39,98949.0,98492.0,98621.04,999.28,2024-11-22 12:00:00
4717,98621.05,98628.87,97344.9,97763.54,3839.86,2024-11-22 13:00:00
4718,97763.54,98147.41,97122.11,97296.0,3335.17,2024-11-22 14:00:00
4719,97296.0,98770.0,97155.68,98664.0,3089.62,2024-11-22 15:00:00
4720,98663.99,99010.0,98220.0,98865.3,2350.9,2024-11-22 16:00:00
4721,98865.3,99275.0,98753.66,98801.87,1981.77,2024-11-22 17:00:00
4722,98801.87,99174.0,98677.37,99108.87,1760.48,2024-11-22 18:00:00
4723,99108.87,99588.01,98838.01,99079.74,3447.9,2024-11-22 19:00:00
4724,99079.74,99449.0,98924.01,99163.99,1805.05,2024-11-22 20:00:00
4725,99164.0,99307.27,98711.37,99272.72,1123.81,2024-11-22 21:00:00
4726,99272.72,99369.99,98535.0,98627.35,1189.08,2024-11-22 22:00:00
4727,98627.36,98904.0,98576.85,98892.0,810.28,2024-11-22 23:00:00
4728,98892.0,98908.85,98550.02,98634.89,1023.71,2024-11-23 00:00:00
4729,98634.88,98655.72,98313.48,98590.0,1346.17,2024-11-23 01:00:00
4730,98590.0,98604.01,98300.0,98483.54,966.83,2024-11-23 02:00:00
4731,98483.53,98800.0,98404.02,98666.67,581.6,2024-11-23 03:00:00
4732,98666.66,98695.95,98284.61,98576.14,1249.36,2024-11-23 04:00:00
4733,98576.14,98769.24,98399.83,98755.15,603.03,2024-11-23 05:00:00
4734,98755.15,98800.0,98583.72,98709.9,567.52,2024-11-23 06:00:00
4735,98709.9,98720.0,98408.57,98560.85,940.47,2024-11-23 07:00:00
4736,98560.84,98623.76,98369.0,98451.98,1196.13,2024-11-23 08:00:00
4737,98451.98,98539.69,98359.17,98449.07,740.01,2024-11-23 09:00:00
4738,98449.06,98564.11,98300.0,98408.55,751.11,2024-11-23 10:00:00
4739,98408.55,98523.1,98374.25,98429.99,489.5,2024-11-23 11:00:00
4740,98430.0,98619.99,98415.0,98598.75,798.24,2024-11-23 12:00:00
4741,98598.74,98847.68,98532.08,98532.08,837.42,2024-11-23 13:00:00
4742,98532.09,98783.85,98465.04,98744.37,1154.22,2024-11-23 14:00:00
4743,98744.37,98779.7,98400.0,98400.0,1348.82,2024-11-23 15:00:00
4744,98400.01,98459.56,97533.0,97708.85,4007.99,2024-11-23 16:00:00
4745,97708.85,98051.29,97336.06,97900.79,2022.77,2024-11-23 17:00:00
4746,97900.79,98067.66,97636.36,97839.99,834.76,2024-11-23 18:00:00
4747,97839.99,97840.0,97362.0,97504.0,621.26,2024-11-23 19:00:00
4748,97504.0,97712.63,97136.0,97703.52,1046.1,2024-11-23 20:00:00
4749,97703.53,98015.82,97544.06,97962.8,649.85,2024-11-23 21:00:00
4750,97962.81,98015.82,97508.83,97631.99,497.14,2024-11-23 22:00:00
4751,97632.0,97727.28,97402.87,97672.4,483.84,2024-11-23 23:00:00
4752,97672.4,97998.95,97620.74,97919.5,960.15,2024-11-24 00:00:00
4753,97919.51,98400.0,97919.5,98182.4,1230.91,2024-11-24 01:00:00
4754,98182.4,98564.0,98182.4,98390.66,1140.53,2024-11-24 02:00:00
4755,98390.66,98428.0,98105.01,98200.1,658.0,2024-11-24 03:00:00
4756,98200.1,98260.0,97872.2,98169.21,585.35,2024-11-24 04:00:00
4757,98169.22,98269.99,97915.0,98264.44,737.36,2024-11-24 05:00:00
4758,98264.44,98412.14,98028.17,98360.02,1129.97,2024-11-24 06:00:00
4759,98360.03,98431.06,98168.62,98431.05,1130.67,2024-11-24 07:00:00
4760,98431.05,98472.98,97945.0,98067.75,923.6,2024-11-24 08:00:00
4761,98067.75,98195.75,97816.23,97936.47,700.5,2024-11-24 09:00:00
4762,97936.47,97974.12,97435.89,97668.85,709.66,2024-11-24 10:00:00
4763,97668.85,97732.01,97239.29,97280.03,1273.16,2024-11-24 11:00:00
4764,97280.04,97430.02,96403.78,96899.99,3199.09,2024-11-24 12:00:00
4765,96899.99,97606.52,96726.0,97214.93,1641.95,2024-11-24 13:00:00
4766,97214.93,97214.94,96577.52,97029.95,1898.28,2024-11-24 14:00:00
4767,97029.96,97091.31,95900.01,95901.51,2643.0,2024-11-24 15:00:00
4768,95901.52,96747.98,95734.77,96404.0,2310.9,2024-11-24 16:00:00
4769,96403.99,96414.64,95747.57,95902.83,1649.23,2024-11-24 17:00:00
4770,95902.83,96563.87,95832.36,96537.56,866.98,2024-11-24 18:00:00
4771,96537.56,96537.57,96120.92,96320.02,835.76,2024-11-24 19:00:00
4772,96320.01,96844.46,96195.47,96826.49,717.92,2024-11-24 20:00:00
4773,96826.48,96997.32,96591.17,96974.89,785.68,2024-11-24 21:00:00
4774,96974.89,98000.0,96974.89,97999.99,1499.71,2024-11-24 22:00:00
4775,97999.99,98369.46,97531.0,97900.04,1972.63,2024-11-24 23:00:00
4776,97900.05,98050.0,97518.28,97714.28,1038.9,2024-11-25 00:00:00
4777,97714.28,97840.0,96888.0,97205.23,1363.34,2024-11-25 01:00:00
4778,97205.22,97714.28,97202.53,97368.63,772.58,2024-11-25 02:00:00
4779,97368.62,97898.81,97339.16,97898.8,663.45,2024-11-25 03:00:00
4780,97898.81,98050.0,97491.66,97800.0,1108.55,2024-11-25 04:00:00
4781,97799.99,98239.43,97776.39,98082.69,1422.1,2024-11-25 05:00:00
4782,98082.69,98376.99,98037.0,98082.86,1317.08,2024-11-25 06:00:00
4783,98082.87,98271.63,97735.29,98047.34,1382.99,2024-11-25 07:00:00
4784,98047.34,98292.0,97850.0,98217.77,1115.52,2024-11-25 08:00:00
4785,98217.77,98871.8,98205.0,98492.96,2043.34,2024-11-25 09:00:00
4786,98492.95,98680.94,98203.41,98319.34,1139.99,2024-11-25 10:00:00
4787,98319.35,98553.9,98031.11,98188.09,896.88,2024-11-25 11:00:00
4788,98188.09,98313.08,97850.0,97900.0,942.82,2024-11-25 12:00:00
4789,97900.01,97929.7,97222.22,97468.3,2003.88,2024-11-25 13:00:00
4790,97468.29,97640.0,95340.0,95385.49,4321.64,2024-11-25 14:00:00
4791,95385.5,96488.95,94525.0,96000.56,7077.15,2024-11-25 15:00:00
4792,96000.57,96500.0,95686.43,95912.0,2500.76,2024-11-25 16:00:00
4793,95912.0,95912.0,94850.0,95238.09,3012.83,2024-11-25 17:00:00
4794,95238.1,95908.59,94856.67,95139.99,1976.55,2024-11-25 18:00:00
4795,95140.0,95288.0,94400.0,94669.48,2793.0,2024-11-25 19:00:00
4796,94669.49,95300.0,94498.35,94955.89,1921.88,2024-11-25 20:00:00
4797,94955.89,95166.65,93564.0,93747.8,2977.67,2024-11-25 21:00:00
4798,93747.81,94414.17,92600.19,94404.49,4141.71,2024-11-25 22:00:00
4799,94404.49,94405.93,92820.0,93010.01,2912.85,2024-11-25 23:00:00
4800,93010.01,94356.0,92727.9,93836.5,2627.25,2024-11-26 00:00:00
4801,93836.58,94857.15,93819.87,94857.15,1464.81,2024-11-26 01:00:00
4802,94857.15,94923.69,94408.76,94587.98,1117.27,2024-11-26 02:00:00
4803,94587.99,94700.12,94234.59,94464.0,1036.34,2024-11-26 03:00:00
4804,94464.0,94536.79,94048.49,94309.52,1033.58,2024-11-26 04:00:00
4805,94309.52,94676.0,94188.23,94647.96,938.12,2024-11-26 05:00:00
4806,94647.96,94973.37,94450.0,94495.96,864.96,2024-11-26 06:00:00
4807,94495.96,94510.48,93500.08,93785.71,1885.36,2024-11-26 07:00:00
4808,93785.72,93785.72,92326.31,93142.85,4451.53,2024-11-26 08:00:00
4809,93142.85,93732.0,93064.0,93519.62,2198.13,2024-11-26 09:00:00
4810,93519.61,93750.0,92272.72,92327.99,2566.71,2024-11-26 10:00:00
4811,92327.99,92686.44,91466.52,92356.85,4376.55,2024-11-26 11:00:00
4812,92356.84,92670.0,91784.86,92164.21,3215.96,2024-11-26 12:00:00
4813,92164.21,92920.0,91914.61,92168.84,2731.84,2024-11-26 13:00:00
4814,92168.84,93546.2,91739.7,93274.15,4131.33,2024-11-26 14:00:00
4815,93274.14,93559.0,92316.71,92813.0,3100.0,2024-11-26 15:00:00
4816,92812.99,94685.6,92692.0,94029.43,3367.11,2024-11-26 16:00:00
4817,94029.42,94044.0,93425.16,93547.99,1825.51,2024-11-26 17:00:00
4818,93547.99,93632.0,92000.0,92119.99,2396.58,2024-11-26 18:00:00
4819,92120.0,92670.28,91554.11,91683.89,3039.37,2024-11-26 19:00:00
4820,91683.9,92040.0,90791.1,91036.01,4496.09,2024-11-26 20:00:00
4821,91036.0,91919.83,90850.45,91700.08,1927.03,2024-11-26 21:00:00
4822,91700.09,92364.0,91543.86,91811.14,1753.92,2024-11-26 22:00:00
4823,91811.14,92068.0,91588.0,91965.16,1313.36,2024-11-26 23:00:00
4824,91965.16,92428.58,91792.14,91939.33,1258.86,2024-11-27 00:00:00
4825,91939.33,92813.92,91824.34,92753.86,1552.31,2024-11-27 01:00:00
4826,92753.86,93037.38,92304.8,92943.34,1337.36,2024-11-27 02:00:00
4827,92943.34,92946.1,92521.73,92588.0,1407.05,2024-11-27 03:00:00
4828,92588.0,93211.2,92500.0,92568.0,1553.56,2024-11-27 04:00:00
4829,92568.0,92815.23,92361.66,92768.01,886.16,2024-11-27 05:00:00
4830,92768.01,93393.19,92768.01,93068.16,1418.28,2024-11-27 06:00:00
4831,93068.15,93648.0,93024.0,93597.16,982.28,2024-11-27 07:00:00
4832,93597.16,93609.93,93236.01,93433.21,1196.09,2024-11-27 08:00:00
4833,93433.2,93492.98,93109.12,93403.5,849.83,2024-11-27 09:00:00
4834,93403.49,93885.6,93353.82,93821.35,1020.38,2024-11-27 10:00:00
4835,93821.35,93823.34,93316.87,93367.99,927.71,2024-11-27 11:00:00
4836,93367.99,93500.0,92847.84,93499.99,1362.35,2024-11-27 12:00:00
4837,93499.99,94264.0,93416.0,94264.0,1732.89,2024-11-27 13:00:00
4838,94264.0,94885.0,94106.74,94833.41,2687.69,2024-11-27 14:00:00
4839,94833.42,95850.0,94316.0,95556.01,4085.67,2024-11-27 15:00:00
4840,95556.0,96333.1,95184.79,95689.19,3735.98,2024-11-27 16:00:00
4841,95689.18,96300.0,95300.9,96247.24,2172.15,2024-11-27 17:00:00
4842,96247.24,96539.33,96004.0,96119.51,2183.1,2024-11-27 18:00:00
4843,96119.51,96631.68,95893.13,96627.99,1434.65,2024-11-27 19:00:00
4844,96627.99,97208.21,96312.01,96482.75,2769.18,2024-11-27 20:00:00
4845,96482.96,96595.0,96052.39,96267.86,1587.26,2024-11-27 21:00:00
4846,96267.87,96520.0,96035.0,96047.47,1228.86,2024-11-27 22:00:00
4847,96047.47,96183.01,95731.72,95863.11,1783.78,2024-11-27 23:00:00
4848,95863.11,96564.0,95722.22,96552.01,1430.37,2024-11-28 00:00:00
4849,96552.0,96552.52,96084.0,96273.95,1230.16,2024-11-28 01:00:00
4850,96273.94,96439.69,95624.01,95699.79,1574.7,2024-11-28 02:00:00
4851,95699.79,95789.33,94822.54,95471.43,2040.46,2024-11-28 03:00:00
4852,95471.44,95840.65,95338.08,95742.72,1348.18,2024-11-28 04:00:00
4853,95742.73,95922.39,95350.22,95443.43,1214.97,2024-11-28 05:00:00
4854,95443.44,95692.0,95063.15,95479.07,1427.2,2024-11-28 06:00:00
4855,95479.07,95757.08,95218.01,95299.66,1024.65,2024-11-28 07:00:00
4856,95299.66,95615.45,95090.0,95456.01,929.6,2024-11-28 08:00:00
4857,95456.02,95507.62,94940.1,94976.0,872.55,2024-11-28 09:00:00
4858,94976.0,95149.61,94640.0,94958.74,1675.95,2024-11-28 10:00:00
4859,94958.74,95780.0,94760.84,95452.01,1273.93,2024-11-28 11:00:00
4860,95452.0,95688.68,95204.0,95484.01,928.57,2024-11-28 12:00:00
4861,95484.01,95777.76,95025.13,95711.25,1160.45,2024-11-28 13:00:00
4862,95711.24,96221.8,95359.18,95376.04,1807.72,2024-11-28 14:00:00
4863,95376.03,95508.94,94900.0,95007.14,1651.54,2024-11-28 15:00:00
4864,95007.15,95308.0,94817.0,94972.0,1029.98,2024-11-28 16:00:00
4865,94972.0,95240.0,94821.77,94864.31,1122.6,2024-11-28 17:00:00
4866,94864.32,95329.58,94854.16,95290.21,812.0,2024-11-28 18:00:00
4867,95290.21,95435.68,95024.0,95119.48,714.26,2024-11-28 19:00:00
4868,95119.48,95131.53,94698.0,94820.01,810.83,2024-11-28 20:00:00
4869,94820.0,95164.0,94809.52,95099.99,1023.53,2024-11-28 21:00:00
4870,95100.0,95651.82,95008.22,95651.79,907.45,2024-11-28 22:00:00
4871,95651.78,96023.48,95530.24,95643.98,802.89,2024-11-28 23:00:00
4872,95643.99,95825.4,95364.99,95476.01,643.65,2024-11-29 00:00:00
4873,95476.0,95970.56,95407.2,95920.0,542.26,2024-11-29 01:00:00
4874,95920.01,96859.0,95903.93,96739.98,1265.35,2024-11-29 02:00:00
4875,96739.99,96812.24,96436.51,96590.36,757.51,2024-11-29 03:00:00
4876,96590.35,96630.09,96236.99,96263.83,589.1,2024-11-29 04:00:00
4877,96263.84,96540.71,96153.85,96153.86,515.37,2024-11-29 05:00:00
4878,96153.86,96358.0,95997.85,96266.19,626.09,2024-11-29 06:00:00
4879,96266.18,96416.34,95600.03,95625.05,1186.42,2024-11-29 07:00:00
4880,95625.05,95998.76,95616.0,95979.99,751.73,2024-11-29 08:00:00
4881,95980.0,96482.61,95870.71,96355.39,851.51,2024-11-29 09:00:00
4882,96355.39,96849.0,96293.61,96844.01,1116.53,2024-11-29 10:00:00
4883,96844.0,97358.21,96548.0,97237.91,1444.66,2024-11-29 11:00:00
4884,97237.91,97500.0,96876.82,96929.07,1711.24,2024-11-29 12:00:00
4885,96929.07,97259.27,96768.0,97223.36,733.98,2024-11-29 13:00:00
4886,97223.35,98052.0,96916.66,98002.01,2591.48,2024-11-29 14:00:00
4887,98002.01,98619.99,97685.46,98019.47,3820.87,2024-11-29 15:00:00
4888,98019.46,98440.0,97700.0,97779.99,1997.13,2024-11-29 16:00:00
4889,97779.99,97810.0,96952.0,96968.29,2113.03,2024-11-29 17:00:00
4890,96968.28,97359.36,96853.82,97175.99,998.21,2024-11-29 18:00:00
4891,97175.99,97481.77,96879.53,97329.73,884.99,2024-11-29 19:00:00
4892,97329.73,97624.62,97200.0,97307.98,724.47,2024-11-29 20:00:00
4893,97307.98,97428.0,96981.01,97386.07,502.29,2024-11-29 21:00:00
4894,97386.07,97477.01,97232.0,97292.69,438.3,2024-11-29 22:00:00
4895,97292.69,97486.27,97111.47,97460.0,895.59,2024-11-29 23:00:00
4896,97460.0,97463.95,96946.06,96968.06,713.95,2024-11-30 00:00:00
4897,96968.06,96968.07,96425.21,96425.22,972.92,2024-11-30 01:00:00
4898,96425.22,96703.68,96309.85,96609.21,724.11,2024-11-30 02:00:00
4899,96609.2,96708.44,96394.56,96640.02,641.59,2024-11-30 03:00:00
4900,96640.02,96730.66,96532.7,96680.18,376.4,2024-11-30 04:00:00
4901,96680.18,97183.51,96680.17,97102.32,636.49,2024-11-30 05:00:00
4902,97102.33,97234.02,96602.0,96639.66,1571.95,2024-11-30 06:00:00
4903,96639.67,96920.0,96550.25,96783.38,812.55,2024-11-30 07:00:00
4904,96783.38,96968.78,96699.97,96953.49,571.6,2024-11-30 08:00:00
4905,96953.48,96953.49,96617.05,96779.98,509.04,2024-11-30 09:00:00
4906,96779.98,96802.79,96121.0,96137.48,837.68,2024-11-30 10:00:00
4907,96137.48,96444.0,96092.01,96267.99,527.29,2024-11-30 11:00:00
4908,96267.99,96563.98,96242.14,96553.23,419.01,2024-11-30 12:00:00
4909,96553.23,96682.54,96404.0,96405.34,617.97,2024-11-30 13:00:00
4910,96405.34,96720.0,96308.0,96462.64,561.32,2024-11-30 14:00:00
4911,96462.65,96732.15,96403.2,96645.41,462.12,2024-11-30 15:00:00
4912,96645.42,96960.0,96531.35,96871.31,724.01,2024-11-30 16:00:00
4913,96871.31,96964.0,96777.77,96780.38,414.54,2024-11-30 17:00:00
4914,96780.38,97010.0,96764.5,96966.37,364.99,2024-11-30 18:00:00
4915,96966.37,97062.5,96876.51,97019.68,319.04,2024-11-30 19:00:00
4916,97019.69,97040.0,96824.78,96967.99,363.64,2024-11-30 20:00:00
4917,96967.99,96977.69,96772.35,96792.02,307.84,2024-11-30 21:00:00
4918,96792.03,96831.84,96344.0,96466.11,643.55,2024-11-30 22:00:00
4919,96466.11,96592.0,96320.99,96407.99,410.2,2024-11-30 23:00:00
4920,96407.99,96672.49,96260.0,96340.6,532.95,2024-12-01 00:00:00
4921,96340.61,96516.0,96044.21,96106.62,756.84,2024-12-01 01:00:00
4922,96106.62,96518.88,95693.88,95776.22,1892.57,2024-12-01 02:00:00
4923,95776.22,96441.72,95770.03,96336.75,439.67,2024-12-01 03:00:00
4924,96336.76,96515.52,96195.99,96515.52,425.1,2024-12-01 04:00:00
4925,96515.51,96515.51,96284.51,96308.83,342.77,2024-12-01 05:00:00
4926,96308.82,96483.98,96284.52,96327.66,284.95,2024-12-01 06:00:00
4927,96327.65,96490.62,96299.1,96472.97,232.08,2024-12-01 07:00:00
4928,96472.97,97179.04,96424.99,97048.01,1566.85,2024-12-01 08:00:00
4929,97048.0,97098.53,96853.82,97030.15,447.53,2024-12-01 09:00:00
4930,97030.15,97036.0,96535.87,96811.99,372.85,2024-12-01 10:00:00
4931,96811.99,97140.0,96811.99,97108.89,416.13,2024-12-01 11:00:00
4932,97108.89,97130.56,96774.48,96774.49,619.4,2024-12-01 12:00:00
4933,96774.48,97388.78,96660.88,97071.93,1269.18,2024-12-01 13:00:00
4934,97071.93,97332.88,96968.25,97289.78,723.39,2024-12-01 14:00:00
4935,97289.77,97311.95,96960.51,97028.02,648.11,2024-12-01 15:00:00
4936,97028.02,97333.0,97000.0,97187.98,1175.84,2024-12-01 16:00:00
4937,97187.98,97299.98,97035.02,97299.97,499.07,2024-12-01 17:00:00
4938,97299.97,97523.41,97095.23,97118.69,690.43,2024-12-01 18:00:00
4939,97118.69,97306.59,96958.48,97178.73,602.78,2024-12-01 19:00:00
4940,97178.73,97200.0,96800.01,97099.99,608.29,2024-12-01 20:00:00
4941,97099.99,97780.0,97052.16,97767.62,672.45,2024-12-01 21:00:00
4942,97767.61,97836.0,97384.0,97562.56,769.64,2024-12-01 22:00:00
4943,97562.56,97771.04,97170.5,97185.18,949.71,2024-12-01 23:00:00
4944,97185.17,97613.08,97068.84,97436.75,1101.07,2024-12-02 00:00:00
4945,97436.75,98130.0,97405.26,97964.93,1944.92,2024-12-02 01:00:00
4946,97964.93,98050.0,97445.87,97644.76,911.5,2024-12-02 02:00:00
4947,97644.75,97662.6,96350.0,96483.75,1435.45,2024-12-02 03:00:00
4948,96483.75,96841.27,96077.0,96708.0,2113.73,2024-12-02 04:00:00
4949,96708.0,96924.0,96349.01,96359.99,704.33,2024-12-02 05:00:00
4950,96359.99,96434.02,96141.43,96279.99,774.11,2024-12-02 06:00:00
4951,96279.99,96465.38,95749.97,95999.99,1786.28,2024-12-02 07:00:00
4952,95999.99,96112.0,94872.0,95053.66,2561.7,2024-12-02 08:00:00
4953,95053.66,95546.21,94967.32,95493.18,1323.55,2024-12-02 09:00:00
4954,95492.81,95496.75,94820.41,94972.01,1297.53,2024-12-02 10:00:00
4955,94972.01,95332.8,94868.33,95128.68,1117.08,2024-12-02 11:00:00
4956,95128.67,95407.64,94766.0,94972.02,1125.18,2024-12-02 12:00:00
4957,94972.03,95822.61,94837.77,95679.99,1636.29,2024-12-02 13:00:00
4958,95679.99,96814.73,95501.0,96321.27,2094.24,2024-12-02 14:00:00
4959,96321.27,97214.77,95701.53,97048.0,3441.97,2024-12-02 15:00:00
4960,97048.01,97356.69,96000.0,96167.46,2585.99,2024-12-02 16:00:00
4961,96167.45,96573.0,94395.0,94604.03,3311.67,2024-12-02 17:00:00
4962,94604.03,95839.44,94488.0,95646.14,1728.48,2024-12-02 18:00:00
4963,95646.13,95856.4,95157.12,95816.0,1170.85,2024-12-02 19:00:00
4964,95816.01,96327.87,95451.33,95666.66,1146.95,2024-12-02 20:00:00
4965,95666.66,95754.64,95345.05,95406.88,775.06,2024-12-02 21:00:00
4966,95406.88,95529.34,95112.01,95372.0,824.11,2024-12-02 22:00:00
4967,95372.0,95869.28,95328.0,95840.62,1046.62,2024-12-02 23:00:00
4968,95840.61,96105.26,95680.0,95804.03,1319.67,2024-12-03 00:00:00
4969,95804.04,95920.64,95454.54,95524.08,758.48,2024-12-03 01:00:00
4970,95524.08,96305.52,95400.0,96035.49,1027.42,2024-12-03 02:00:00
4971,96035.48,96210.42,95916.02,96079.36,565.82,2024-12-03 03:00:00
4972,96079.36,96220.0,95900.0,95920.64,580.8,2024-12-03 04:00:00
4973,95920.64,96168.0,95848.36,96155.18,572.94,2024-12-03 05:00:00
4974,96155.17,96238.1,95522.44,95632.22,1057.77,2024-12-03 06:00:00
4975,95632.22,95721.95,95277.35,95550.0,1298.95,2024-12-03 07:00:00
4976,95550.0,95662.94,95305.95,95528.0,816.05,2024-12-03 08:00:00
4977,95528.0,95539.69,95158.0,95256.01,767.73,2024-12-03 09:00:00
4978,95256.0,95482.63,94641.93,94697.9,1328.44,2024-12-03 10:00:00
4979,94697.9,95033.99,94595.38,94988.01,1144.27,2024-12-03 11:00:00
4980,94988.0,95005.67,94679.51,94813.58,959.4,2024-12-03 12:00:00
4981,94813.59,94871.23,93670.0,93715.98,3416.94,2024-12-03 13:00:00
4982,93715.98,95448.97,93578.17,95235.25,5054.59,2024-12-03 14:00:00
4983,95235.25,96250.0,95100.36,95682.54,4112.15,2024-12-03 15:00:00
4984,95682.54,96169.99,94860.0,95112.0,2102.61,2024-12-03 16:00:00
4985,95112.0,95900.0,94882.83,95828.0,1569.7,2024-12-03 17:00:00
4986,95828.01,95828.01,95270.2,95481.15,1039.51,2024-12-03 18:00:00
4987,95481.15,95500.0,94939.77,95428.6,1225.16,2024-12-03 19:00:00
4988,95428.61,95680.0,95272.5,95615.06,1517.38,2024-12-03 20:00:00
4989,95615.06,96100.0,95545.82,96000.0,1544.88,2024-12-03 21:00:00
4990,96000.01,96140.01,95644.44,96117.76,1005.4,2024-12-03 22:00:00
4991,96117.76,96124.28,95811.31,95849.69,1041.27,2024-12-03 23:00:00
4992,95849.69,96027.35,95572.18,95746.42,1163.38,2024-12-04 00:00:00
4993,95746.41,96614.16,95449.98,96216.0,1710.5,2024-12-04 01:00:00
4994,96216.0,96223.34,95224.17,95788.0,1285.03,2024-12-04 02:00:00
4995,95788.01,95896.0,95548.75,95770.32,629.4,2024-12-04 03:00:00
4996,95770.32,96050.1,95717.54,96024.8,676.26,2024-12-04 04:00:00
4997,96024.8,96480.23,96016.68,96480.22,743.85,2024-12-04 05:00:00
4998,96480.22,96714.41,96279.8,96539.68,1201.56,2024-12-04 06:00:00
4999,96539.69,96702.79,96404.54,96588.81,985.77,2024-12-04 07:00:00
5000,96588.81,96810.12,96524.4,96687.53,965.6,2024-12-04 08:00:00
5001,96687.53,96950.0,96661.53,96815.78,1046.92,2024-12-04 09:00:00
5002,96815.78,96836.1,96430.0,96512.0,875.05,2024-12-04 10:00:00
5003,96511.99,96512.0,96172.0,96190.41,892.54,2024-12-04 11:00:00
5004,96190.41,96277.71,95684.67,95967.98,1153.84,2024-12-04 12:00:00
5005,95967.98,96011.61,95352.41,95665.51,1444.66,2024-12-04 13:00:00
5006,95665.51,96560.0,95456.37,95822.99,2471.05,2024-12-04 14:00:00
5007,95822.99,96386.2,95411.47,95742.81,2889.64,2024-12-04 15:00:00
5008,95742.8,95820.0,94587.83,94847.81,3483.1,2024-12-04 16:00:00
5009,94847.81,95571.63,94685.51,95546.62,1754.08,2024-12-04 17:00:00
5010,95546.63,96225.48,95451.0,96111.01,1649.74,2024-12-04 18:00:00
5011,96111.01,97232.01,96043.65,97209.64,2580.08,2024-12-04 19:00:00
5012,97209.64,99000.0,97128.52,98747.97,7370.82,2024-12-04 20:00:00
5013,98747.96,98900.0,97416.59,97691.11,3022.16,2024-12-04 21:00:00
5014,97691.11,98598.0,97544.0,98174.61,1637.42,2024-12-04 22:00:00
5015,98174.6,99000.0,98164.01,98587.32,2218.08,2024-12-04 23:00:00
5016,98587.32,98799.0,98212.53,98296.01,1885.73,2024-12-05 00:00:00
5017,98296.01,98648.47,97888.89,98179.14,2159.71,2024-12-05 01:00:00
5018,98179.14,101616.22,98138.23,101248.19,13614.3,2024-12-05 02:00:00
5019,101248.19,104088.0,101248.19,102964.0,12251.75,2024-12-05 03:00:00
5020,102964.0,103544.71,102484.0,103339.96,4204.1,2024-12-05 04:00:00
5021,103339.96,103455.13,101706.35,102450.01,3818.62,2024-12-05 05:00:00
5022,102450.01,102662.46,101421.59,101904.02,3820.02,2024-12-05 06:00:00
5023,101904.02,102560.76,101324.16,102236.1,3087.83,2024-12-05 07:00:00
5024,102236.1,102899.99,102236.1,102764.0,3813.38,2024-12-05 08:00:00
5025,102764.01,103159.76,102565.63,102698.24,2204.4,2024-12-05 09:00:00
5026,102698.25,102920.0,102260.0,102280.62,1591.37,2024-12-05 10:00:00
5027,102280.62,102672.84,102237.79,102566.91,1395.71,2024-12-05 11:00:00
5028,102566.91,103295.99,102452.95,102846.15,2215.64,2024-12-05 12:00:00
5029,102846.16,103250.0,102684.73,103006.42,1259.18,2024-12-05 13:00:00
